subject,model,test_trial,test_condition,window_s,n_windows,n_correct,accuracy,auc
01,eog_ts,0,MovingVideo,1,596,312,0.5234899328859061,0.5320368451871538
01,eog_ts,0,MovingVideo,2,298,167,0.5604026845637584,0.5539840547723075
01,eog_ts,0,MovingVideo,5,118,64,0.5423728813559322,0.6173513358230394
01,eog_ts,0,MovingVideo,10,58,34,0.5862068965517241,0.6278240190249703
01,eog_ts,0,MovingVideo,30,18,11,0.6111111111111112,0.6790123456790124
01,eog_ts,0,MovingVideo,60,8,5,0.625,0.8125
01,eog_ts,1,NoVisuals,1,596,258,0.43288590604026844,0.4219404531327418
01,eog_ts,1,NoVisuals,2,298,140,0.4697986577181208,0.4355209224809693
01,eog_ts,1,NoVisuals,5,118,60,0.5084745762711864,0.5073254811835679
01,eog_ts,1,NoVisuals,10,58,29,0.5,0.5208085612366231
01,eog_ts,1,NoVisuals,30,18,9,0.5,0.6049382716049383
01,eog_ts,1,NoVisuals,60,8,4,0.5,0.6875
01,eog_ts,2,FixedVideo,1,596,413,0.6929530201342282,0.797092473312013
01,eog_ts,2,FixedVideo,2,298,213,0.714765100671141,0.853925498851403
01,eog_ts,2,FixedVideo,5,118,83,0.7033898305084746,0.8302212008043666
01,eog_ts,2,FixedVideo,10,58,48,0.8275862068965517,0.906064209274673
01,eog_ts,2,FixedVideo,30,18,17,0.9444444444444444,0.9876543209876543
01,eog_ts,2,FixedVideo,60,8,7,0.875,1.0
01,eog_ts,3,MovingVideo,1,596,264,0.4429530201342282,0.44577946939327057
01,eog_ts,3,MovingVideo,2,298,131,0.4395973154362416,0.43115174992117467
01,eog_ts,3,MovingVideo,5,118,52,0.4406779661016949,0.45705257110025854
01,eog_ts,3,MovingVideo,10,58,29,0.5,0.4684898929845422
01,eog_ts,3,MovingVideo,30,18,7,0.3888888888888889,0.4320987654320988
01,eog_ts,3,MovingVideo,60,8,5,0.625,0.4375
01,eog_ts,4,NoVisuals,1,596,297,0.4983221476510067,0.5326224043961983
01,eog_ts,4,NoVisuals,2,298,150,0.5033557046979866,0.5142561145894329
01,eog_ts,4,NoVisuals,5,118,64,0.5423728813559322,0.5518529158287848
01,eog_ts,4,NoVisuals,10,58,31,0.5344827586206896,0.535077288941736
01,eog_ts,4,NoVisuals,30,18,9,0.5,0.5061728395061729
01,eog_ts,4,NoVisuals,60,8,3,0.375,0.5
01,eog_ts,5,FixedVideo,1,596,390,0.6543624161073825,0.7351132831854421
01,eog_ts,5,FixedVideo,2,298,209,0.7013422818791947,0.8059096437097428
01,eog_ts,5,FixedVideo,5,118,81,0.6864406779661016,0.8310830221200803
01,eog_ts,5,FixedVideo,10,58,40,0.6896551724137931,0.8608799048751486
01,eog_ts,5,FixedVideo,30,18,12,0.6666666666666666,1.0
01,eog_ts,5,FixedVideo,60,8,5,0.625,1.0
01,eeg_csp,0,MovingVideo,1,596,397,0.6661073825503355,0.686365479032476
01,eeg_csp,0,MovingVideo,2,298,208,0.697986577181208,0.7333453448042881
01,eeg_csp,0,MovingVideo,5,118,79,0.6694915254237288,0.7604136742315426
01,eeg_csp,0,MovingVideo,10,58,41,0.7068965517241379,0.797859690844233
01,eeg_csp,0,MovingVideo,30,18,13,0.7222222222222222,0.8888888888888888
01,eeg_csp,0,MovingVideo,60,8,7,0.875,1.0
01,eeg_csp,1,NoVisuals,1,596,431,0.7231543624161074,0.8820098193775054
01,eeg_csp,1,NoVisuals,2,298,194,0.6510067114093959,0.874104770055403
01,eeg_csp,1,NoVisuals,5,118,81,0.6864406779661016,0.8991669060614766
01,eeg_csp,1,NoVisuals,10,58,43,0.7413793103448276,0.9274673008323425
01,eeg_csp,1,NoVisuals,30,18,14,0.7777777777777778,1.0
01,eeg_csp,1,NoVisuals,60,8,7,0.875,1.0
01,eeg_csp,2,FixedVideo,1,596,182,0.3053691275167785,0.4142043151209405
01,eeg_csp,2,FixedVideo,2,298,91,0.3053691275167785,0.4343047610467997
01,eeg_csp,2,FixedVideo,5,118,33,0.2796610169491525,0.4386670496983625
01,eeg_csp,2,FixedVideo,10,58,17,0.29310344827586204,0.4066587395957194
01,eeg_csp,2,FixedVideo,30,18,5,0.2777777777777778,0.33333333333333337
01,eeg_csp,2,FixedVideo,60,8,2,0.25,0.25
01,eeg_csp,3,MovingVideo,1,596,235,0.39429530201342283,0.35899283816044325
01,eeg_csp,3,MovingVideo,2,298,106,0.35570469798657717,0.33165172739966664
01,eeg_csp,3,MovingVideo,5,118,39,0.3305084745762712,0.27118644067796605
01,eeg_csp,3,MovingVideo,10,58,18,0.3103448275862069,0.27705112960761
01,eeg_csp,3,MovingVideo,30,18,7,0.3888888888888889,0.2962962962962963
01,eeg_csp,3,MovingVideo,60,8,2,0.25,0.375
01,eeg_csp,4,NoVisuals,1,596,440,0.738255033557047,0.8181613440835999
01,eeg_csp,4,NoVisuals,2,298,216,0.7248322147651006,0.8333858835187605
01,eeg_csp,4,NoVisuals,5,118,75,0.635593220338983,0.8715886239586326
01,eeg_csp,4,NoVisuals,10,58,37,0.6379310344827587,0.9357907253269917
01,eeg_csp,4,NoVisuals,30,18,11,0.6111111111111112,0.9876543209876543
01,eeg_csp,4,NoVisuals,60,8,5,0.625,1.0
01,eeg_csp,5,FixedVideo,1,596,304,0.5100671140939598,0.9207130309445521
01,eeg_csp,5,FixedVideo,2,298,152,0.5100671140939598,0.9444619611729201
01,eeg_csp,5,FixedVideo,5,118,59,0.5,0.9796035621947716
01,eeg_csp,5,FixedVideo,10,58,29,0.5,0.995243757431629
01,eeg_csp,5,FixedVideo,30,18,9,0.5,1.0
01,eeg_csp,5,FixedVideo,60,8,4,0.5,1.0
01,eeg_ts,0,MovingVideo,1,596,333,0.5587248322147651,0.5822260258546912
01,eeg_ts,0,MovingVideo,2,298,156,0.5234899328859061,0.5880365749290573
01,eeg_ts,0,MovingVideo,5,118,68,0.576271186440678,0.599253088193048
01,eeg_ts,0,MovingVideo,10,58,33,0.5689655172413793,0.6135552913198573
01,eeg_ts,0,MovingVideo,30,18,10,0.5555555555555556,0.654320987654321
01,eeg_ts,0,MovingVideo,60,8,4,0.5,0.75
01,eeg_ts,1,NoVisuals,1,596,399,0.6694630872483222,0.7294491239133372
01,eeg_ts,1,NoVisuals,2,298,207,0.6946308724832215,0.7765415972253502
01,eeg_ts,1,NoVisuals,5,118,82,0.6949152542372882,0.7813846595805803
01,eeg_ts,1,NoVisuals,10,58,46,0.7931034482758621,0.8656361474435197
01,eeg_ts,1,NoVisuals,30,18,17,0.9444444444444444,0.9382716049382716
01,eeg_ts,1,NoVisuals,60,8,7,0.875,1.0
01,eeg_ts,2,FixedVideo,1,596,235,0.39429530201342283,0.40459889194180443
01,eeg_ts,2,FixedVideo,2,298,127,0.4261744966442953,0.4107022206206928
01,eeg_ts,2,FixedVideo,5,118,48,0.4067796610169492,0.44987072680264295
01,eeg_ts,2,FixedVideo,10,58,25,0.43103448275862066,0.4518430439952438
01,eeg_ts,2,FixedVideo,30,18,6,0.3333333333333333,0.43209876543209874
01,eeg_ts,2,FixedVideo,60,8,3,0.375,0.375
01,eeg_ts,3,MovingVideo,1,596,225,0.3775167785234899,0.3450970676996532
01,eeg_ts,3,MovingVideo,2,298,116,0.38926174496644295,0.3452997612720148
01,eeg_ts,3,MovingVideo,5,118,44,0.3728813559322034,0.33438667049698356
01,eeg_ts,3,MovingVideo,10,58,21,0.3620689655172414,0.30439952437574314
01,eeg_ts,3,MovingVideo,30,18,5,0.2777777777777778,0.1851851851851852
01,eeg_ts,3,MovingVideo,60,8,3,0.375,0.1875
01,eeg_ts,4,NoVisuals,1,596,283,0.4748322147651007,0.47447187063645785
01,eeg_ts,4,NoVisuals,2,298,141,0.47315436241610737,0.4565560109904959
01,eeg_ts,4,NoVisuals,5,118,57,0.4830508474576271,0.4142487790864694
01,eeg_ts,4,NoVisuals,10,58,27,0.46551724137931033,0.40071343638525564
01,eeg_ts,4,NoVisuals,30,18,7,0.3888888888888889,0.37037037037037035
01,eeg_ts,4,NoVisuals,60,8,3,0.375,0.3125
01,eeg_ts,5,FixedVideo,1,596,290,0.4865771812080537,0.5764943020584659
01,eeg_ts,5,FixedVideo,2,298,149,0.5,0.6644745732174225
01,eeg_ts,5,FixedVideo,5,118,61,0.5169491525423728,0.8046538351048549
01,eeg_ts,5,FixedVideo,10,58,29,0.5,0.8394768133174793
01,eeg_ts,5,FixedVideo,30,18,9,0.5,0.9012345679012346
01,eeg_ts,5,FixedVideo,60,8,4,0.5,1.0
01,eeg_eogreg_ts,0,MovingVideo,1,596,311,0.5218120805369127,0.5410679699112653
01,eeg_eogreg_ts,0,MovingVideo,2,298,164,0.5503355704697986,0.5490293230034683
01,eeg_eogreg_ts,0,MovingVideo,5,118,65,0.5508474576271186,0.5429474288997415
01,eeg_eogreg_ts,0,MovingVideo,10,58,35,0.603448275862069,0.530321046373365
01,eeg_eogreg_ts,0,MovingVideo,30,18,11,0.6111111111111112,0.6049382716049383
01,eeg_eogreg_ts,0,MovingVideo,60,8,4,0.5,0.75
01,eeg_eogreg_ts,1,NoVisuals,1,596,428,0.7181208053691275,0.8156389351830999
01,eeg_eogreg_ts,1,NoVisuals,2,298,224,0.7516778523489933,0.8336110985991622
01,eeg_eogreg_ts,1,NoVisuals,5,118,87,0.7372881355932204,0.8549267451881644
01,eeg_eogreg_ts,1,NoVisuals,10,58,46,0.7931034482758621,0.9239001189060643
01,eeg_eogreg_ts,1,NoVisuals,30,18,15,0.8333333333333334,0.9753086419753085
01,eeg_eogreg_ts,1,NoVisuals,60,8,7,0.875,1.0
01,eeg_eogreg_ts,2,FixedVideo,1,596,225,0.3775167785234899,0.3350412143597135
01,eeg_eogreg_ts,2,FixedVideo,2,298,112,0.37583892617449666,0.3076437998288365
01,eeg_eogreg_ts,2,FixedVideo,5,118,38,0.3220338983050847,0.2861246768170066
01,eeg_eogreg_ts,2,FixedVideo,10,58,17,0.29310344827586204,0.2615933412604043
01,eeg_eogreg_ts,2,FixedVideo,30,18,4,0.2222222222222222,0.17283950617283952
01,eeg_eogreg_ts,2,FixedVideo,60,8,2,0.25,0.125
01,eeg_eogreg_ts,3,MovingVideo,1,596,211,0.3540268456375839,0.3124859240574749
01,eeg_eogreg_ts,3,MovingVideo,2,298,109,0.36577181208053694,0.3199855862348543
01,eeg_eogreg_ts,3,MovingVideo,5,118,47,0.3983050847457627,0.3297902901465096
01,eeg_eogreg_ts,3,MovingVideo,10,58,20,0.3448275862068966,0.29250891795481576
01,eeg_eogreg_ts,3,MovingVideo,30,18,6,0.3333333333333333,0.25925925925925924
01,eeg_eogreg_ts,3,MovingVideo,60,8,4,0.5,0.3125
01,eeg_eogreg_ts,4,NoVisuals,1,596,279,0.46812080536912754,0.43522814287644707
01,eeg_eogreg_ts,4,NoVisuals,2,298,126,0.4228187919463087,0.41214359713526416
01,eeg_eogreg_ts,4,NoVisuals,5,118,45,0.3813559322033898,0.3366848606722206
01,eeg_eogreg_ts,4,NoVisuals,10,58,22,0.3793103448275862,0.3293697978596909
01,eeg_eogreg_ts,4,NoVisuals,30,18,7,0.3888888888888889,0.2962962962962963
01,eeg_eogreg_ts,4,NoVisuals,60,8,3,0.375,0.125
01,eeg_eogreg_ts,5,FixedVideo,1,596,284,0.47651006711409394,0.569580199090131
01,eeg_eogreg_ts,5,FixedVideo,2,298,145,0.4865771812080537,0.605558308184316
01,eeg_eogreg_ts,5,FixedVideo,5,118,62,0.5254237288135594,0.6394714162596955
01,eeg_eogreg_ts,5,FixedVideo,10,58,29,0.5,0.6658739595719382
01,eeg_eogreg_ts,5,FixedVideo,30,18,9,0.5,0.691358024691358
01,eeg_eogreg_ts,5,FixedVideo,60,8,4,0.5,0.5625
01,eeg_post_ts,0,MovingVideo,1,596,303,0.5083892617449665,0.5108215846133057
01,eeg_post_ts,0,MovingVideo,2,298,152,0.5100671140939598,0.5028151885050223
01,eeg_post_ts,0,MovingVideo,5,118,55,0.4661016949152542,0.4961218040792876
01,eeg_post_ts,0,MovingVideo,10,58,28,0.4827586206896552,0.48989298454221164
01,eeg_post_ts,0,MovingVideo,30,18,9,0.5,0.4444444444444445
01,eeg_post_ts,0,MovingVideo,60,8,5,0.625,0.5625
01,eeg_post_ts,1,NoVisuals,1,596,378,0.6342281879194631,0.7424552948065402
01,eeg_post_ts,1,NoVisuals,2,298,196,0.6577181208053692,0.7472185937570379
01,eeg_post_ts,1,NoVisuals,5,118,74,0.6271186440677966,0.7167480609020396
01,eeg_post_ts,1,NoVisuals,10,58,40,0.6896551724137931,0.8026159334126041
01,eeg_post_ts,1,NoVisuals,30,18,12,0.6666666666666666,0.9382716049382716
01,eeg_post_ts,1,NoVisuals,60,8,5,0.625,1.0
01,eeg_post_ts,2,FixedVideo,1,596,368,0.6174496644295302,0.6897549659925228
01,eeg_post_ts,2,FixedVideo,2,298,183,0.6140939597315436,0.703166524030449
01,eeg_post_ts,2,FixedVideo,5,118,72,0.6101694915254238,0.7216317150244183
01,eeg_post_ts,2,FixedVideo,10,58,41,0.7068965517241379,0.7788347205707491
01,eeg_post_ts,2,FixedVideo,30,18,12,0.6666666666666666,0.8765432098765433
01,eeg_post_ts,2,FixedVideo,60,8,6,0.75,0.9375
01,eeg_post_ts,3,MovingVideo,1,596,333,0.5587248322147651,0.5795797486599703
01,eeg_post_ts,3,MovingVideo,2,298,178,0.5973154362416108,0.6188459979280213
01,eeg_post_ts,3,MovingVideo,5,118,75,0.635593220338983,0.6228095374892272
01,eeg_post_ts,3,MovingVideo,10,58,37,0.6379310344827587,0.6420927467300832
01,eeg_post_ts,3,MovingVideo,30,18,11,0.6111111111111112,0.6419753086419753
01,eeg_post_ts,3,MovingVideo,60,8,6,0.75,0.9375
01,eeg_post_ts,4,NoVisuals,1,596,345,0.5788590604026845,0.6986284401603531
01,eeg_post_ts,4,NoVisuals,2,298,175,0.587248322147651,0.7302373766947435
01,eeg_post_ts,4,NoVisuals,5,118,69,0.5847457627118644,0.7538063774777363
01,eeg_post_ts,4,NoVisuals,10,58,33,0.5689655172413793,0.7824019024970275
01,eeg_post_ts,4,NoVisuals,30,18,11,0.6111111111111112,0.8641975308641976
01,eeg_post_ts,4,NoVisuals,60,8,4,0.5,0.875
01,eeg_post_ts,5,FixedVideo,1,596,312,0.5234899328859061,0.6449709472546282
01,eeg_post_ts,5,FixedVideo,2,298,154,0.5167785234899329,0.665645691635512
01,eeg_post_ts,5,FixedVideo,5,118,65,0.5508474576271186,0.6860097673082447
01,eeg_post_ts,5,FixedVideo,10,58,28,0.4827586206896552,0.7348394768133175
01,eeg_post_ts,5,FixedVideo,30,18,9,0.5,0.7654320987654321
01,eeg_post_ts,5,FixedVideo,60,8,4,0.5,0.75
01,eeg_alpha_ts,0,MovingVideo,1,596,287,0.4815436241610738,0.46164587180757627
01,eeg_alpha_ts,0,MovingVideo,2,298,153,0.5134228187919463,0.4850682401693617
01,eeg_alpha_ts,0,MovingVideo,5,118,59,0.5,0.525711002585464
01,eeg_alpha_ts,0,MovingVideo,10,58,33,0.5689655172413793,0.5279429250891796
01,eeg_alpha_ts,0,MovingVideo,30,18,9,0.5,0.6049382716049383
01,eeg_alpha_ts,0,MovingVideo,60,8,5,0.625,0.6875
01,eeg_alpha_ts,1,NoVisuals,1,596,337,0.5654362416107382,0.572868339263997
01,eeg_alpha_ts,1,NoVisuals,2,298,182,0.610738255033557,0.640286473582271
01,eeg_alpha_ts,1,NoVisuals,5,118,73,0.6186440677966102,0.6693478885377764
01,eeg_alpha_ts,1,NoVisuals,10,58,39,0.6724137931034483,0.751486325802616
01,eeg_alpha_ts,1,NoVisuals,30,18,12,0.6666666666666666,0.802469135802469
01,eeg_alpha_ts,1,NoVisuals,60,8,7,0.875,0.8125
01,eeg_alpha_ts,2,FixedVideo,1,596,252,0.4228187919463087,0.3613463357506419
01,eeg_alpha_ts,2,FixedVideo,2,298,114,0.3825503355704698,0.31016620872933653
01,eeg_alpha_ts,2,FixedVideo,5,118,46,0.3898305084745763,0.27061189313415684
01,eeg_alpha_ts,2,FixedVideo,10,58,21,0.3620689655172414,0.20570749108204517
01,eeg_alpha_ts,2,FixedVideo,30,18,3,0.16666666666666666,0.13580246913580246
01,eeg_alpha_ts,2,FixedVideo,60,8,2,0.25,0.125
01,eeg_alpha_ts,3,MovingVideo,1,596,281,0.4714765100671141,0.4578960407188865
01,eeg_alpha_ts,3,MovingVideo,2,298,147,0.49328859060402686,0.47479843250304044
01,eeg_alpha_ts,3,MovingVideo,5,118,60,0.5084745762711864,0.48635449583453033
01,eeg_alpha_ts,3,MovingVideo,10,58,29,0.5,0.450653983353151
01,eeg_alpha_ts,3,MovingVideo,30,18,11,0.6111111111111112,0.49382716049382713
01,eeg_alpha_ts,3,MovingVideo,60,8,5,0.625,0.625
01,eeg_alpha_ts,4,NoVisuals,1,596,272,0.4563758389261745,0.4261294536282149
01,eeg_alpha_ts,4,NoVisuals,2,298,123,0.412751677852349,0.38601864780865724
01,eeg_alpha_ts,4,NoVisuals,5,118,47,0.3983050847457627,0.3573685722493536
01,eeg_alpha_ts,4,NoVisuals,10,58,22,0.3793103448275862,0.3281807372175981
01,eeg_alpha_ts,4,NoVisuals,30,18,6,0.3333333333333333,0.28395061728395066
01,eeg_alpha_ts,4,NoVisuals,60,8,2,0.25,0.0625
01,eeg_alpha_ts,5,FixedVideo,1,596,322,0.540268456375839,0.5783298049637404
01,eeg_alpha_ts,5,FixedVideo,2,298,162,0.5436241610738255,0.6188459979280213
01,eeg_alpha_ts,5,FixedVideo,5,118,68,0.576271186440678,0.670496983625395
01,eeg_alpha_ts,5,FixedVideo,10,58,32,0.5517241379310345,0.6860879904875149
01,eeg_alpha_ts,5,FixedVideo,30,18,9,0.5,0.7777777777777778
01,eeg_alpha_ts,5,FixedVideo,60,8,4,0.5,0.9375
01,gazectrl_ts,0,MovingVideo,1,596,286,0.4798657718120805,0.45946128552767895
01,gazectrl_ts,0,MovingVideo,2,298,137,0.4597315436241611,0.4479077519030675
01,gazectrl_ts,0,MovingVideo,5,118,45,0.3813559322033898,0.403045101982189
01,gazectrl_ts,0,MovingVideo,10,58,26,0.4482758620689655,0.3912009512485137
01,gazectrl_ts,0,MovingVideo,30,18,8,0.4444444444444444,0.3950617283950617
01,gazectrl_ts,0,MovingVideo,60,8,4,0.5,0.5
01,gazectrl_ts,1,NoVisuals,1,596,329,0.552013422818792,0.5735439845052025
01,gazectrl_ts,1,NoVisuals,2,298,152,0.5100671140939598,0.5456961398135218
01,gazectrl_ts,1,NoVisuals,5,118,64,0.5423728813559322,0.5883366848606721
01,gazectrl_ts,1,NoVisuals,10,58,30,0.5172413793103449,0.6218787158145065
01,gazectrl_ts,1,NoVisuals,30,18,12,0.6666666666666666,0.7530864197530864
01,gazectrl_ts,1,NoVisuals,60,8,5,0.625,0.8125
01,gazectrl_ts,2,FixedVideo,1,596,316,0.5302013422818792,0.5280054952479618
01,gazectrl_ts,2,FixedVideo,2,298,153,0.5134228187919463,0.5296157830728345
01,gazectrl_ts,2,FixedVideo,5,118,68,0.576271186440678,0.557885665038782
01,gazectrl_ts,2,FixedVideo,10,58,31,0.5344827586206896,0.5600475624256837
01,gazectrl_ts,2,FixedVideo,30,18,12,0.6666666666666666,0.6296296296296298
01,gazectrl_ts,2,FixedVideo,60,8,5,0.625,0.625
01,gazectrl_ts,3,MovingVideo,1,596,316,0.5302013422818792,0.541540921580109
01,gazectrl_ts,3,MovingVideo,2,298,153,0.5134228187919463,0.5145263726859151
01,gazectrl_ts,3,MovingVideo,5,118,61,0.5169491525423728,0.5590347601264004
01,gazectrl_ts,3,MovingVideo,10,58,33,0.5689655172413793,0.61474435196195
01,gazectrl_ts,3,MovingVideo,30,18,11,0.6111111111111112,0.6419753086419753
01,gazectrl_ts,3,MovingVideo,60,8,6,0.75,0.75
01,gazectrl_ts,4,NoVisuals,1,596,313,0.5251677852348994,0.5600986442052159
01,gazectrl_ts,4,NoVisuals,2,298,154,0.5167785234899329,0.5534435385793433
01,gazectrl_ts,4,NoVisuals,5,118,59,0.5,0.5389255960930767
01,gazectrl_ts,4,NoVisuals,10,58,30,0.5172413793103449,0.5743162901307967
01,gazectrl_ts,4,NoVisuals,30,18,11,0.6111111111111112,0.6419753086419753
01,gazectrl_ts,4,NoVisuals,60,8,4,0.5,0.625
01,gazectrl_ts,5,FixedVideo,1,596,316,0.5302013422818792,0.5646029458132517
01,gazectrl_ts,5,FixedVideo,2,298,158,0.5302013422818792,0.5485788928426647
01,gazectrl_ts,5,FixedVideo,5,118,60,0.5084745762711864,0.5820166618787704
01,gazectrl_ts,5,FixedVideo,10,58,27,0.46551724137931033,0.5600475624256838
01,gazectrl_ts,5,FixedVideo,30,18,8,0.4444444444444444,0.6172839506172839
01,gazectrl_ts,5,FixedVideo,60,8,4,0.5,0.75
01,gazectrl_csp,0,MovingVideo,1,596,261,0.43791946308724833,0.4270077924417819
01,gazectrl_csp,0,MovingVideo,2,298,122,0.40939597315436244,0.40502680059456786
01,gazectrl_csp,0,MovingVideo,5,118,44,0.3728813559322034,0.34817581154840554
01,gazectrl_csp,0,MovingVideo,10,58,18,0.3103448275862069,0.2782401902497027
01,gazectrl_csp,0,MovingVideo,30,18,6,0.3333333333333333,0.25925925925925924
01,gazectrl_csp,0,MovingVideo,60,8,2,0.25,0.1875
01,gazectrl_csp,1,NoVisuals,1,596,345,0.5788590604026845,0.6160645916850592
01,gazectrl_csp,1,NoVisuals,2,298,172,0.5771812080536913,0.6186207828476195
01,gazectrl_csp,1,NoVisuals,5,118,64,0.5423728813559322,0.6432059752944556
01,gazectrl_csp,1,NoVisuals,10,58,38,0.6551724137931034,0.6753864447086801
01,gazectrl_csp,1,NoVisuals,30,18,10,0.5555555555555556,0.8641975308641976
01,gazectrl_csp,1,NoVisuals,60,8,5,0.625,0.9375
01,gazectrl_csp,2,FixedVideo,1,596,272,0.4563758389261745,0.4506215936219089
01,gazectrl_csp,2,FixedVideo,2,298,138,0.46308724832214765,0.4449799558578443
01,gazectrl_csp,2,FixedVideo,5,118,56,0.4745762711864407,0.451307095662166
01,gazectrl_csp,2,FixedVideo,10,58,26,0.4482758620689655,0.37574316290130805
01,gazectrl_csp,2,FixedVideo,30,18,7,0.3888888888888889,0.33333333333333337
01,gazectrl_csp,2,FixedVideo,60,8,3,0.375,0.125
01,gazectrl_csp,3,MovingVideo,1,596,303,0.5083892617449665,0.5019030674293951
01,gazectrl_csp,3,MovingVideo,2,298,145,0.4865771812080537,0.4824557452367011
01,gazectrl_csp,3,MovingVideo,5,118,62,0.5254237288135594,0.4875035909221488
01,gazectrl_csp,3,MovingVideo,10,58,29,0.5,0.45422116527942924
01,gazectrl_csp,3,MovingVideo,30,18,7,0.3888888888888889,0.43209876543209874
01,gazectrl_csp,3,MovingVideo,60,8,4,0.5,0.5
01,gazectrl_csp,4,NoVisuals,1,596,313,0.5251677852348994,0.558578442412504
01,gazectrl_csp,4,NoVisuals,2,298,158,0.5302013422818792,0.5942074681320662
01,gazectrl_csp,4,NoVisuals,5,118,67,0.5677966101694916,0.6058603849468543
01,gazectrl_csp,4,NoVisuals,10,58,33,0.5689655172413793,0.6492271105826396
01,gazectrl_csp,4,NoVisuals,30,18,10,0.5555555555555556,0.7407407407407407
01,gazectrl_csp,4,NoVisuals,60,8,4,0.5,0.9375
01,gazectrl_csp,5,FixedVideo,1,596,314,0.5268456375838926,0.5967749200486465
01,gazectrl_csp,5,FixedVideo,2,298,153,0.5134228187919463,0.6006936624476374
01,gazectrl_csp,5,FixedVideo,5,118,61,0.5169491525423728,0.5906348750359092
01,gazectrl_csp,5,FixedVideo,10,58,30,0.5172413793103449,0.6099881093935791
01,gazectrl_csp,5,FixedVideo,30,18,9,0.5,0.654320987654321
01,gazectrl_csp,5,FixedVideo,60,8,4,0.5,1.0
03,eog_ts,0,MovingVideo,1,596,318,0.5335570469798657,0.5640511688662673
03,eog_ts,0,MovingVideo,2,298,159,0.5335570469798657,0.6041169316697446
03,eog_ts,0,MovingVideo,5,118,64,0.5423728813559322,0.6400459638035048
03,eog_ts,0,MovingVideo,10,58,32,0.5517241379310345,0.6718192627824019
03,eog_ts,0,MovingVideo,30,18,11,0.6111111111111112,0.7160493827160495
03,eog_ts,0,MovingVideo,60,8,4,0.5,0.8125
03,eog_ts,1,NoVisuals,1,596,269,0.4513422818791946,0.43726633935408316
03,eog_ts,1,NoVisuals,2,298,137,0.4597315436241611,0.44295302013422816
03,eog_ts,1,NoVisuals,5,118,49,0.4152542372881356,0.391554151106004
03,eog_ts,1,NoVisuals,10,58,23,0.39655172413793105,0.36028537455410226
03,eog_ts,1,NoVisuals,30,18,8,0.4444444444444444,0.24691358024691362
03,eog_ts,1,NoVisuals,60,8,3,0.375,0.3125
03,eog_ts,2,FixedVideo,1,596,373,0.6258389261744967,0.6679428854556101
03,eog_ts,2,FixedVideo,2,298,199,0.6677852348993288,0.7558668528444664
03,eog_ts,2,FixedVideo,5,118,91,0.7711864406779662,0.8669922436081585
03,eog_ts,2,FixedVideo,10,58,46,0.7931034482758621,0.896551724137931
03,eog_ts,2,FixedVideo,30,18,16,0.8888888888888888,0.9876543209876543
03,eog_ts,2,FixedVideo,60,8,8,1.0,1.0
03,eog_ts,3,MovingVideo,1,596,281,0.4714765100671141,0.4843700734201162
03,eog_ts,3,MovingVideo,2,298,135,0.45302013422818793,0.47020404486284406
03,eog_ts,3,MovingVideo,5,118,63,0.5338983050847458,0.4852054007469118
03,eog_ts,3,MovingVideo,10,58,25,0.43103448275862066,0.4482758620689655
03,eog_ts,3,MovingVideo,30,18,8,0.4444444444444444,0.49382716049382713
03,eog_ts,3,MovingVideo,60,8,4,0.5,0.5
03,eog_ts,4,NoVisuals,1,596,285,0.47818791946308725,0.4787960001801721
03,eog_ts,4,NoVisuals,2,298,137,0.4597315436241611,0.5033557046979866
03,eog_ts,4,NoVisuals,5,118,61,0.5169491525423728,0.5443837977592646
03,eog_ts,4,NoVisuals,10,58,34,0.5862068965517241,0.5969084423305588
03,eog_ts,4,NoVisuals,30,18,12,0.6666666666666666,0.7160493827160495
03,eog_ts,4,NoVisuals,60,8,7,0.875,0.8125
03,eog_ts,5,FixedVideo,1,596,396,0.6644295302013423,0.7277937930723841
03,eog_ts,5,FixedVideo,2,298,221,0.7416107382550335,0.8181613440835999
03,eog_ts,5,FixedVideo,5,118,101,0.8559322033898306,0.9049123814995691
03,eog_ts,5,FixedVideo,10,58,52,0.896551724137931,0.9357907253269916
03,eog_ts,5,FixedVideo,30,18,17,0.9444444444444444,0.9876543209876543
03,eog_ts,5,FixedVideo,60,8,8,1.0,1.0
03,eeg_csp,0,MovingVideo,1,596,338,0.5671140939597316,0.5822598081167515
03,eeg_csp,0,MovingVideo,2,298,160,0.5369127516778524,0.5206522228728436
03,eeg_csp,0,MovingVideo,5,118,60,0.5084745762711864,0.4714162596954898
03,eeg_csp,0,MovingVideo,10,58,31,0.5344827586206896,0.45065398335315104
03,eeg_csp,0,MovingVideo,30,18,9,0.5,0.4938271604938272
03,eeg_csp,0,MovingVideo,60,8,4,0.5,0.5625
03,eeg_csp,1,NoVisuals,1,596,277,0.46476510067114096,0.44969821179226155
03,eeg_csp,1,NoVisuals,2,298,141,0.47315436241610737,0.42043151209404983
03,eeg_csp,1,NoVisuals,5,118,43,0.3644067796610169,0.2740591783970124
03,eeg_csp,1,NoVisuals,10,58,14,0.2413793103448276,0.16765755053507728
03,eeg_csp,1,NoVisuals,30,18,2,0.1111111111111111,0.012345679012345684
03,eeg_csp,1,NoVisuals,60,8,0,0.0,0.0
03,eeg_csp,2,FixedVideo,1,596,95,0.1593959731543624,0.08079591009413992
03,eeg_csp,2,FixedVideo,2,298,39,0.13087248322147652,0.06630331967028513
03,eeg_csp,2,FixedVideo,5,118,12,0.1016949152542373,0.0525711002585464
03,eeg_csp,2,FixedVideo,10,58,4,0.06896551724137931,0.03923900118906064
03,eeg_csp,2,FixedVideo,30,18,1,0.05555555555555555,0.024691358024691357
03,eeg_csp,2,FixedVideo,60,8,1,0.125,0.0
03,eeg_csp,3,MovingVideo,1,596,228,0.3825503355704698,0.11249493266069095
03,eeg_csp,3,MovingVideo,2,298,121,0.40604026845637586,0.09215801090040988
03,eeg_csp,3,MovingVideo,5,118,48,0.4067796610169492,0.09192760700948004
03,eeg_csp,3,MovingVideo,10,58,23,0.39655172413793105,0.048751486325802604
03,eeg_csp,3,MovingVideo,30,18,8,0.4444444444444444,0.024691358024691357
03,eeg_csp,3,MovingVideo,60,8,3,0.375,0.0
03,eeg_csp,4,NoVisuals,1,596,216,0.3624161073825503,0.19689428404125942
03,eeg_csp,4,NoVisuals,2,298,111,0.3724832214765101,0.16071348137471286
03,eeg_csp,4,NoVisuals,5,118,46,0.3898305084745763,0.13875323182993393
03,eeg_csp,4,NoVisuals,10,58,24,0.41379310344827586,0.10463733650416172
03,eeg_csp,4,NoVisuals,30,18,8,0.4444444444444444,0.04938271604938272
03,eeg_csp,4,NoVisuals,60,8,4,0.5,0.0
03,eeg_csp,5,FixedVideo,1,596,295,0.4949664429530201,0.5824174586730329
03,eeg_csp,5,FixedVideo,2,298,147,0.49328859060402686,0.5988468987883429
03,eeg_csp,5,FixedVideo,5,118,58,0.4915254237288136,0.5797184717035334
03,eeg_csp,5,FixedVideo,10,58,29,0.5,0.5802615933412604
03,eeg_csp,5,FixedVideo,30,18,9,0.5,0.617283950617284
03,eeg_csp,5,FixedVideo,60,8,4,0.5,0.625
03,eeg_ts,0,MovingVideo,1,596,282,0.47315436241610737,0.4355997477591099
03,eeg_ts,0,MovingVideo,2,298,152,0.5100671140939598,0.4770956263231385
03,eeg_ts,0,MovingVideo,5,118,59,0.5,0.46423441539787413
03,eeg_ts,0,MovingVideo,10,58,31,0.5344827586206896,0.4637336504161712
03,eeg_ts,0,MovingVideo,30,18,9,0.5,0.4691358024691359
03,eeg_ts,0,MovingVideo,60,8,4,0.5,0.5625
03,eeg_ts,1,NoVisuals,1,596,171,0.28691275167785235,0.15667087068150085
03,eeg_ts,1,NoVisuals,2,298,73,0.24496644295302014,0.10774289446421331
03,eeg_ts,1,NoVisuals,5,118,22,0.1864406779661017,0.04510198218902615
03,eeg_ts,1,NoVisuals,10,58,9,0.15517241379310345,0.013079667063020217
03,eeg_ts,1,NoVisuals,30,18,3,0.16666666666666666,0.0
03,eeg_ts,1,NoVisuals,60,8,0,0.0,0.0
03,eeg_ts,2,FixedVideo,1,596,245,0.4110738255033557,0.3468087023107067
03,eeg_ts,2,FixedVideo,2,298,116,0.38926174496644295,0.35993874149813065
03,eeg_ts,2,FixedVideo,5,118,58,0.4915254237288136,0.4472852628555013
03,eeg_ts,2,FixedVideo,10,58,27,0.46551724137931033,0.4221165279429251
03,eeg_ts,2,FixedVideo,30,18,7,0.3888888888888889,0.3580246913580247
03,eeg_ts,2,FixedVideo,60,8,2,0.25,0.375
03,eeg_ts,3,MovingVideo,1,596,205,0.34395973154362414,0.22753479572992208
03,eeg_ts,3,MovingVideo,2,298,98,0.3288590604026846,0.21922435926309625
03,eeg_ts,3,MovingVideo,5,118,36,0.3050847457627119,0.1947716173513358
03,eeg_ts,3,MovingVideo,10,58,13,0.22413793103448276,0.14625445897740785
03,eeg_ts,3,MovingVideo,30,18,3,0.16666666666666666,0.024691358024691367
03,eeg_ts,3,MovingVideo,60,8,1,0.125,0.0
03,eeg_ts,4,NoVisuals,1,596,244,0.40939597315436244,0.35210125670014863
03,eeg_ts,4,NoVisuals,2,298,114,0.3825503355704698,0.33543534075041664
03,eeg_ts,4,NoVisuals,5,118,50,0.423728813559322,0.3697213444412525
03,eeg_ts,4,NoVisuals,10,58,23,0.39655172413793105,0.31272294887039237
03,eeg_ts,4,NoVisuals,30,18,5,0.2777777777777778,0.2222222222222222
03,eeg_ts,4,NoVisuals,60,8,2,0.25,0.125
03,eeg_ts,5,FixedVideo,1,596,309,0.5184563758389261,0.5282419710823837
03,eeg_ts,5,FixedVideo,2,298,159,0.5335570469798657,0.5980811675149768
03,eeg_ts,5,FixedVideo,5,118,60,0.5084745762711864,0.5429474288997416
03,eeg_ts,5,FixedVideo,10,58,31,0.5344827586206896,0.5850178359096313
03,eeg_ts,5,FixedVideo,30,18,8,0.4444444444444444,0.6790123456790124
03,eeg_ts,5,FixedVideo,60,8,4,0.5,0.625
03,eeg_eogreg_ts,0,MovingVideo,1,596,273,0.45805369127516776,0.4339218954101166
03,eeg_eogreg_ts,0,MovingVideo,2,298,137,0.4597315436241611,0.47705058330705824
03,eeg_eogreg_ts,0,MovingVideo,5,118,59,0.5,0.4923872450445274
03,eeg_eogreg_ts,0,MovingVideo,10,58,31,0.5344827586206896,0.4982164090368609
03,eeg_eogreg_ts,0,MovingVideo,30,18,8,0.4444444444444444,0.49382716049382713
03,eeg_eogreg_ts,0,MovingVideo,60,8,4,0.5,0.625
03,eeg_eogreg_ts,1,NoVisuals,1,596,183,0.3070469798657718,0.1060988243772803
03,eeg_eogreg_ts,1,NoVisuals,2,298,96,0.3221476510067114,0.09062654835367775
03,eeg_eogreg_ts,1,NoVisuals,5,118,32,0.2711864406779661,0.05630565929330651
03,eeg_eogreg_ts,1,NoVisuals,10,58,15,0.25862068965517243,0.020214030915576695
03,eeg_eogreg_ts,1,NoVisuals,30,18,6,0.3333333333333333,0.0
03,eeg_eogreg_ts,1,NoVisuals,60,8,2,0.25,0.0
03,eeg_eogreg_ts,2,FixedVideo,1,596,223,0.37416107382550334,0.30955812801225174
03,eeg_eogreg_ts,2,FixedVideo,2,298,101,0.3389261744966443,0.2853925498851403
03,eeg_eogreg_ts,2,FixedVideo,5,118,43,0.3644067796610169,0.28957196207986213
03,eeg_eogreg_ts,2,FixedVideo,10,58,19,0.3275862068965517,0.24494649227110582
03,eeg_eogreg_ts,2,FixedVideo,30,18,5,0.2777777777777778,0.1358024691358025
03,eeg_eogreg_ts,2,FixedVideo,60,8,1,0.125,0.0
03,eeg_eogreg_ts,3,MovingVideo,1,596,178,0.2986577181208054,0.19787396964100717
03,eeg_eogreg_ts,3,MovingVideo,2,298,77,0.25838926174496646,0.17701905319580197
03,eeg_eogreg_ts,3,MovingVideo,5,118,31,0.2627118644067797,0.13329503016374605
03,eeg_eogreg_ts,3,MovingVideo,10,58,12,0.20689655172413793,0.09155766944114149
03,eeg_eogreg_ts,3,MovingVideo,30,18,1,0.05555555555555555,0.024691358024691367
03,eeg_eogreg_ts,3,MovingVideo,60,8,1,0.125,0.0
03,eeg_eogreg_ts,4,NoVisuals,1,596,220,0.3691275167785235,0.30782397189315797
03,eeg_eogreg_ts,4,NoVisuals,2,298,105,0.3523489932885906,0.31070672492230084
03,eeg_eogreg_ts,4,NoVisuals,5,118,45,0.3813559322033898,0.33840850330364836
03,eeg_eogreg_ts,4,NoVisuals,10,58,21,0.3620689655172414,0.2806183115338882
03,eeg_eogreg_ts,4,NoVisuals,30,18,7,0.3888888888888889,0.19753086419753088
03,eeg_eogreg_ts,4,NoVisuals,60,8,3,0.375,0.125
03,eeg_eogreg_ts,5,FixedVideo,1,596,299,0.5016778523489933,0.4894148912211162
03,eeg_eogreg_ts,5,FixedVideo,2,298,142,0.47651006711409394,0.49804062880050454
03,eeg_eogreg_ts,5,FixedVideo,5,118,56,0.4745762711864407,0.44987072680264295
03,eeg_eogreg_ts,5,FixedVideo,10,58,26,0.4482758620689655,0.4791914387633769
03,eeg_eogreg_ts,5,FixedVideo,30,18,9,0.5,0.39506172839506176
03,eeg_eogreg_ts,5,FixedVideo,60,8,4,0.5,0.375
03,eeg_post_ts,0,MovingVideo,1,596,299,0.5016778523489933,0.4425588937435251
03,eeg_post_ts,0,MovingVideo,2,298,149,0.5,0.3845772712940858
03,eeg_post_ts,0,MovingVideo,5,118,56,0.4745762711864407,0.32490663602413095
03,eeg_post_ts,0,MovingVideo,10,58,28,0.4827586206896552,0.24019024970273484
03,eeg_post_ts,0,MovingVideo,30,18,9,0.5,0.1728395061728395
03,eeg_post_ts,0,MovingVideo,60,8,4,0.5,0.125
03,eeg_post_ts,1,NoVisuals,1,596,255,0.4278523489932886,0.40007206882572854
03,eeg_post_ts,1,NoVisuals,2,298,126,0.4228187919463087,0.3904328633845322
03,eeg_post_ts,1,NoVisuals,5,118,53,0.4491525423728814,0.36225222637173227
03,eeg_post_ts,1,NoVisuals,10,58,22,0.3793103448275862,0.3067776456599287
03,eeg_post_ts,1,NoVisuals,30,18,8,0.4444444444444444,0.24691358024691357
03,eeg_post_ts,1,NoVisuals,60,8,2,0.25,0.1875
03,eeg_post_ts,2,FixedVideo,1,596,284,0.47651006711409394,0.47960677446961847
03,eeg_post_ts,2,FixedVideo,2,298,154,0.5167785234899329,0.48705013287689747
03,eeg_post_ts,2,FixedVideo,5,118,61,0.5169491525423728,0.5096236713588049
03,eeg_post_ts,2,FixedVideo,10,58,31,0.5344827586206896,0.5231866825208086
03,eeg_post_ts,2,FixedVideo,30,18,10,0.5555555555555556,0.6049382716049383
03,eeg_post_ts,2,FixedVideo,60,8,5,0.625,0.75
03,eeg_post_ts,3,MovingVideo,1,596,251,0.4211409395973154,0.3923359308139273
03,eeg_post_ts,3,MovingVideo,2,298,126,0.4228187919463087,0.36426287104184496
03,eeg_post_ts,3,MovingVideo,5,118,48,0.4067796610169492,0.3274920999712726
03,eeg_post_ts,3,MovingVideo,10,58,18,0.3103448275862069,0.26040428061831156
03,eeg_post_ts,3,MovingVideo,30,18,2,0.1111111111111111,0.024691358024691357
03,eeg_post_ts,3,MovingVideo,60,8,1,0.125,0.0
03,eeg_post_ts,4,NoVisuals,1,596,148,0.2483221476510067,0.1834714652493131
03,eeg_post_ts,4,NoVisuals,2,298,72,0.24161073825503357,0.1740912571505788
03,eeg_post_ts,4,NoVisuals,5,118,33,0.2796610169491525,0.1723642631427751
03,eeg_post_ts,4,NoVisuals,10,58,11,0.1896551724137931,0.09393579072532701
03,eeg_post_ts,4,NoVisuals,30,18,2,0.1111111111111111,0.0
03,eeg_post_ts,4,NoVisuals,60,8,1,0.125,0.0
03,eeg_post_ts,5,FixedVideo,1,596,267,0.44798657718120805,0.43865141209855407
03,eeg_post_ts,5,FixedVideo,2,298,139,0.4664429530201342,0.43052114769604977
03,eeg_post_ts,5,FixedVideo,5,118,52,0.4406779661016949,0.4027578282102844
03,eeg_post_ts,5,FixedVideo,10,58,23,0.39655172413793105,0.3638525564803805
03,eeg_post_ts,5,FixedVideo,30,18,4,0.2222222222222222,0.2345679012345679
03,eeg_post_ts,5,FixedVideo,60,8,0,0.0,0.0
03,eeg_alpha_ts,0,MovingVideo,1,596,295,0.4949664429530201,0.4861267510472501
03,eeg_alpha_ts,0,MovingVideo,2,298,150,0.5033557046979866,0.488131165262826
03,eeg_alpha_ts,0,MovingVideo,5,118,57,0.4830508474576271,0.5004309106578569
03,eeg_alpha_ts,0,MovingVideo,10,58,30,0.5172413793103449,0.46848989298454224
03,eeg_alpha_ts,0,MovingVideo,30,18,9,0.5,0.4938271604938272
03,eeg_alpha_ts,0,MovingVideo,60,8,4,0.5,0.5
03,eeg_alpha_ts,1,NoVisuals,1,596,284,0.47651006711409394,0.4613080491869736
03,eeg_alpha_ts,1,NoVisuals,2,298,135,0.45302013422818793,0.43421467501463895
03,eeg_alpha_ts,1,NoVisuals,5,118,46,0.3898305084745763,0.3611031312841137
03,eeg_alpha_ts,1,NoVisuals,10,58,27,0.46551724137931033,0.3353151010701545
03,eeg_alpha_ts,1,NoVisuals,30,18,4,0.2222222222222222,0.18518518518518523
03,eeg_alpha_ts,1,NoVisuals,60,8,2,0.25,0.125
03,eeg_alpha_ts,2,FixedVideo,1,596,281,0.4714765100671141,0.45815503806134855
03,eeg_alpha_ts,2,FixedVideo,2,298,138,0.46308724832214765,0.44853835412819243
03,eeg_alpha_ts,2,FixedVideo,5,118,54,0.4576271186440678,0.4326343004883654
03,eeg_alpha_ts,2,FixedVideo,10,58,24,0.41379310344827586,0.4233055885850179
03,eeg_alpha_ts,2,FixedVideo,30,18,8,0.4444444444444444,0.34567901234567905
03,eeg_alpha_ts,2,FixedVideo,60,8,3,0.375,0.1875
03,eeg_alpha_ts,3,MovingVideo,1,596,259,0.43456375838926176,0.40307869014909237
03,eeg_alpha_ts,3,MovingVideo,2,298,132,0.4429530201342282,0.3994865096166839
03,eeg_alpha_ts,3,MovingVideo,5,118,44,0.3728813559322034,0.3352484918126975
03,eeg_alpha_ts,3,MovingVideo,10,58,16,0.27586206896551724,0.26634958382877527
03,eeg_alpha_ts,3,MovingVideo,30,18,2,0.1111111111111111,0.049382716049382734
03,eeg_alpha_ts,3,MovingVideo,60,8,0,0.0,0.0
03,eeg_alpha_ts,4,NoVisuals,1,596,250,0.41946308724832215,0.4012206657357777
03,eeg_alpha_ts,4,NoVisuals,2,298,120,0.40268456375838924,0.3865141209855412
03,eeg_alpha_ts,4,NoVisuals,5,118,40,0.3389830508474576,0.32634300488365414
03,eeg_alpha_ts,4,NoVisuals,10,58,26,0.4482758620689655,0.29964328180737215
03,eeg_alpha_ts,4,NoVisuals,30,18,6,0.3333333333333333,0.16049382716049382
03,eeg_alpha_ts,4,NoVisuals,60,8,2,0.25,0.0
03,eeg_alpha_ts,5,FixedVideo,1,596,288,0.48322147651006714,0.4627494257015449
03,eeg_alpha_ts,5,FixedVideo,2,298,148,0.4966442953020134,0.48159992793117423
03,eeg_alpha_ts,5,FixedVideo,5,118,59,0.5,0.48348175811548405
03,eeg_alpha_ts,5,FixedVideo,10,58,25,0.43103448275862066,0.4637336504161712
03,eeg_alpha_ts,5,FixedVideo,30,18,9,0.5,0.5061728395061728
03,eeg_alpha_ts,5,FixedVideo,60,8,3,0.375,0.4375
03,gazectrl_ts,0,MovingVideo,1,596,289,0.4848993288590604,0.49557452367010496
03,gazectrl_ts,0,MovingVideo,2,298,145,0.4865771812080537,0.5129498671231025
03,gazectrl_ts,0,MovingVideo,5,118,59,0.5,0.48060902039643777
03,gazectrl_ts,0,MovingVideo,10,58,28,0.4827586206896552,0.4780023781212842
03,gazectrl_ts,0,MovingVideo,30,18,9,0.5,0.4444444444444445
03,gazectrl_ts,0,MovingVideo,60,8,4,0.5,0.5
03,gazectrl_ts,1,NoVisuals,1,596,279,0.46812080536912754,0.45352686815909193
03,gazectrl_ts,1,NoVisuals,2,298,137,0.4597315436241611,0.42525111481464806
03,gazectrl_ts,1,NoVisuals,5,118,47,0.3983050847457627,0.3837977592645791
03,gazectrl_ts,1,NoVisuals,10,58,21,0.3620689655172414,0.36623067776456597
03,gazectrl_ts,1,NoVisuals,30,18,6,0.3333333333333333,0.345679012345679
03,gazectrl_ts,1,NoVisuals,60,8,1,0.125,0.0625
03,gazectrl_ts,2,FixedVideo,1,596,282,0.47315436241610737,0.46859375703797124
03,gazectrl_ts,2,FixedVideo,2,298,144,0.48322147651006714,0.4812395838025314
03,gazectrl_ts,2,FixedVideo,5,118,60,0.5084745762711864,0.5067509336397588
03,gazectrl_ts,2,FixedVideo,10,58,32,0.5517241379310345,0.5243757431629014
03,gazectrl_ts,2,FixedVideo,30,18,11,0.6111111111111112,0.6666666666666667
03,gazectrl_ts,2,FixedVideo,60,8,6,0.75,0.6875
03,gazectrl_ts,3,MovingVideo,1,596,284,0.47651006711409394,0.44025043916940687
03,gazectrl_ts,3,MovingVideo,2,298,139,0.4664429530201342,0.43669204089905866
03,gazectrl_ts,3,MovingVideo,5,118,51,0.4322033898305085,0.41568514794599254
03,gazectrl_ts,3,MovingVideo,10,58,26,0.4482758620689655,0.38882282996432815
03,gazectrl_ts,3,MovingVideo,30,18,7,0.3888888888888889,0.2962962962962963
03,gazectrl_ts,3,MovingVideo,60,8,3,0.375,0.25
03,gazectrl_ts,4,NoVisuals,1,596,266,0.4463087248322148,0.39961037791090487
03,gazectrl_ts,4,NoVisuals,2,298,115,0.3859060402684564,0.3471915679473897
03,gazectrl_ts,4,NoVisuals,5,118,48,0.4067796610169492,0.3286411950588911
03,gazectrl_ts,4,NoVisuals,10,58,20,0.3448275862068966,0.2829964328180737
03,gazectrl_ts,4,NoVisuals,30,18,7,0.3888888888888889,0.08641975308641976
03,gazectrl_ts,4,NoVisuals,60,8,4,0.5,0.0625
03,gazectrl_ts,5,FixedVideo,1,596,301,0.5050335570469798,0.509988288815819
03,gazectrl_ts,5,FixedVideo,2,298,144,0.48322147651006714,0.4785820458537904
03,gazectrl_ts,5,FixedVideo,5,118,63,0.5338983050847458,0.5033036483769031
03,gazectrl_ts,5,FixedVideo,10,58,30,0.5172413793103449,0.4803804994054697
03,gazectrl_ts,5,FixedVideo,30,18,9,0.5,0.4444444444444445
03,gazectrl_ts,5,FixedVideo,60,8,4,0.5,0.4375
03,gazectrl_csp,0,MovingVideo,1,596,299,0.5016778523489933,0.5087383451195893
03,gazectrl_csp,0,MovingVideo,2,298,150,0.5033557046979866,0.5122742218818972
03,gazectrl_csp,0,MovingVideo,5,118,58,0.4915254237288136,0.5130709566216605
03,gazectrl_csp,0,MovingVideo,10,58,29,0.5,0.511296076099881
03,gazectrl_csp,0,MovingVideo,30,18,9,0.5,0.5061728395061729
03,gazectrl_csp,0,MovingVideo,60,8,4,0.5,0.5625
03,gazectrl_csp,1,NoVisuals,1,596,275,0.46140939597315433,0.4344173685870006
03,gazectrl_csp,1,NoVisuals,2,298,132,0.4429530201342282,0.4033602089995946
03,gazectrl_csp,1,NoVisuals,5,118,43,0.3644067796610169,0.31772479172651535
03,gazectrl_csp,1,NoVisuals,10,58,16,0.27586206896551724,0.2152199762187872
03,gazectrl_csp,1,NoVisuals,30,18,2,0.1111111111111111,0.07407407407407408
03,gazectrl_csp,1,NoVisuals,60,8,0,0.0,0.0
03,gazectrl_csp,2,FixedVideo,1,596,257,0.4312080536912752,0.4209495067789739
03,gazectrl_csp,2,FixedVideo,2,298,137,0.4597315436241611,0.42187288860862127
03,gazectrl_csp,2,FixedVideo,5,118,55,0.4661016949152542,0.4093651249640908
03,gazectrl_csp,2,FixedVideo,10,58,25,0.43103448275862066,0.3828775267538645
03,gazectrl_csp,2,FixedVideo,30,18,6,0.3333333333333333,0.308641975308642
03,gazectrl_csp,2,FixedVideo,60,8,4,0.5,0.3125
03,gazectrl_csp,3,MovingVideo,1,596,274,0.4597315436241611,0.40781946759154997
03,gazectrl_csp,3,MovingVideo,2,298,122,0.40939597315436244,0.3711544525021395
03,gazectrl_csp,3,MovingVideo,5,118,47,0.3983050847457627,0.3361103131284114
03,gazectrl_csp,3,MovingVideo,10,58,22,0.3793103448275862,0.272294887039239
03,gazectrl_csp,3,MovingVideo,30,18,4,0.2222222222222222,0.13580246913580246
03,gazectrl_csp,3,MovingVideo,60,8,1,0.125,0.0
03,gazectrl_csp,4,NoVisuals,1,596,258,0.43288590604026844,0.3867956398360434
03,gazectrl_csp,4,NoVisuals,2,298,125,0.41946308724832215,0.3697130759875681
03,gazectrl_csp,4,NoVisuals,5,118,53,0.4491525423728814,0.31399023269175524
03,gazectrl_csp,4,NoVisuals,10,58,23,0.39655172413793105,0.27586206896551724
03,gazectrl_csp,4,NoVisuals,30,18,9,0.5,0.12345679012345681
03,gazectrl_csp,4,NoVisuals,60,8,4,0.5,0.0
03,gazectrl_csp,5,FixedVideo,1,596,293,0.49161073825503354,0.49942570154497545
03,gazectrl_csp,5,FixedVideo,2,298,154,0.5167785234899329,0.501373811990451
03,gazectrl_csp,5,FixedVideo,5,118,63,0.5338983050847458,0.5004309106578568
03,gazectrl_csp,5,FixedVideo,10,58,26,0.4482758620689655,0.469678953626635
03,gazectrl_csp,5,FixedVideo,30,18,11,0.6111111111111112,0.617283950617284
03,gazectrl_csp,5,FixedVideo,60,8,4,0.5,0.4375
04,eog_ts,0,MovingVideo,1,596,314,0.5268456375838926,0.5416310076122697
04,eog_ts,0,MovingVideo,2,298,157,0.5268456375838926,0.5381289131120219
04,eog_ts,0,MovingVideo,5,118,64,0.5423728813559322,0.5458201666187876
04,eog_ts,0,MovingVideo,10,58,27,0.46551724137931033,0.5493460166468491
04,eog_ts,0,MovingVideo,30,18,8,0.4444444444444444,0.5432098765432098
04,eog_ts,0,MovingVideo,60,8,5,0.625,0.5625
04,eog_ts,1,MovingTargetNoise,1,596,369,0.6191275167785235,0.6746655556056034
04,eog_ts,1,MovingTargetNoise,2,298,193,0.6476510067114094,0.6941579208143777
04,eog_ts,1,MovingTargetNoise,5,118,75,0.635593220338983,0.6693478885377765
04,eog_ts,1,MovingTargetNoise,10,58,36,0.6206896551724138,0.703923900118906
04,eog_ts,1,MovingTargetNoise,30,18,13,0.7222222222222222,0.8148148148148149
04,eog_ts,1,MovingTargetNoise,60,8,6,0.75,1.0
04,eog_ts,2,NoVisuals,1,596,241,0.40436241610738255,0.2721724246655556
04,eog_ts,2,NoVisuals,2,298,123,0.412751677852349,0.2875996576730778
04,eog_ts,2,NoVisuals,5,118,53,0.4491525423728814,0.37460499856363116
04,eog_ts,2,NoVisuals,10,58,24,0.41379310344827586,0.35196195005945297
04,eog_ts,2,NoVisuals,30,18,7,0.3888888888888889,0.22222222222222227
04,eog_ts,2,NoVisuals,60,8,2,0.25,0.125
04,eog_ts,3,FixedVideo,1,596,405,0.6795302013422819,0.7088306833025538
04,eog_ts,3,FixedVideo,2,298,206,0.6912751677852349,0.7425791631007612
04,eog_ts,3,FixedVideo,5,118,96,0.8135593220338984,0.8477449008905487
04,eog_ts,3,FixedVideo,10,58,45,0.7758620689655172,0.9167657550535078
04,eog_ts,3,FixedVideo,30,18,15,0.8333333333333334,1.0
04,eog_ts,3,FixedVideo,60,8,7,0.875,1.0
04,eog_ts,4,MovingVideo,1,596,205,0.34395973154362414,0.28007747398765825
04,eog_ts,4,MovingVideo,2,298,108,0.3624161073825503,0.29070762578262244
04,eog_ts,4,MovingVideo,5,118,44,0.3728813559322034,0.3246193622522264
04,eog_ts,4,MovingVideo,10,58,24,0.41379310344827586,0.2877526753864447
04,eog_ts,4,MovingVideo,30,18,8,0.4444444444444444,0.14814814814814814
04,eog_ts,4,MovingVideo,60,8,2,0.25,0.125
04,eog_ts,5,MovingTargetNoise,1,596,349,0.5855704697986577,0.600761226971758
04,eog_ts,5,MovingTargetNoise,2,298,172,0.5771812080536913,0.6140714382235034
04,eog_ts,5,MovingTargetNoise,5,118,74,0.6271186440677966,0.677391554151106
04,eog_ts,5,MovingTargetNoise,10,58,38,0.6551724137931034,0.7086801426872771
04,eog_ts,5,MovingTargetNoise,30,18,12,0.6666666666666666,0.8395061728395061
04,eog_ts,5,MovingTargetNoise,60,8,6,0.75,0.875
04,eog_ts,6,NoVisuals,1,596,349,0.5855704697986577,0.6045223188144677
04,eog_ts,6,NoVisuals,2,298,173,0.5805369127516778,0.6219539660375658
04,eog_ts,6,NoVisuals,5,118,76,0.6440677966101694,0.6532605573111174
04,eog_ts,6,NoVisuals,10,58,38,0.6551724137931034,0.6765755053507728
04,eog_ts,6,NoVisuals,30,18,11,0.6111111111111112,0.7407407407407407
04,eog_ts,6,NoVisuals,60,8,5,0.625,0.9375
04,eog_ts,7,FixedVideo,1,596,329,0.552013422818792,0.5800639610828341
04,eog_ts,7,FixedVideo,2,298,178,0.5973154362416108,0.6572226476284851
04,eog_ts,7,FixedVideo,5,118,78,0.6610169491525424,0.8055156564205688
04,eog_ts,7,FixedVideo,10,58,40,0.6896551724137931,0.8501783590963139
04,eog_ts,7,FixedVideo,30,18,14,0.7777777777777778,0.9259259259259259
04,eog_ts,7,FixedVideo,60,8,6,0.75,1.0
04,eeg_csp,0,MovingVideo,1,596,227,0.3808724832214765,0.3378338813566957
04,eeg_csp,0,MovingVideo,2,298,118,0.3959731543624161,0.34187649204990767
04,eeg_csp,0,MovingVideo,5,118,54,0.4576271186440678,0.34357943119793166
04,eeg_csp,0,MovingVideo,10,58,27,0.46551724137931033,0.3293697978596908
04,eeg_csp,0,MovingVideo,30,18,7,0.3888888888888889,0.2716049382716049
04,eeg_csp,0,MovingVideo,60,8,4,0.5,0.3125
04,eeg_csp,1,MovingTargetNoise,1,596,287,0.4815436241610738,0.4634475924507905
04,eeg_csp,1,MovingTargetNoise,2,298,149,0.5,0.47853700283771
04,eeg_csp,1,MovingTargetNoise,5,118,56,0.4745762711864407,0.46337259408216025
04,eeg_csp,1,MovingTargetNoise,10,58,30,0.5172413793103449,0.4411414982164091
04,eeg_csp,1,MovingTargetNoise,30,18,9,0.5,0.4814814814814815
04,eeg_csp,1,MovingTargetNoise,60,8,4,0.5,0.5
04,eeg_csp,2,NoVisuals,1,596,349,0.5855704697986577,0.5885883518760416
04,eeg_csp,2,NoVisuals,2,298,174,0.5838926174496645,0.5653348948245575
04,eeg_csp,2,NoVisuals,5,118,66,0.559322033898305,0.5346164895145072
04,eeg_csp,2,NoVisuals,10,58,34,0.5862068965517241,0.5184304399524375
04,eeg_csp,2,NoVisuals,30,18,8,0.4444444444444444,0.41975308641975306
04,eeg_csp,2,NoVisuals,60,8,5,0.625,0.4375
04,eeg_csp,3,FixedVideo,1,596,275,0.46140939597315433,0.4313994865096167
04,eeg_csp,3,FixedVideo,2,298,130,0.436241610738255,0.44592585919553174
04,eeg_csp,3,FixedVideo,5,118,48,0.4067796610169492,0.4179833381212295
04,eeg_csp,3,FixedVideo,10,58,21,0.3620689655172414,0.3852556480380499
04,eeg_csp,3,FixedVideo,30,18,5,0.2777777777777778,0.2962962962962963
04,eeg_csp,3,FixedVideo,60,8,3,0.375,0.0
04,eeg_csp,4,MovingVideo,1,596,305,0.511744966442953,0.5626548353677763
04,eeg_csp,4,MovingVideo,2,298,153,0.5134228187919463,0.5626773568758163
04,eeg_csp,4,MovingVideo,5,118,60,0.5084745762711864,0.568514794599253
04,eeg_csp,4,MovingVideo,10,58,31,0.5344827586206896,0.5695600475624257
04,eeg_csp,4,MovingVideo,30,18,9,0.5,0.5308641975308642
04,eeg_csp,4,MovingVideo,60,8,4,0.5,0.4375
04,eeg_csp,5,MovingTargetNoise,1,596,325,0.5453020134228188,0.6242962028737444
04,eeg_csp,5,MovingTargetNoise,2,298,168,0.5637583892617449,0.6191612990405838
04,eeg_csp,5,MovingTargetNoise,5,118,59,0.5,0.5828784831944843
04,eeg_csp,5,MovingTargetNoise,10,58,29,0.5,0.6040428061831153
04,eeg_csp,5,MovingTargetNoise,30,18,10,0.5555555555555556,0.5555555555555556
04,eeg_csp,5,MovingTargetNoise,60,8,4,0.5,0.375
04,eeg_csp,6,NoVisuals,1,596,381,0.639261744966443,0.6851155353362461
04,eeg_csp,6,NoVisuals,2,298,195,0.6543624161073825,0.6962749425701547
04,eeg_csp,6,NoVisuals,5,118,78,0.6610169491525424,0.7092789428325194
04,eeg_csp,6,NoVisuals,10,58,41,0.7068965517241379,0.7170035671819263
04,eeg_csp,6,NoVisuals,30,18,13,0.7222222222222222,0.7777777777777778
04,eeg_csp,6,NoVisuals,60,8,7,0.875,0.8125
04,eeg_csp,7,FixedVideo,1,596,301,0.5050335570469798,0.4971622899869375
04,eeg_csp,7,FixedVideo,2,298,149,0.5,0.47128507724877267
04,eeg_csp,7,FixedVideo,5,118,60,0.5084745762711864,0.42516518241884516
04,eeg_csp,7,FixedVideo,10,58,26,0.4482758620689655,0.41022592152199766
04,eeg_csp,7,FixedVideo,30,18,10,0.5555555555555556,0.46913580246913583
04,eeg_csp,7,FixedVideo,60,8,3,0.375,0.375
04,eeg_ts,0,MovingVideo,1,596,227,0.3808724832214765,0.3217310031079681
04,eeg_ts,0,MovingVideo,2,298,113,0.37919463087248323,0.30178820773839016
04,eeg_ts,0,MovingVideo,5,118,46,0.3898305084745763,0.33180120654984196
04,eeg_ts,0,MovingVideo,10,58,25,0.43103448275862066,0.3091557669441142
04,eeg_ts,0,MovingVideo,30,18,6,0.3333333333333333,0.308641975308642
04,eeg_ts,0,MovingVideo,60,8,3,0.375,0.25
04,eeg_ts,1,MovingTargetNoise,1,596,308,0.5167785234899329,0.5131638214494842
04,eeg_ts,1,MovingTargetNoise,2,298,137,0.4597315436241611,0.45867303274627264
04,eeg_ts,1,MovingTargetNoise,5,118,52,0.4406779661016949,0.4148233266302786
04,eeg_ts,1,MovingTargetNoise,10,58,24,0.41379310344827586,0.3876337693222354
04,eeg_ts,1,MovingTargetNoise,30,18,6,0.3333333333333333,0.3703703703703704
04,eeg_ts,1,MovingTargetNoise,60,8,4,0.5,0.3125
04,eeg_ts,2,NoVisuals,1,596,421,0.7063758389261745,0.8201432367911354
04,eeg_ts,2,NoVisuals,2,298,209,0.7013422818791947,0.7609567136615469
04,eeg_ts,2,NoVisuals,5,118,82,0.6949152542372882,0.7380063200229819
04,eeg_ts,2,NoVisuals,10,58,40,0.6896551724137931,0.7812128418549347
04,eeg_ts,2,NoVisuals,30,18,15,0.8333333333333334,0.9012345679012346
04,eeg_ts,2,NoVisuals,60,8,8,1.0,1.0
04,eeg_ts,3,FixedVideo,1,596,278,0.4664429530201342,0.4244628620332417
04,eeg_ts,3,FixedVideo,2,298,146,0.4899328859060403,0.43574613756137115
04,eeg_ts,3,FixedVideo,5,118,54,0.4576271186440678,0.41252513645504163
04,eeg_ts,3,FixedVideo,10,58,27,0.46551724137931033,0.40428061831153383
04,eeg_ts,3,FixedVideo,30,18,9,0.5,0.37037037037037035
04,eeg_ts,3,FixedVideo,60,8,4,0.5,0.4375
04,eeg_ts,4,MovingVideo,1,596,322,0.540268456375839,0.5317328048286113
04,eeg_ts,4,MovingVideo,2,298,159,0.5335570469798657,0.5293455249763523
04,eeg_ts,4,MovingVideo,5,118,64,0.5423728813559322,0.5320310255673657
04,eeg_ts,4,MovingVideo,10,58,31,0.5344827586206896,0.5457788347205708
04,eeg_ts,4,MovingVideo,30,18,11,0.6111111111111112,0.6296296296296297
04,eeg_ts,4,MovingVideo,60,8,5,0.625,0.625
04,eeg_ts,5,MovingTargetNoise,1,596,354,0.5939597315436241,0.6638327102382775
04,eeg_ts,5,MovingTargetNoise,2,298,181,0.6073825503355704,0.7071753524616008
04,eeg_ts,5,MovingTargetNoise,5,118,80,0.6779661016949152,0.7368572249353633
04,eeg_ts,5,MovingTargetNoise,10,58,37,0.6379310344827587,0.8109393579072534
04,eeg_ts,5,MovingTargetNoise,30,18,12,0.6666666666666666,0.9506172839506173
04,eeg_ts,5,MovingTargetNoise,60,8,5,0.625,1.0
04,eeg_ts,6,NoVisuals,1,596,385,0.6459731543624161,0.7079073014729067
04,eeg_ts,6,NoVisuals,2,298,187,0.62751677852349,0.680690059006351
04,eeg_ts,6,NoVisuals,5,118,73,0.6186440677966102,0.6274059178397011
04,eeg_ts,6,NoVisuals,10,58,36,0.6206896551724138,0.6694411414982163
04,eeg_ts,6,NoVisuals,30,18,11,0.6111111111111112,0.7283950617283951
04,eeg_ts,6,NoVisuals,60,8,6,0.75,0.625
04,eeg_ts,7,FixedVideo,1,596,330,0.5536912751677853,0.59722535020945
04,eeg_ts,7,FixedVideo,2,298,161,0.540268456375839,0.5637133462456646
04,eeg_ts,7,FixedVideo,5,118,67,0.5677966101694916,0.5722493536340132
04,eeg_ts,7,FixedVideo,10,58,36,0.6206896551724138,0.5980975029726516
04,eeg_ts,7,FixedVideo,30,18,11,0.6111111111111112,0.6296296296296297
04,eeg_ts,7,FixedVideo,60,8,6,0.75,0.75
04,eeg_eogreg_ts,0,MovingVideo,1,596,247,0.41442953020134227,0.32736138011801275
04,eeg_eogreg_ts,0,MovingVideo,2,298,124,0.4161073825503356,0.30512139092833657
04,eeg_eogreg_ts,0,MovingVideo,5,118,50,0.423728813559322,0.31571387532318296
04,eeg_eogreg_ts,0,MovingVideo,10,58,25,0.43103448275862066,0.2734839476813318
04,eeg_eogreg_ts,0,MovingVideo,30,18,8,0.4444444444444444,0.20987654320987653
04,eeg_eogreg_ts,0,MovingVideo,60,8,4,0.5,0.25
04,eeg_eogreg_ts,1,MovingTargetNoise,1,596,319,0.535234899328859,0.5686117742444035
04,eeg_eogreg_ts,1,MovingTargetNoise,2,298,148,0.4966442953020134,0.5106526733030043
04,eeg_eogreg_ts,1,MovingTargetNoise,5,118,55,0.4661016949152542,0.4401034185578857
04,eeg_eogreg_ts,1,MovingTargetNoise,10,58,26,0.4482758620689655,0.41498216409036864
04,eeg_eogreg_ts,1,MovingTargetNoise,30,18,10,0.5555555555555556,0.46913580246913583
04,eeg_eogreg_ts,1,MovingTargetNoise,60,8,4,0.5,0.4375
04,eeg_eogreg_ts,2,NoVisuals,1,596,420,0.7046979865771812,0.8078464934011982
04,eeg_eogreg_ts,2,NoVisuals,2,298,199,0.6677852348993288,0.7461375613711093
04,eeg_eogreg_ts,2,NoVisuals,5,118,81,0.6864406779661016,0.7517954610744039
04,eeg_eogreg_ts,2,NoVisuals,10,58,43,0.7413793103448276,0.8109393579072532
04,eeg_eogreg_ts,2,NoVisuals,30,18,13,0.7222222222222222,0.925925925925926
04,eeg_eogreg_ts,2,NoVisuals,60,8,8,1.0,1.0
04,eeg_eogreg_ts,3,FixedVideo,1,596,265,0.4446308724832215,0.39065807846493406
04,eeg_eogreg_ts,3,FixedVideo,2,298,135,0.45302013422818793,0.4153416512769695
04,eeg_eogreg_ts,3,FixedVideo,5,118,54,0.4576271186440678,0.4197069807526572
04,eeg_eogreg_ts,3,FixedVideo,10,58,26,0.4482758620689655,0.4185493460166469
04,eeg_eogreg_ts,3,FixedVideo,30,18,6,0.3333333333333333,0.3950617283950617
04,eeg_eogreg_ts,3,FixedVideo,60,8,3,0.375,0.4375
04,eeg_eogreg_ts,4,MovingVideo,1,596,318,0.5335570469798657,0.5176005585333995
04,eeg_eogreg_ts,4,MovingVideo,2,298,158,0.5302013422818792,0.504661952164317
04,eeg_eogreg_ts,4,MovingVideo,5,118,56,0.4745762711864407,0.49554725653547826
04,eeg_eogreg_ts,4,MovingVideo,10,58,31,0.5344827586206896,0.5184304399524375
04,eeg_eogreg_ts,4,MovingVideo,30,18,10,0.5555555555555556,0.5061728395061729
04,eeg_eogreg_ts,4,MovingVideo,60,8,5,0.625,0.5
04,eeg_eogreg_ts,5,MovingTargetNoise,1,596,367,0.6157718120805369,0.6803297148777082
04,eeg_eogreg_ts,5,MovingTargetNoise,2,298,188,0.6308724832214765,0.7174902031440025
04,eeg_eogreg_ts,5,MovingTargetNoise,5,118,77,0.652542372881356,0.7492099971272623
04,eeg_eogreg_ts,5,MovingTargetNoise,10,58,38,0.6551724137931034,0.8359096313912009
04,eeg_eogreg_ts,5,MovingTargetNoise,30,18,12,0.6666666666666666,0.9382716049382716
04,eeg_eogreg_ts,5,MovingTargetNoise,60,8,4,0.5,1.0
04,eeg_eogreg_ts,6,NoVisuals,1,596,384,0.6442953020134228,0.7050921129678843
04,eeg_eogreg_ts,6,NoVisuals,2,298,191,0.6409395973154363,0.6844286293410206
04,eeg_eogreg_ts,6,NoVisuals,5,118,69,0.5847457627118644,0.6538351048549268
04,eeg_eogreg_ts,6,NoVisuals,10,58,36,0.6206896551724138,0.7110582639714625
04,eeg_eogreg_ts,6,NoVisuals,30,18,11,0.6111111111111112,0.7777777777777778
04,eeg_eogreg_ts,6,NoVisuals,60,8,5,0.625,0.875
04,eeg_eogreg_ts,7,FixedVideo,1,596,341,0.5721476510067114,0.6077316337101933
04,eeg_eogreg_ts,7,FixedVideo,2,298,162,0.5436241610738255,0.5881266609612179
04,eeg_eogreg_ts,7,FixedVideo,5,118,67,0.5677966101694916,0.5343292157426027
04,eeg_eogreg_ts,7,FixedVideo,10,58,32,0.5517241379310345,0.549346016646849
04,eeg_eogreg_ts,7,FixedVideo,30,18,9,0.5,0.5185185185185186
04,eeg_eogreg_ts,7,FixedVideo,60,8,4,0.5,0.5625
04,eeg_post_ts,0,MovingVideo,1,596,320,0.5369127516778524,0.5401783703436782
04,eeg_post_ts,0,MovingVideo,2,298,158,0.5302013422818792,0.5557407323994414
04,eeg_post_ts,0,MovingVideo,5,118,65,0.5508474576271186,0.6035621947716173
04,eeg_post_ts,0,MovingVideo,10,58,35,0.603448275862069,0.6159334126040428
04,eeg_post_ts,0,MovingVideo,30,18,12,0.6666666666666666,0.7160493827160495
04,eeg_post_ts,0,MovingVideo,60,8,5,0.625,0.875
04,eeg_post_ts,1,MovingTargetNoise,1,596,233,0.39093959731543626,0.31693392189541014
04,eeg_post_ts,1,MovingTargetNoise,2,298,114,0.3825503355704698,0.31358947795144365
04,eeg_post_ts,1,MovingTargetNoise,5,118,48,0.4067796610169492,0.308819304797472
04,eeg_post_ts,1,MovingTargetNoise,10,58,25,0.43103448275862066,0.2580261593341261
04,eeg_post_ts,1,MovingTargetNoise,30,18,8,0.4444444444444444,0.09876543209876543
04,eeg_post_ts,1,MovingTargetNoise,60,8,4,0.5,0.0
04,eeg_post_ts,2,NoVisuals,1,596,381,0.639261744966443,0.6883135894779514
04,eeg_post_ts,2,NoVisuals,2,298,195,0.6543624161073825,0.6920859420746813
04,eeg_post_ts,2,NoVisuals,5,118,80,0.6779661016949152,0.7273771904625108
04,eeg_post_ts,2,NoVisuals,10,58,40,0.6896551724137931,0.7978596908442331
04,eeg_post_ts,2,NoVisuals,30,18,16,0.8888888888888888,0.8765432098765432
04,eeg_post_ts,2,NoVisuals,60,8,7,0.875,0.9375
04,eeg_post_ts,3,FixedVideo,1,596,311,0.5218120805369127,0.4766001531462547
04,eeg_post_ts,3,FixedVideo,2,298,154,0.5167785234899329,0.4683122381874689
04,eeg_post_ts,3,FixedVideo,5,118,58,0.4915254237288136,0.4760126400459638
04,eeg_post_ts,3,FixedVideo,10,58,27,0.46551724137931033,0.4661117717003567
04,eeg_post_ts,3,FixedVideo,30,18,8,0.4444444444444444,0.5185185185185185
04,eeg_post_ts,3,FixedVideo,60,8,4,0.5,0.625
04,eeg_post_ts,4,MovingVideo,1,596,275,0.46140939597315433,0.4383023287239314
04,eeg_post_ts,4,MovingVideo,2,298,133,0.4463087248322148,0.4172334579523445
04,eeg_post_ts,4,MovingVideo,5,118,45,0.3813559322033898,0.39327779373743177
04,eeg_post_ts,4,MovingVideo,10,58,27,0.46551724137931033,0.3507728894173603
04,eeg_post_ts,4,MovingVideo,30,18,6,0.3333333333333333,0.34567901234567905
04,eeg_post_ts,4,MovingVideo,60,8,4,0.5,0.3125
04,eeg_post_ts,5,MovingTargetNoise,1,596,308,0.5167785234899329,0.5234111076077654
04,eeg_post_ts,5,MovingTargetNoise,2,298,160,0.5369127516778524,0.5700644115129949
04,eeg_post_ts,5,MovingTargetNoise,5,118,63,0.5338983050847458,0.6205113473139903
04,eeg_post_ts,5,MovingTargetNoise,10,58,31,0.5344827586206896,0.6504161712247325
04,eeg_post_ts,5,MovingTargetNoise,30,18,11,0.6111111111111112,0.7530864197530864
04,eeg_post_ts,5,MovingTargetNoise,60,8,4,0.5,0.8125
04,eeg_post_ts,6,NoVisuals,1,596,284,0.47651006711409394,0.492049907661817
04,eeg_post_ts,6,NoVisuals,2,298,155,0.5201342281879194,0.5243457501914328
04,eeg_post_ts,6,NoVisuals,5,118,67,0.5677966101694916,0.5748348175811548
04,eeg_post_ts,6,NoVisuals,10,58,34,0.5862068965517241,0.6076099881093936
04,eeg_post_ts,6,NoVisuals,30,18,10,0.5555555555555556,0.6419753086419753
04,eeg_post_ts,6,NoVisuals,60,8,5,0.625,0.75
04,eeg_post_ts,7,FixedVideo,1,596,384,0.6442953020134228,0.7390770686005135
04,eeg_post_ts,7,FixedVideo,2,298,200,0.6711409395973155,0.7578487455520021
04,eeg_post_ts,7,FixedVideo,5,118,76,0.6440677966101694,0.7704682562482046
04,eeg_post_ts,7,FixedVideo,10,58,41,0.7068965517241379,0.8192627824019024
04,eeg_post_ts,7,FixedVideo,30,18,14,0.7777777777777778,0.9382716049382716
04,eeg_post_ts,7,FixedVideo,60,8,6,0.75,1.0
04,eeg_alpha_ts,0,MovingVideo,1,596,278,0.4664429530201342,0.46449484257465884
04,eeg_alpha_ts,0,MovingVideo,2,298,141,0.47315436241610737,0.461871086887978
04,eeg_alpha_ts,0,MovingVideo,5,118,50,0.423728813559322,0.43234702671646075
04,eeg_alpha_ts,0,MovingVideo,10,58,27,0.46551724137931033,0.41022592152199755
04,eeg_alpha_ts,0,MovingVideo,30,18,9,0.5,0.39506172839506176
04,eeg_alpha_ts,0,MovingVideo,60,8,5,0.625,0.25
04,eeg_alpha_ts,1,MovingTargetNoise,1,596,300,0.5033557046979866,0.48900950407639293
04,eeg_alpha_ts,1,MovingTargetNoise,2,298,143,0.4798657718120805,0.4823656592045403
04,eeg_alpha_ts,1,MovingTargetNoise,5,118,52,0.4406779661016949,0.43148520540074686
04,eeg_alpha_ts,1,MovingTargetNoise,10,58,25,0.43103448275862066,0.3935790725326992
04,eeg_alpha_ts,1,MovingTargetNoise,30,18,6,0.3333333333333333,0.345679012345679
04,eeg_alpha_ts,1,MovingTargetNoise,60,8,4,0.5,0.4375
04,eeg_alpha_ts,2,NoVisuals,1,596,288,0.48322147651006714,0.4871740011711184
04,eeg_alpha_ts,2,NoVisuals,2,298,145,0.4865771812080537,0.4731768839241476
04,eeg_alpha_ts,2,NoVisuals,5,118,56,0.4745762711864407,0.4610744039069233
04,eeg_alpha_ts,2,NoVisuals,10,58,29,0.5,0.45659928656361476
04,eeg_alpha_ts,2,NoVisuals,30,18,7,0.3888888888888889,0.4444444444444444
04,eeg_alpha_ts,2,NoVisuals,60,8,4,0.5,0.5625
04,eeg_alpha_ts,3,FixedVideo,1,596,299,0.5016778523489933,0.4650353587676231
04,eeg_alpha_ts,3,FixedVideo,2,298,141,0.47315436241610737,0.44407909553623715
04,eeg_alpha_ts,3,FixedVideo,5,118,47,0.3983050847457627,0.4050560183855214
04,eeg_alpha_ts,3,FixedVideo,10,58,22,0.3793103448275862,0.3400713436385256
04,eeg_alpha_ts,3,FixedVideo,30,18,8,0.4444444444444444,0.28395061728395066
04,eeg_alpha_ts,3,FixedVideo,60,8,4,0.5,0.375
04,eeg_alpha_ts,4,MovingVideo,1,596,301,0.5050335570469798,0.5341200846808702
04,eeg_alpha_ts,4,MovingVideo,2,298,159,0.5335570469798657,0.5409215801090042
04,eeg_alpha_ts,4,MovingVideo,5,118,64,0.5423728813559322,0.5736857224935363
04,eeg_alpha_ts,4,MovingVideo,10,58,35,0.603448275862069,0.6076099881093936
04,eeg_alpha_ts,4,MovingVideo,30,18,9,0.5,0.6419753086419753
04,eeg_alpha_ts,4,MovingVideo,60,8,4,0.5,0.625
04,eeg_alpha_ts,5,MovingTargetNoise,1,596,315,0.5285234899328859,0.5324309715778569
04,eeg_alpha_ts,5,MovingTargetNoise,2,298,162,0.5436241610738255,0.5364172785009684
04,eeg_alpha_ts,5,MovingTargetNoise,5,118,66,0.559322033898305,0.5644929617925883
04,eeg_alpha_ts,5,MovingTargetNoise,10,58,30,0.5172413793103449,0.582639714625446
04,eeg_alpha_ts,5,MovingTargetNoise,30,18,10,0.5555555555555556,0.6419753086419753
04,eeg_alpha_ts,5,MovingTargetNoise,60,8,4,0.5,0.8125
04,eeg_alpha_ts,6,NoVisuals,1,596,315,0.5285234899328859,0.5294693932705734
04,eeg_alpha_ts,6,NoVisuals,2,298,155,0.5201342281879194,0.5294356110085131
04,eeg_alpha_ts,6,NoVisuals,5,118,64,0.5423728813559322,0.5825912094225797
04,eeg_alpha_ts,6,NoVisuals,10,58,29,0.5,0.5933412604042806
04,eeg_alpha_ts,6,NoVisuals,30,18,10,0.5555555555555556,0.5679012345679013
04,eeg_alpha_ts,6,NoVisuals,60,8,5,0.625,0.625
04,eeg_alpha_ts,7,FixedVideo,1,596,321,0.5385906040268457,0.5765055628124858
04,eeg_alpha_ts,7,FixedVideo,2,298,151,0.5067114093959731,0.5482185487140219
04,eeg_alpha_ts,7,FixedVideo,5,118,68,0.576271186440678,0.6394714162596955
04,eeg_alpha_ts,7,FixedVideo,10,58,37,0.6379310344827587,0.7146254458977408
04,eeg_alpha_ts,7,FixedVideo,30,18,11,0.6111111111111112,0.9012345679012346
04,eeg_alpha_ts,7,FixedVideo,60,8,6,0.75,0.875
04,gazectrl_ts,0,MovingVideo,1,596,277,0.46476510067114096,0.46808702310706723
04,gazectrl_ts,0,MovingVideo,2,298,150,0.5033557046979866,0.4850682401693618
04,gazectrl_ts,0,MovingVideo,5,118,67,0.5677966101694916,0.538638322321172
04,gazectrl_ts,0,MovingVideo,10,58,30,0.5172413793103449,0.48870392390011896
04,gazectrl_ts,0,MovingVideo,30,18,9,0.5,0.5679012345679013
04,gazectrl_ts,0,MovingVideo,60,8,5,0.625,0.4375
04,gazectrl_ts,1,MovingTargetNoise,1,596,288,0.48322147651006714,0.48855907391558945
04,gazectrl_ts,1,MovingTargetNoise,2,298,144,0.48322147651006714,0.4729516688437458
04,gazectrl_ts,1,MovingTargetNoise,5,118,55,0.4661016949152542,0.46337259408216025
04,gazectrl_ts,1,MovingTargetNoise,10,58,28,0.4827586206896552,0.4351961950059453
04,gazectrl_ts,1,MovingTargetNoise,30,18,8,0.4444444444444444,0.3827160493827161
04,gazectrl_ts,1,MovingTargetNoise,60,8,4,0.5,0.4375
04,gazectrl_ts,2,NoVisuals,1,596,299,0.5016778523489933,0.5076010089635602
04,gazectrl_ts,2,NoVisuals,2,298,156,0.5234899328859061,0.5166433944416918
04,gazectrl_ts,2,NoVisuals,5,118,61,0.5169491525423728,0.5280091927607009
04,gazectrl_ts,2,NoVisuals,10,58,30,0.5172413793103449,0.544589774078478
04,gazectrl_ts,2,NoVisuals,30,18,10,0.5555555555555556,0.5555555555555556
04,gazectrl_ts,2,NoVisuals,60,8,4,0.5,0.625
04,gazectrl_ts,3,FixedVideo,1,596,297,0.4983221476510067,0.4622764740327013
04,gazectrl_ts,3,FixedVideo,2,298,136,0.4563758389261745,0.44038556821764785
04,gazectrl_ts,3,FixedVideo,5,118,50,0.423728813559322,0.37058316575696637
04,gazectrl_ts,3,FixedVideo,10,58,23,0.39655172413793105,0.3210463733650416
04,gazectrl_ts,3,FixedVideo,30,18,8,0.4444444444444444,0.19753086419753088
04,gazectrl_ts,3,FixedVideo,60,8,4,0.5,0.25
04,gazectrl_ts,4,MovingVideo,1,596,322,0.540268456375839,0.5678685644790775
04,gazectrl_ts,4,MovingVideo,2,298,156,0.5234899328859061,0.577901896310977
04,gazectrl_ts,4,MovingVideo,5,118,72,0.6101694915254238,0.6834243033611032
04,gazectrl_ts,4,MovingVideo,10,58,38,0.6551724137931034,0.7645659928656362
04,gazectrl_ts,4,MovingVideo,30,18,15,0.8333333333333334,0.9012345679012346
04,gazectrl_ts,4,MovingVideo,60,8,7,0.875,0.9375
04,gazectrl_ts,5,MovingTargetNoise,1,596,310,0.5201342281879194,0.5277915409215801
04,gazectrl_ts,5,MovingTargetNoise,2,298,157,0.5268456375838926,0.5233998468537453
04,gazectrl_ts,5,MovingTargetNoise,5,118,57,0.4830508474576271,0.48807813846595804
04,gazectrl_ts,5,MovingTargetNoise,10,58,31,0.5344827586206896,0.4982164090368608
04,gazectrl_ts,5,MovingTargetNoise,30,18,7,0.3888888888888889,0.46913580246913583
04,gazectrl_ts,5,MovingTargetNoise,60,8,4,0.5,0.5
04,gazectrl_ts,6,NoVisuals,1,596,304,0.5100671140939598,0.529154092158011
04,gazectrl_ts,6,NoVisuals,2,298,153,0.5134228187919463,0.5585333993964237
04,gazectrl_ts,6,NoVisuals,5,118,68,0.576271186440678,0.612180407928756
04,gazectrl_ts,6,NoVisuals,10,58,32,0.5517241379310345,0.6135552913198572
04,gazectrl_ts,6,NoVisuals,30,18,10,0.5555555555555556,0.5925925925925926
04,gazectrl_ts,6,NoVisuals,60,8,4,0.5,0.5
04,gazectrl_ts,7,FixedVideo,1,596,317,0.5318791946308725,0.5633642628710418
04,gazectrl_ts,7,FixedVideo,2,298,156,0.5234899328859061,0.5632178730687807
04,gazectrl_ts,7,FixedVideo,5,118,65,0.5508474576271186,0.6001149095087619
04,gazectrl_ts,7,FixedVideo,10,58,35,0.603448275862069,0.6741973840665874
04,gazectrl_ts,7,FixedVideo,30,18,12,0.6666666666666666,0.8518518518518519
04,gazectrl_ts,7,FixedVideo,60,8,5,0.625,0.875
04,gazectrl_csp,0,MovingVideo,1,596,272,0.4563758389261745,0.4468267195171388
04,gazectrl_csp,0,MovingVideo,2,298,138,0.46308724832214765,0.45394351605783523
04,gazectrl_csp,0,MovingVideo,5,118,46,0.3898305084745763,0.3691467968974433
04,gazectrl_csp,0,MovingVideo,10,58,26,0.4482758620689655,0.33531510107015455
04,gazectrl_csp,0,MovingVideo,30,18,8,0.4444444444444444,0.25925925925925924
04,gazectrl_csp,0,MovingVideo,60,8,4,0.5,0.0625
04,gazectrl_csp,1,MovingTargetNoise,1,596,287,0.4815436241610738,0.4811044547542903
04,gazectrl_csp,1,MovingTargetNoise,2,298,147,0.49328859060402686,0.479032476014594
04,gazectrl_csp,1,MovingTargetNoise,5,118,58,0.4915254237288136,0.43924159724217177
04,gazectrl_csp,1,MovingTargetNoise,10,58,26,0.4482758620689655,0.4209274673008323
04,gazectrl_csp,1,MovingTargetNoise,30,18,7,0.3888888888888889,0.34567901234567905
04,gazectrl_csp,1,MovingTargetNoise,60,8,3,0.375,0.3125
04,gazectrl_csp,2,NoVisuals,1,596,296,0.4966442953020134,0.4840547723075538
04,gazectrl_csp,2,NoVisuals,2,298,148,0.4966442953020134,0.4738074861492726
04,gazectrl_csp,2,NoVisuals,5,118,55,0.4661016949152542,0.47974719908072394
04,gazectrl_csp,2,NoVisuals,10,58,29,0.5,0.469678953626635
04,gazectrl_csp,2,NoVisuals,30,18,7,0.3888888888888889,0.41975308641975306
04,gazectrl_csp,2,NoVisuals,60,8,4,0.5,0.5625
04,gazectrl_csp,3,FixedVideo,1,596,272,0.4563758389261745,0.4416580334219179
04,gazectrl_csp,3,FixedVideo,2,298,131,0.4395973154362416,0.4128192423764695
04,gazectrl_csp,3,FixedVideo,5,118,44,0.3728813559322034,0.38552140189600687
04,gazectrl_csp,3,FixedVideo,10,58,22,0.3793103448275862,0.3151010701545779
04,gazectrl_csp,3,FixedVideo,30,18,6,0.3333333333333333,0.24691358024691362
04,gazectrl_csp,3,FixedVideo,60,8,2,0.25,0.1875
04,gazectrl_csp,4,MovingVideo,1,596,315,0.5285234899328859,0.5555718210891403
04,gazectrl_csp,4,MovingVideo,2,298,169,0.5671140939597316,0.5935768659069411
04,gazectrl_csp,4,MovingVideo,5,118,71,0.6016949152542372,0.647515081873025
04,gazectrl_csp,4,MovingVideo,10,58,33,0.5689655172413793,0.6908442330558858
04,gazectrl_csp,4,MovingVideo,30,18,11,0.6111111111111112,0.8271604938271605
04,gazectrl_csp,4,MovingVideo,60,8,6,0.75,0.8125
04,gazectrl_csp,5,MovingTargetNoise,1,596,287,0.4815436241610738,0.4314557902797171
04,gazectrl_csp,5,MovingTargetNoise,2,298,135,0.45302013422818793,0.4036755101121571
04,gazectrl_csp,5,MovingTargetNoise,5,118,52,0.4406779661016949,0.3648376903188739
04,gazectrl_csp,5,MovingTargetNoise,10,58,28,0.4827586206896552,0.2913198573127229
04,gazectrl_csp,5,MovingTargetNoise,30,18,9,0.5,0.2345679012345679
04,gazectrl_csp,5,MovingTargetNoise,60,8,3,0.375,0.0625
04,gazectrl_csp,6,NoVisuals,1,596,339,0.5687919463087249,0.5614611954416469
04,gazectrl_csp,6,NoVisuals,2,298,173,0.5805369127516778,0.5868654565109679
04,gazectrl_csp,6,NoVisuals,5,118,68,0.576271186440678,0.6124676817006607
04,gazectrl_csp,6,NoVisuals,10,58,36,0.6206896551724138,0.6147443519619501
04,gazectrl_csp,6,NoVisuals,30,18,10,0.5555555555555556,0.5555555555555556
04,gazectrl_csp,6,NoVisuals,60,8,4,0.5,0.5
04,gazectrl_csp,7,FixedVideo,1,596,318,0.5335570469798657,0.5333093103914238
04,gazectrl_csp,7,FixedVideo,2,298,158,0.5302013422818792,0.5365073645331291
04,gazectrl_csp,7,FixedVideo,5,118,64,0.5423728813559322,0.5113473139902327
04,gazectrl_csp,7,FixedVideo,10,58,30,0.5172413793103449,0.4910820451843044
04,gazectrl_csp,7,FixedVideo,30,18,10,0.5555555555555556,0.5679012345679012
04,gazectrl_csp,7,FixedVideo,60,8,4,0.5,0.375
07,eog_ts,0,MovingVideo,1,596,322,0.540268456375839,0.5546146569974326
07,eog_ts,0,MovingVideo,2,298,163,0.5469798657718121,0.5635331741813432
07,eog_ts,0,MovingVideo,5,118,64,0.5423728813559322,0.5940821602987647
07,eog_ts,0,MovingVideo,10,58,32,0.5517241379310345,0.6171224732461356
07,eog_ts,0,MovingVideo,30,18,11,0.6111111111111112,0.7160493827160495
07,eog_ts,0,MovingVideo,60,8,6,0.75,0.8125
07,eog_ts,1,MovingTargetNoise,1,596,337,0.5654362416107382,0.5854128192423765
07,eog_ts,1,MovingTargetNoise,2,298,175,0.587248322147651,0.6188910409441016
07,eog_ts,1,MovingTargetNoise,5,118,73,0.6186440677966102,0.6113185866130422
07,eog_ts,1,MovingTargetNoise,10,58,34,0.5862068965517241,0.643281807372176
07,eog_ts,1,MovingTargetNoise,30,18,14,0.7777777777777778,0.7777777777777778
07,eog_ts,1,MovingTargetNoise,60,8,5,0.625,0.8125
07,eog_ts,2,MovingTargetNoise,1,596,301,0.5050335570469798,0.5021395432638169
07,eog_ts,2,MovingTargetNoise,2,298,150,0.5033557046979866,0.5027701454889419
07,eog_ts,2,MovingTargetNoise,5,118,71,0.6016949152542372,0.5851766733697213
07,eog_ts,2,MovingTargetNoise,10,58,34,0.5862068965517241,0.6373365041617123
07,eog_ts,2,MovingTargetNoise,30,18,12,0.6666666666666666,0.7160493827160495
07,eog_ts,2,MovingTargetNoise,60,8,6,0.75,0.5625
07,eog_ts,3,NoVisuals,1,596,325,0.5453020134228188,0.580165307869015
07,eog_ts,3,NoVisuals,2,298,167,0.5604026845637584,0.6020899959461286
07,eog_ts,3,NoVisuals,5,118,68,0.576271186440678,0.6377477736282677
07,eog_ts,3,NoVisuals,10,58,37,0.6379310344827587,0.6944114149821641
07,eog_ts,3,NoVisuals,30,18,13,0.7222222222222222,0.7901234567901234
07,eog_ts,3,NoVisuals,60,8,8,1.0,1.0
07,eog_ts,4,FixedVideo,1,596,261,0.43791946308724833,0.43412458898247824
07,eog_ts,4,FixedVideo,2,298,151,0.5067114093959731,0.48101436872212955
07,eog_ts,4,FixedVideo,5,118,69,0.5847457627118644,0.5667911519678253
07,eog_ts,4,FixedVideo,10,58,36,0.6206896551724138,0.6076099881093936
07,eog_ts,4,FixedVideo,30,18,12,0.6666666666666666,0.6666666666666667
07,eog_ts,4,FixedVideo,60,8,4,0.5,0.5625
07,eog_ts,5,MovingVideo,1,596,324,0.5436241610738255,0.5686230349984236
07,eog_ts,5,MovingVideo,2,298,168,0.5637583892617449,0.6124048466285302
07,eog_ts,5,MovingVideo,5,118,71,0.6016949152542372,0.6549841999425453
07,eog_ts,5,MovingVideo,10,58,35,0.603448275862069,0.6718192627824019
07,eog_ts,5,MovingVideo,30,18,14,0.7777777777777778,0.8148148148148148
07,eog_ts,5,MovingVideo,60,8,7,0.875,0.9375
07,eog_ts,6,NoVisuals,1,596,260,0.436241610738255,0.41287554614656996
07,eog_ts,6,NoVisuals,2,298,123,0.412751677852349,0.39056799243277324
07,eog_ts,6,NoVisuals,5,118,46,0.3898305084745763,0.3665613329503017
07,eog_ts,6,NoVisuals,10,58,21,0.3620689655172414,0.3139120095124851
07,eog_ts,6,NoVisuals,30,18,7,0.3888888888888889,0.345679012345679
07,eog_ts,6,NoVisuals,60,8,3,0.375,0.25
07,eog_ts,7,FixedVideo,1,596,301,0.5050335570469798,0.4676478537002838
07,eog_ts,7,FixedVideo,2,298,165,0.5536912751677853,0.5468672582316112
07,eog_ts,7,FixedVideo,5,118,85,0.7203389830508474,0.7693191611605862
07,eog_ts,7,FixedVideo,10,58,41,0.7068965517241379,0.8561236623067776
07,eog_ts,7,FixedVideo,30,18,13,0.7222222222222222,0.9135802469135803
07,eog_ts,7,FixedVideo,60,8,6,0.75,1.0
07,eeg_csp,0,MovingVideo,1,596,435,0.7298657718120806,0.8312350795009235
07,eeg_csp,0,MovingVideo,2,298,204,0.6845637583892618,0.8616728976172244
07,eeg_csp,0,MovingVideo,5,118,83,0.7033898305084746,0.8721631715024418
07,eeg_csp,0,MovingVideo,10,58,46,0.7931034482758621,0.9036860879904876
07,eeg_csp,0,MovingVideo,30,18,14,0.7777777777777778,0.9506172839506173
07,eeg_csp,0,MovingVideo,60,8,6,0.75,1.0
07,eeg_csp,1,MovingTargetNoise,1,596,352,0.5906040268456376,0.7128620332417458
07,eeg_csp,1,MovingTargetNoise,2,298,173,0.5805369127516778,0.6988423944867348
07,eeg_csp,1,MovingTargetNoise,5,118,68,0.576271186440678,0.686584314852054
07,eeg_csp,1,MovingTargetNoise,10,58,33,0.5689655172413793,0.7265160523186681
07,eeg_csp,1,MovingTargetNoise,30,18,10,0.5555555555555556,0.7283950617283951
07,eeg_csp,1,MovingTargetNoise,60,8,4,0.5,0.8125
07,eeg_csp,2,MovingTargetNoise,1,596,226,0.37919463087248323,0.2661141390027476
07,eeg_csp,2,MovingTargetNoise,2,298,88,0.2953020134228188,0.2153056168641052
07,eeg_csp,2,MovingTargetNoise,5,118,40,0.3389830508474576,0.23125538638322324
07,eeg_csp,2,MovingTargetNoise,10,58,16,0.27586206896551724,0.1961950059453032
07,eeg_csp,2,MovingTargetNoise,30,18,3,0.16666666666666666,0.13580246913580246
07,eeg_csp,2,MovingTargetNoise,60,8,1,0.125,0.25
07,eeg_csp,3,NoVisuals,1,596,216,0.3624161073825503,0.2930273411107608
07,eeg_csp,3,NoVisuals,2,298,95,0.3187919463087248,0.2696274942570155
07,eeg_csp,3,NoVisuals,5,118,27,0.2288135593220339,0.1778224648089629
07,eeg_csp,3,NoVisuals,10,58,8,0.13793103448275862,0.1117717003567182
07,eeg_csp,3,NoVisuals,30,18,3,0.16666666666666666,0.08641975308641976
07,eeg_csp,3,NoVisuals,60,8,0,0.0,0.0
07,eeg_csp,4,FixedVideo,1,596,204,0.3422818791946309,0.12174001171118418
07,eeg_csp,4,FixedVideo,2,298,110,0.3691275167785235,0.10954461510742759
07,eeg_csp,4,FixedVideo,5,118,45,0.3813559322033898,0.10514220051709278
07,eeg_csp,4,FixedVideo,10,58,23,0.39655172413793105,0.07015457788347207
07,eeg_csp,4,FixedVideo,30,18,7,0.3888888888888889,0.024691358024691367
07,eeg_csp,4,FixedVideo,60,8,3,0.375,0.0
07,eeg_csp,5,MovingVideo,1,596,196,0.3288590604026846,0.17767217692896717
07,eeg_csp,5,MovingVideo,2,298,102,0.3422818791946309,0.17035268681590918
07,eeg_csp,5,MovingVideo,5,118,43,0.3644067796610169,0.15196782533754669
07,eeg_csp,5,MovingVideo,10,58,23,0.39655172413793105,0.09988109393579073
07,eeg_csp,5,MovingVideo,30,18,7,0.3888888888888889,0.024691358024691367
07,eeg_csp,5,MovingVideo,60,8,3,0.375,0.0
07,eeg_csp,6,NoVisuals,1,596,223,0.37416107382550334,0.3174181343182739
07,eeg_csp,6,NoVisuals,2,298,112,0.37583892617449666,0.3176433493986758
07,eeg_csp,6,NoVisuals,5,118,36,0.3050847457627119,0.26055731111749497
07,eeg_csp,6,NoVisuals,10,58,14,0.2413793103448276,0.21878715814506544
07,eeg_csp,6,NoVisuals,30,18,4,0.2222222222222222,0.14814814814814817
07,eeg_csp,6,NoVisuals,60,8,1,0.125,0.0
07,eeg_csp,7,FixedVideo,1,596,254,0.4261744966442953,0.2565875411017522
07,eeg_csp,7,FixedVideo,2,298,130,0.436241610738255,0.20715283095356066
07,eeg_csp,7,FixedVideo,5,118,51,0.4322033898305085,0.1801206549842
07,eeg_csp,7,FixedVideo,10,58,24,0.41379310344827586,0.1605231866825208
07,eeg_csp,7,FixedVideo,30,18,8,0.4444444444444444,0.08641975308641976
07,eeg_csp,7,FixedVideo,60,8,3,0.375,0.0625
07,eeg_ts,0,MovingVideo,1,596,339,0.5687919463087249,0.581933246250169
07,eeg_ts,0,MovingVideo,2,298,165,0.5536912751677853,0.5863249403180036
07,eeg_ts,0,MovingVideo,5,118,70,0.5932203389830508,0.6578569376615915
07,eeg_ts,0,MovingVideo,10,58,39,0.6724137931034483,0.7395957193816886
07,eeg_ts,0,MovingVideo,30,18,10,0.5555555555555556,0.8148148148148148
07,eeg_ts,0,MovingVideo,60,8,5,0.625,0.875
07,eeg_ts,1,MovingTargetNoise,1,596,308,0.5167785234899329,0.5457524435836225
07,eeg_ts,1,MovingTargetNoise,2,298,151,0.5067114093959731,0.48808612224674564
07,eeg_ts,1,MovingTargetNoise,5,118,53,0.4491525423728814,0.4372306808388394
07,eeg_ts,1,MovingTargetNoise,10,58,29,0.5,0.4197384066587396
07,eeg_ts,1,MovingTargetNoise,30,18,10,0.5555555555555556,0.5432098765432098
07,eeg_ts,1,MovingTargetNoise,60,8,6,0.75,0.6875
07,eeg_ts,2,MovingTargetNoise,1,596,295,0.4949664429530201,0.46538444214224584
07,eeg_ts,2,MovingTargetNoise,2,298,138,0.46308724832214765,0.4276834376829872
07,eeg_ts,2,MovingTargetNoise,5,118,52,0.4406779661016949,0.4099396725079
07,eeg_ts,2,MovingTargetNoise,10,58,26,0.4482758620689655,0.35315101070154575
07,eeg_ts,2,MovingTargetNoise,30,18,9,0.5,0.345679012345679
07,eeg_ts,2,MovingTargetNoise,60,8,2,0.25,0.25
07,eeg_ts,3,NoVisuals,1,596,265,0.4446308724832215,0.42793117427142924
07,eeg_ts,3,NoVisuals,2,298,134,0.44966442953020136,0.4180892752578712
07,eeg_ts,3,NoVisuals,5,118,57,0.4830508474576271,0.4174087905774203
07,eeg_ts,3,NoVisuals,10,58,26,0.4482758620689655,0.3531510107015458
07,eeg_ts,3,NoVisuals,30,18,8,0.4444444444444444,0.2962962962962963
07,eeg_ts,3,NoVisuals,60,8,4,0.5,0.0
07,eeg_ts,4,FixedVideo,1,596,254,0.4261744966442953,0.40660330615738033
07,eeg_ts,4,FixedVideo,2,298,127,0.4261744966442953,0.42655736228097835
07,eeg_ts,4,FixedVideo,5,118,54,0.4576271186440678,0.43148520540074686
07,eeg_ts,4,FixedVideo,10,58,26,0.4482758620689655,0.4351961950059453
07,eeg_ts,4,FixedVideo,30,18,10,0.5555555555555556,0.5185185185185186
07,eeg_ts,4,FixedVideo,60,8,3,0.375,0.375
07,eeg_ts,5,MovingVideo,1,596,264,0.4429530201342282,0.4120760326111436
07,eeg_ts,5,MovingVideo,2,298,126,0.4228187919463087,0.4106121345885321
07,eeg_ts,5,MovingVideo,5,118,44,0.3728813559322034,0.3803504740017236
07,eeg_ts,5,MovingVideo,10,58,20,0.3448275862068966,0.34958382877526756
07,eeg_ts,5,MovingVideo,30,18,6,0.3333333333333333,0.308641975308642
07,eeg_ts,5,MovingVideo,60,8,4,0.5,0.3125
07,eeg_ts,6,NoVisuals,1,596,222,0.3724832214765101,0.3150984189901356
07,eeg_ts,6,NoVisuals,2,298,118,0.3959731543624161,0.29426602405297064
07,eeg_ts,6,NoVisuals,5,118,40,0.3389830508474576,0.27233553576558456
07,eeg_ts,6,NoVisuals,10,58,21,0.3620689655172414,0.21165279429250894
07,eeg_ts,6,NoVisuals,30,18,6,0.3333333333333333,0.12345679012345678
07,eeg_ts,6,NoVisuals,60,8,3,0.375,0.0
07,eeg_ts,7,FixedVideo,1,596,258,0.43288590604026844,0.3310774289446421
07,eeg_ts,7,FixedVideo,2,298,132,0.4429530201342282,0.33800279266699695
07,eeg_ts,7,FixedVideo,5,118,57,0.4830508474576271,0.4133869577707555
07,eeg_ts,7,FixedVideo,10,58,26,0.4482758620689655,0.4019024970273484
07,eeg_ts,7,FixedVideo,30,18,9,0.5,0.2592592592592593
07,eeg_ts,7,FixedVideo,60,8,4,0.5,0.1875
07,eeg_eogreg_ts,0,MovingVideo,1,596,347,0.5822147651006712,0.5874622764740327
07,eeg_eogreg_ts,0,MovingVideo,2,298,171,0.5738255033557047,0.577901896310977
07,eeg_eogreg_ts,0,MovingVideo,5,118,66,0.559322033898305,0.6299913817868429
07,eeg_eogreg_ts,0,MovingVideo,10,58,35,0.603448275862069,0.6813317479191439
07,eeg_eogreg_ts,0,MovingVideo,30,18,10,0.5555555555555556,0.7654320987654321
07,eeg_eogreg_ts,0,MovingVideo,60,8,5,0.625,0.875
07,eeg_eogreg_ts,1,MovingTargetNoise,1,596,304,0.5100671140939598,0.5247511373361561
07,eeg_eogreg_ts,1,MovingTargetNoise,2,298,144,0.48322147651006714,0.45781721544074594
07,eeg_eogreg_ts,1,MovingTargetNoise,5,118,52,0.4406779661016949,0.39557598391266874
07,eeg_eogreg_ts,1,MovingTargetNoise,10,58,26,0.4482758620689655,0.3876337693222354
07,eeg_eogreg_ts,1,MovingTargetNoise,30,18,7,0.3888888888888889,0.35802469135802467
07,eeg_eogreg_ts,1,MovingTargetNoise,60,8,6,0.75,0.5
07,eeg_eogreg_ts,2,MovingTargetNoise,1,596,276,0.46308724832214765,0.4473672357101032
07,eeg_eogreg_ts,2,MovingTargetNoise,2,298,136,0.4563758389261745,0.41489122111616594
07,eeg_eogreg_ts,2,MovingTargetNoise,5,118,49,0.4152542372881356,0.3656995116345877
07,eeg_eogreg_ts,2,MovingTargetNoise,10,58,24,0.41379310344827586,0.3210463733650416
07,eeg_eogreg_ts,2,MovingTargetNoise,30,18,8,0.4444444444444444,0.2716049382716049
07,eeg_eogreg_ts,2,MovingTargetNoise,60,8,1,0.125,0.125
07,eeg_eogreg_ts,3,NoVisuals,1,596,274,0.4597315436241611,0.4374465114184046
07,eeg_eogreg_ts,3,NoVisuals,2,298,150,0.5033557046979866,0.4515562362055764
07,eeg_eogreg_ts,3,NoVisuals,5,118,54,0.4576271186440678,0.4481470841712152
07,eeg_eogreg_ts,3,NoVisuals,10,58,25,0.43103448275862066,0.4173602853745541
07,eeg_eogreg_ts,3,NoVisuals,30,18,8,0.4444444444444444,0.35802469135802467
07,eeg_eogreg_ts,3,NoVisuals,60,8,4,0.5,0.0
07,eeg_eogreg_ts,4,FixedVideo,1,596,259,0.43456375838926176,0.398101436872213
07,eeg_eogreg_ts,4,FixedVideo,2,298,132,0.4429530201342282,0.40795459663979106
07,eeg_eogreg_ts,4,FixedVideo,5,118,49,0.4152542372881356,0.39787417408790576
07,eeg_eogreg_ts,4,FixedVideo,10,58,24,0.41379310344827586,0.380499405469679
07,eeg_eogreg_ts,4,FixedVideo,30,18,8,0.4444444444444444,0.32098765432098764
07,eeg_eogreg_ts,4,FixedVideo,60,8,2,0.25,0.25
07,eeg_eogreg_ts,5,MovingVideo,1,596,261,0.43791946308724833,0.3847912256204675
07,eeg_eogreg_ts,5,MovingVideo,2,298,126,0.4228187919463087,0.3876401963875501
07,eeg_eogreg_ts,5,MovingVideo,5,118,44,0.3728813559322034,0.3530594656707843
07,eeg_eogreg_ts,5,MovingVideo,10,58,21,0.3620689655172414,0.31747919143876335
07,eeg_eogreg_ts,5,MovingVideo,30,18,6,0.3333333333333333,0.25925925925925924
07,eeg_eogreg_ts,5,MovingVideo,60,8,4,0.5,0.125
07,eeg_eogreg_ts,6,NoVisuals,1,596,214,0.35906040268456374,0.2955384892572407
07,eeg_eogreg_ts,6,NoVisuals,2,298,111,0.3724832214765101,0.2762488176208279
07,eeg_eogreg_ts,6,NoVisuals,5,118,44,0.3728813559322034,0.267451881643206
07,eeg_eogreg_ts,6,NoVisuals,10,58,19,0.3275862068965517,0.2009512485136742
07,eeg_eogreg_ts,6,NoVisuals,30,18,7,0.3888888888888889,0.12345679012345678
07,eeg_eogreg_ts,6,NoVisuals,60,8,2,0.25,0.0
07,eeg_eogreg_ts,7,FixedVideo,1,596,257,0.4312080536912752,0.30491869735597493
07,eeg_eogreg_ts,7,FixedVideo,2,298,124,0.4161073825503356,0.2899418945092563
07,eeg_eogreg_ts,7,FixedVideo,5,118,53,0.4491525423728814,0.3013501867279517
07,eeg_eogreg_ts,7,FixedVideo,10,58,26,0.4482758620689655,0.2699167657550535
07,eeg_eogreg_ts,7,FixedVideo,30,18,9,0.5,0.09876543209876543
07,eeg_eogreg_ts,7,FixedVideo,60,8,4,0.5,0.1875
07,eeg_post_ts,0,MovingVideo,1,596,394,0.6610738255033557,0.7548533849826584
07,eeg_post_ts,0,MovingVideo,2,298,200,0.6711409395973155,0.7518129813972344
07,eeg_post_ts,0,MovingVideo,5,118,89,0.7542372881355932,0.7960356219477162
07,eeg_post_ts,0,MovingVideo,10,58,47,0.8103448275862069,0.8513674197384067
07,eeg_post_ts,0,MovingVideo,30,18,15,0.8333333333333334,0.9382716049382717
07,eeg_post_ts,0,MovingVideo,60,8,7,0.875,1.0
07,eeg_post_ts,1,MovingTargetNoise,1,596,355,0.5956375838926175,0.6639115355164181
07,eeg_post_ts,1,MovingTargetNoise,2,298,169,0.5671140939597316,0.6519976577631639
07,eeg_post_ts,1,MovingTargetNoise,5,118,63,0.5338983050847458,0.5742602700373456
07,eeg_post_ts,1,MovingTargetNoise,10,58,32,0.5517241379310345,0.5909631391200951
07,eeg_post_ts,1,MovingTargetNoise,30,18,12,0.6666666666666666,0.5925925925925926
07,eeg_post_ts,1,MovingTargetNoise,60,8,5,0.625,0.6875
07,eeg_post_ts,2,MovingTargetNoise,1,596,330,0.5536912751677853,0.5558308184316021
07,eeg_post_ts,2,MovingTargetNoise,2,298,164,0.5503355704697986,0.5430836448808612
07,eeg_post_ts,2,MovingTargetNoise,5,118,64,0.5423728813559322,0.5191037058316575
07,eeg_post_ts,2,MovingTargetNoise,10,58,31,0.5344827586206896,0.5184304399524375
07,eeg_post_ts,2,MovingTargetNoise,30,18,9,0.5,0.5061728395061729
07,eeg_post_ts,2,MovingTargetNoise,60,8,5,0.625,0.5625
07,eeg_post_ts,3,NoVisuals,1,596,297,0.4983221476510067,0.5347844691680554
07,eeg_post_ts,3,NoVisuals,2,298,156,0.5234899328859061,0.5072294040808973
07,eeg_post_ts,3,NoVisuals,5,118,60,0.5084745762711864,0.5185291582878483
07,eeg_post_ts,3,NoVisuals,10,58,32,0.5517241379310345,0.5434007134363852
07,eeg_post_ts,3,NoVisuals,30,18,10,0.5555555555555556,0.5061728395061729
07,eeg_post_ts,3,NoVisuals,60,8,4,0.5,0.5
07,eeg_post_ts,4,FixedVideo,1,596,347,0.5822147651006712,0.6263794423674609
07,eeg_post_ts,4,FixedVideo,2,298,166,0.5570469798657718,0.6053330931039143
07,eeg_post_ts,4,FixedVideo,5,118,64,0.5423728813559322,0.608445848893996
07,eeg_post_ts,4,FixedVideo,10,58,35,0.603448275862069,0.6373365041617123
07,eeg_post_ts,4,FixedVideo,30,18,14,0.7777777777777778,0.7530864197530864
07,eeg_post_ts,4,FixedVideo,60,8,6,0.75,0.8125
07,eeg_post_ts,5,MovingVideo,1,596,296,0.4966442953020134,0.4877257781181028
07,eeg_post_ts,5,MovingVideo,2,298,150,0.5033557046979866,0.5321832349894149
07,eeg_post_ts,5,MovingVideo,5,118,63,0.5338983050847458,0.5831657569663891
07,eeg_post_ts,5,MovingVideo,10,58,35,0.603448275862069,0.6195005945303211
07,eeg_post_ts,5,MovingVideo,30,18,8,0.4444444444444444,0.6419753086419754
07,eeg_post_ts,5,MovingVideo,60,8,5,0.625,0.75
07,eeg_post_ts,6,NoVisuals,1,596,297,0.4983221476510067,0.5100220710778793
07,eeg_post_ts,6,NoVisuals,2,298,154,0.5167785234899329,0.5190757173100311
07,eeg_post_ts,6,NoVisuals,5,118,64,0.5423728813559322,0.5532892846883078
07,eeg_post_ts,6,NoVisuals,10,58,29,0.5,0.5600475624256838
07,eeg_post_ts,6,NoVisuals,30,18,8,0.4444444444444444,0.7160493827160495
07,eeg_post_ts,6,NoVisuals,60,8,4,0.5,0.75
07,eeg_post_ts,7,FixedVideo,1,596,265,0.4446308724832215,0.36805774514661505
07,eeg_post_ts,7,FixedVideo,2,298,133,0.4463087248322148,0.4091257150578803
07,eeg_post_ts,7,FixedVideo,5,118,55,0.4661016949152542,0.4455616202240735
07,eeg_post_ts,7,FixedVideo,10,58,27,0.46551724137931033,0.42568370986920334
07,eeg_post_ts,7,FixedVideo,30,18,9,0.5,0.4320987654320988
07,eeg_post_ts,7,FixedVideo,60,8,4,0.5,0.5
07,eeg_alpha_ts,0,MovingVideo,1,596,304,0.5100671140939598,0.5231183280032431
07,eeg_alpha_ts,0,MovingVideo,2,298,151,0.5067114093959731,0.5334444394396649
07,eeg_alpha_ts,0,MovingVideo,5,118,68,0.576271186440678,0.5955185291582878
07,eeg_alpha_ts,0,MovingVideo,10,58,33,0.5689655172413793,0.6266349583828774
07,eeg_alpha_ts,0,MovingVideo,30,18,11,0.6111111111111112,0.6666666666666667
07,eeg_alpha_ts,0,MovingVideo,60,8,6,0.75,0.75
07,eeg_alpha_ts,1,MovingTargetNoise,1,596,313,0.5251677852348994,0.5355051574253412
07,eeg_alpha_ts,1,MovingTargetNoise,2,298,148,0.4966442953020134,0.5157425341200848
07,eeg_alpha_ts,1,MovingTargetNoise,5,118,56,0.4745762711864407,0.48463085320310256
07,eeg_alpha_ts,1,MovingTargetNoise,10,58,26,0.4482758620689655,0.46848989298454224
07,eeg_alpha_ts,1,MovingTargetNoise,30,18,8,0.4444444444444444,0.5679012345679013
07,eeg_alpha_ts,1,MovingTargetNoise,60,8,5,0.625,0.6875
07,eeg_alpha_ts,2,MovingTargetNoise,1,596,280,0.4697986577181208,0.4691004909688753
07,eeg_alpha_ts,2,MovingTargetNoise,2,298,142,0.47651006711409394,0.4587631187784334
07,eeg_alpha_ts,2,MovingTargetNoise,5,118,64,0.5423728813559322,0.4854926745188164
07,eeg_alpha_ts,2,MovingTargetNoise,10,58,25,0.43103448275862066,0.4375743162901309
07,eeg_alpha_ts,2,MovingTargetNoise,30,18,8,0.4444444444444444,0.3950617283950617
07,eeg_alpha_ts,2,MovingTargetNoise,60,8,4,0.5,0.25
07,eeg_alpha_ts,3,NoVisuals,1,596,287,0.4815436241610738,0.4698662222422414
07,eeg_alpha_ts,3,NoVisuals,2,298,142,0.47651006711409394,0.44835818206387096
07,eeg_alpha_ts,3,NoVisuals,5,118,57,0.4830508474576271,0.47888537776501006
07,eeg_alpha_ts,3,NoVisuals,10,58,29,0.5,0.5231866825208085
07,eeg_alpha_ts,3,NoVisuals,30,18,9,0.5,0.49382716049382713
07,eeg_alpha_ts,3,NoVisuals,60,8,4,0.5,0.5625
07,eeg_alpha_ts,4,FixedVideo,1,596,302,0.5067114093959731,0.5182086392504842
07,eeg_alpha_ts,4,FixedVideo,2,298,161,0.540268456375839,0.5440295482185487
07,eeg_alpha_ts,4,FixedVideo,5,118,61,0.5169491525423728,0.5621947716173513
07,eeg_alpha_ts,4,FixedVideo,10,58,32,0.5517241379310345,0.5778834720570749
07,eeg_alpha_ts,4,FixedVideo,30,18,9,0.5,0.6049382716049383
07,eeg_alpha_ts,4,FixedVideo,60,8,5,0.625,0.5
07,eeg_alpha_ts,5,MovingVideo,1,596,308,0.5167785234899329,0.510979235169587
07,eeg_alpha_ts,5,MovingVideo,2,298,140,0.4697986577181208,0.509977028061799
07,eeg_alpha_ts,5,MovingVideo,5,118,56,0.4745762711864407,0.5127836828497558
07,eeg_alpha_ts,5,MovingVideo,10,58,30,0.5172413793103449,0.5017835909631391
07,eeg_alpha_ts,5,MovingVideo,30,18,8,0.4444444444444444,0.49382716049382713
07,eeg_alpha_ts,5,MovingVideo,60,8,4,0.5,0.5625
07,eeg_alpha_ts,6,NoVisuals,1,596,296,0.4966442953020134,0.49646412323769207
07,eeg_alpha_ts,6,NoVisuals,2,298,141,0.47315436241610737,0.4718706364578172
07,eeg_alpha_ts,6,NoVisuals,5,118,54,0.4576271186440678,0.4604998563631141
07,eeg_alpha_ts,6,NoVisuals,10,58,24,0.41379310344827586,0.44114149821640897
07,eeg_alpha_ts,6,NoVisuals,30,18,8,0.4444444444444444,0.4814814814814815
07,eeg_alpha_ts,6,NoVisuals,60,8,3,0.375,0.4375
07,eeg_alpha_ts,7,FixedVideo,1,596,314,0.5268456375838926,0.5154947975316427
07,eeg_alpha_ts,7,FixedVideo,2,298,152,0.5100671140939598,0.5115084906085311
07,eeg_alpha_ts,7,FixedVideo,5,118,52,0.4406779661016949,0.49181269750071815
07,eeg_alpha_ts,7,FixedVideo,10,58,29,0.5,0.4780023781212842
07,eeg_alpha_ts,7,FixedVideo,30,18,9,0.5,0.46913580246913583
07,eeg_alpha_ts,7,FixedVideo,60,8,4,0.5,0.5
07,gazectrl_ts,0,MovingVideo,1,596,303,0.5083892617449665,0.5274537183009774
07,gazectrl_ts,0,MovingVideo,2,298,144,0.48322147651006714,0.48903202558443315
07,gazectrl_ts,0,MovingVideo,5,118,63,0.5338983050847458,0.5346164895145074
07,gazectrl_ts,0,MovingVideo,10,58,35,0.603448275862069,0.5731272294887039
07,gazectrl_ts,0,MovingVideo,30,18,12,0.6666666666666666,0.654320987654321
07,gazectrl_ts,0,MovingVideo,60,8,4,0.5,0.8125
07,gazectrl_ts,1,MovingTargetNoise,1,596,316,0.5302013422818792,0.5346493401198145
07,gazectrl_ts,1,MovingTargetNoise,2,298,155,0.5201342281879194,0.5126796090266205
07,gazectrl_ts,1,MovingTargetNoise,5,118,61,0.5169491525423728,0.5110600402183281
07,gazectrl_ts,1,MovingTargetNoise,10,58,34,0.5862068965517241,0.549346016646849
07,gazectrl_ts,1,MovingTargetNoise,30,18,11,0.6111111111111112,0.6049382716049383
07,gazectrl_ts,1,MovingTargetNoise,60,8,5,0.625,0.8125
07,gazectrl_ts,2,MovingTargetNoise,1,596,298,0.5,0.48235439845052025
07,gazectrl_ts,2,MovingTargetNoise,2,298,142,0.47651006711409394,0.4687176253321922
07,gazectrl_ts,2,MovingTargetNoise,5,118,61,0.5169491525423728,0.48922723355357656
07,gazectrl_ts,2,MovingTargetNoise,10,58,29,0.5,0.49821640903686093
07,gazectrl_ts,2,MovingTargetNoise,30,18,10,0.5555555555555556,0.4444444444444445
07,gazectrl_ts,2,MovingTargetNoise,60,8,4,0.5,0.25
07,gazectrl_ts,3,NoVisuals,1,596,293,0.49161073825503354,0.49122787261835055
07,gazectrl_ts,3,NoVisuals,2,298,140,0.4697986577181208,0.4565109679744155
07,gazectrl_ts,3,NoVisuals,5,118,60,0.5084745762711864,0.5076127549554725
07,gazectrl_ts,3,NoVisuals,10,58,23,0.39655172413793105,0.47919143876337694
07,gazectrl_ts,3,NoVisuals,30,18,7,0.3888888888888889,0.5061728395061729
07,gazectrl_ts,3,NoVisuals,60,8,3,0.375,0.4375
07,gazectrl_ts,4,FixedVideo,1,596,315,0.5285234899328859,0.5329151840007207
07,gazectrl_ts,4,FixedVideo,2,298,156,0.5234899328859061,0.5293905679924328
07,gazectrl_ts,4,FixedVideo,5,118,64,0.5423728813559322,0.573972996265441
07,gazectrl_ts,4,FixedVideo,10,58,31,0.5344827586206896,0.582639714625446
07,gazectrl_ts,4,FixedVideo,30,18,8,0.4444444444444444,0.6666666666666667
07,gazectrl_ts,4,FixedVideo,60,8,5,0.625,0.5625
07,gazectrl_ts,5,MovingVideo,1,596,310,0.5201342281879194,0.5385343002567452
07,gazectrl_ts,5,MovingVideo,2,298,164,0.5503355704697986,0.5357866762758434
07,gazectrl_ts,5,MovingVideo,5,118,62,0.5254237288135594,0.573972996265441
07,gazectrl_ts,5,MovingVideo,10,58,30,0.5172413793103449,0.6135552913198572
07,gazectrl_ts,5,MovingVideo,30,18,12,0.6666666666666666,0.7407407407407407
07,gazectrl_ts,5,MovingVideo,60,8,5,0.625,0.875
07,gazectrl_ts,6,NoVisuals,1,596,285,0.47818791946308725,0.471341381018873
07,gazectrl_ts,6,NoVisuals,2,298,130,0.436241610738255,0.43822350344579075
07,gazectrl_ts,6,NoVisuals,5,118,51,0.4322033898305085,0.4294742889974145
07,gazectrl_ts,6,NoVisuals,10,58,26,0.4482758620689655,0.42449464922711067
07,gazectrl_ts,6,NoVisuals,30,18,5,0.2777777777777778,0.32098765432098764
07,gazectrl_ts,6,NoVisuals,60,8,2,0.25,0.25
07,gazectrl_ts,7,FixedVideo,1,596,319,0.535234899328859,0.555920904463763
07,gazectrl_ts,7,FixedVideo,2,298,159,0.5335570469798657,0.5646142065672717
07,gazectrl_ts,7,FixedVideo,5,118,68,0.576271186440678,0.6032749209997127
07,gazectrl_ts,7,FixedVideo,10,58,35,0.603448275862069,0.6492271105826397
07,gazectrl_ts,7,FixedVideo,30,18,11,0.6111111111111112,0.7160493827160495
07,gazectrl_ts,7,FixedVideo,60,8,6,0.75,0.75
07,gazectrl_csp,0,MovingVideo,1,596,302,0.5067114093959731,0.5100445925859196
07,gazectrl_csp,0,MovingVideo,2,298,149,0.5,0.5136255123643079
07,gazectrl_csp,0,MovingVideo,5,118,59,0.5,0.5254237288135593
07,gazectrl_csp,0,MovingVideo,10,58,30,0.5172413793103449,0.525564803804994
07,gazectrl_csp,0,MovingVideo,30,18,9,0.5,0.5679012345679012
07,gazectrl_csp,0,MovingVideo,60,8,4,0.5,0.625
07,gazectrl_csp,1,MovingTargetNoise,1,596,301,0.5050335570469798,0.5010697716319086
07,gazectrl_csp,1,MovingTargetNoise,2,298,157,0.5268456375838926,0.532588622134138
07,gazectrl_csp,1,MovingTargetNoise,5,118,66,0.559322033898305,0.5834530307382937
07,gazectrl_csp,1,MovingTargetNoise,10,58,31,0.5344827586206896,0.6099881093935791
07,gazectrl_csp,1,MovingTargetNoise,30,18,10,0.5555555555555556,0.6666666666666667
07,gazectrl_csp,1,MovingTargetNoise,60,8,4,0.5,0.875
07,gazectrl_csp,2,MovingTargetNoise,1,596,303,0.5083892617449665,0.5182649430205847
07,gazectrl_csp,2,MovingTargetNoise,2,298,143,0.4798657718120805,0.5073645331291383
07,gazectrl_csp,2,MovingTargetNoise,5,118,57,0.4830508474576271,0.5291582878483194
07,gazectrl_csp,2,MovingTargetNoise,10,58,31,0.5344827586206896,0.5873959571938169
07,gazectrl_csp,2,MovingTargetNoise,30,18,10,0.5555555555555556,0.617283950617284
07,gazectrl_csp,2,MovingTargetNoise,60,8,4,0.5,0.625
07,gazectrl_csp,3,NoVisuals,1,596,293,0.49161073825503354,0.4953042655736228
07,gazectrl_csp,3,NoVisuals,2,298,142,0.47651006711409394,0.4811945407864511
07,gazectrl_csp,3,NoVisuals,5,118,55,0.4661016949152542,0.4656707842573973
07,gazectrl_csp,3,NoVisuals,10,58,28,0.4827586206896552,0.44589774078478006
07,gazectrl_csp,3,NoVisuals,30,18,9,0.5,0.4814814814814815
07,gazectrl_csp,3,NoVisuals,60,8,3,0.375,0.375
07,gazectrl_csp,4,FixedVideo,1,596,316,0.5302013422818792,0.5187829377055088
07,gazectrl_csp,4,FixedVideo,2,298,155,0.5201342281879194,0.5268231160758525
07,gazectrl_csp,4,FixedVideo,5,118,62,0.5254237288135594,0.5553002010916404
07,gazectrl_csp,4,FixedVideo,10,58,34,0.5862068965517241,0.5778834720570749
07,gazectrl_csp,4,FixedVideo,30,18,9,0.5,0.6419753086419753
07,gazectrl_csp,4,FixedVideo,60,8,4,0.5,0.5625
07,gazectrl_csp,5,MovingVideo,1,596,308,0.5167785234899329,0.5646029458132517
07,gazectrl_csp,5,MovingVideo,2,298,159,0.5335570469798657,0.5621368406828522
07,gazectrl_csp,5,MovingVideo,5,118,61,0.5169491525423728,0.5733984487216317
07,gazectrl_csp,5,MovingVideo,10,58,30,0.5172413793103449,0.6040428061831153
07,gazectrl_csp,5,MovingVideo,30,18,9,0.5,0.6296296296296297
07,gazectrl_csp,5,MovingVideo,60,8,4,0.5,0.75
07,gazectrl_csp,6,NoVisuals,1,596,305,0.511744966442953,0.49346876266834827
07,gazectrl_csp,6,NoVisuals,2,298,145,0.4865771812080537,0.4792126480789154
07,gazectrl_csp,6,NoVisuals,5,118,53,0.4491525423728814,0.47026716460787127
07,gazectrl_csp,6,NoVisuals,10,58,30,0.5172413793103449,0.4625445897740784
07,gazectrl_csp,6,NoVisuals,30,18,10,0.5555555555555556,0.46913580246913583
07,gazectrl_csp,6,NoVisuals,60,8,4,0.5,0.4375
07,gazectrl_csp,7,FixedVideo,1,596,317,0.5318791946308725,0.5276789333813792
07,gazectrl_csp,7,FixedVideo,2,298,154,0.5167785234899329,0.5278591054457007
07,gazectrl_csp,7,FixedVideo,5,118,66,0.559322033898305,0.511921861534042
07,gazectrl_csp,7,FixedVideo,10,58,33,0.5689655172413793,0.5422116527942925
07,gazectrl_csp,7,FixedVideo,30,18,10,0.5555555555555556,0.5679012345679013
07,gazectrl_csp,7,FixedVideo,60,8,4,0.5,0.5625
08,eog_ts,0,MovingVideo,1,596,246,0.412751677852349,0.31240709877933426
08,eog_ts,0,MovingVideo,2,298,110,0.3691275167785235,0.29782442232331874
08,eog_ts,0,MovingVideo,5,118,49,0.4152542372881356,0.3533467394426889
08,eog_ts,0,MovingVideo,10,58,20,0.3448275862068966,0.3043995243757432
08,eog_ts,0,MovingVideo,30,18,5,0.2777777777777778,0.13580246913580246
08,eog_ts,0,MovingVideo,60,8,2,0.25,0.0
08,eog_ts,1,MovingTargetNoise,1,596,268,0.44966442953020136,0.42079185622269266
08,eog_ts,1,MovingTargetNoise,2,298,129,0.43288590604026844,0.4189000495473177
08,eog_ts,1,MovingTargetNoise,5,118,53,0.4491525423728814,0.4093651249640908
08,eog_ts,1,MovingTargetNoise,10,58,21,0.3620689655172414,0.3472057074910821
08,eog_ts,1,MovingTargetNoise,30,18,5,0.2777777777777778,0.22222222222222224
08,eog_ts,1,MovingTargetNoise,60,8,2,0.25,0.25
08,eog_ts,2,NoVisuals,1,596,127,0.21308724832214765,0.1312891311202198
08,eog_ts,2,NoVisuals,2,298,64,0.21476510067114093,0.13017431647223096
08,eog_ts,2,NoVisuals,5,118,28,0.23728813559322035,0.14995690893421432
08,eog_ts,2,NoVisuals,10,58,12,0.20689655172413793,0.12485136741973839
08,eog_ts,2,NoVisuals,30,18,4,0.2222222222222222,0.061728395061728406
08,eog_ts,2,NoVisuals,60,8,1,0.125,0.0
08,eog_ts,3,FixedVideo,1,596,209,0.35067114093959734,0.27957074005675425
08,eog_ts,3,FixedVideo,2,298,105,0.3523489932885906,0.2745822260258547
08,eog_ts,3,FixedVideo,5,118,39,0.3305084745762712,0.26601551278368285
08,eog_ts,3,FixedVideo,10,58,15,0.25862068965517243,0.17954815695600476
08,eog_ts,3,FixedVideo,30,18,3,0.16666666666666666,0.09876543209876545
08,eog_ts,3,FixedVideo,60,8,2,0.25,0.125
08,eog_ts,4,MovingVideo,1,596,260,0.436241610738255,0.42656862303499843
08,eog_ts,4,MovingVideo,2,298,128,0.42953020134228187,0.4185847484347552
08,eog_ts,4,MovingVideo,5,118,56,0.4745762711864407,0.44872163171502444
08,eog_ts,4,MovingVideo,10,58,24,0.41379310344827586,0.4328180737217598
08,eog_ts,4,MovingVideo,30,18,7,0.3888888888888889,0.29629629629629634
08,eog_ts,4,MovingVideo,60,8,2,0.25,0.0625
08,eog_ts,5,MovingTargetNoise,1,596,219,0.3674496644295302,0.31644970947254625
08,eog_ts,5,MovingTargetNoise,2,298,112,0.37583892617449666,0.33066078104589886
08,eog_ts,5,MovingTargetNoise,5,118,44,0.3728813559322034,0.3234702671646079
08,eog_ts,5,MovingTargetNoise,10,58,15,0.25862068965517243,0.28180737217598095
08,eog_ts,5,MovingTargetNoise,30,18,3,0.16666666666666666,0.2098765432098766
08,eog_ts,5,MovingTargetNoise,60,8,2,0.25,0.1875
08,eog_ts,6,NoVisuals,1,596,186,0.31208053691275167,0.26073149858114497
08,eog_ts,6,NoVisuals,2,298,89,0.2986577181208054,0.25629476149722985
08,eog_ts,6,NoVisuals,5,118,37,0.3135593220338983,0.24877908646940536
08,eog_ts,6,NoVisuals,10,58,18,0.3103448275862069,0.18549346016646848
08,eog_ts,6,NoVisuals,30,18,4,0.2222222222222222,0.08641975308641978
08,eog_ts,6,NoVisuals,60,8,2,0.25,0.0625
08,eog_ts,7,FixedVideo,1,596,305,0.511744966442953,0.5327237511823791
08,eog_ts,7,FixedVideo,2,298,168,0.5637583892617449,0.5623620557632539
08,eog_ts,7,FixedVideo,5,118,62,0.5254237288135594,0.5383510485492674
08,eog_ts,7,FixedVideo,10,58,32,0.5517241379310345,0.5659928656361475
08,eog_ts,7,FixedVideo,30,18,12,0.6666666666666666,0.6419753086419753
08,eog_ts,7,FixedVideo,60,8,6,0.75,0.625
08,eeg_csp,0,MovingVideo,1,596,267,0.44798657718120805,0.4459258591955318
08,eeg_csp,0,MovingVideo,2,298,140,0.4697986577181208,0.4620963019683798
08,eeg_csp,0,MovingVideo,5,118,53,0.4491525423728814,0.40534329215742604
08,eeg_csp,0,MovingVideo,10,58,27,0.46551724137931033,0.4399524375743163
08,eeg_csp,0,MovingVideo,30,18,9,0.5,0.39506172839506176
08,eeg_csp,0,MovingVideo,60,8,4,0.5,0.5625
08,eeg_csp,1,MovingTargetNoise,1,596,368,0.6174496644295302,0.6915679473897572
08,eeg_csp,1,MovingTargetNoise,2,298,176,0.5906040268456376,0.6888428449168956
08,eeg_csp,1,MovingTargetNoise,5,118,75,0.635593220338983,0.7236426314277505
08,eeg_csp,1,MovingTargetNoise,10,58,40,0.6896551724137931,0.7788347205707491
08,eeg_csp,1,MovingTargetNoise,30,18,12,0.6666666666666666,0.8271604938271605
08,eeg_csp,1,MovingTargetNoise,60,8,5,0.625,1.0
08,eeg_csp,2,NoVisuals,1,596,283,0.4748322147651007,0.46772667897842446
08,eeg_csp,2,NoVisuals,2,298,130,0.436241610738255,0.48596910049096886
08,eeg_csp,2,NoVisuals,5,118,49,0.4152542372881356,0.439816144785981
08,eeg_csp,2,NoVisuals,10,58,26,0.4482758620689655,0.441141498216409
08,eeg_csp,2,NoVisuals,30,18,4,0.2222222222222222,0.3209876543209877
08,eeg_csp,2,NoVisuals,60,8,2,0.25,0.3125
08,eeg_csp,3,FixedVideo,1,596,413,0.6929530201342282,0.7563398045133102
08,eeg_csp,3,FixedVideo,2,298,215,0.7214765100671141,0.7673528219449572
08,eeg_csp,3,FixedVideo,5,118,87,0.7372881355932204,0.818442976156277
08,eeg_csp,3,FixedVideo,10,58,46,0.7931034482758621,0.8394768133174791
08,eeg_csp,3,FixedVideo,30,18,16,0.8888888888888888,0.9259259259259259
08,eeg_csp,3,FixedVideo,60,8,8,1.0,1.0
08,eeg_csp,4,MovingVideo,1,596,341,0.5721476510067114,0.6188009549119409
08,eeg_csp,4,MovingVideo,2,298,161,0.540268456375839,0.5391649024818703
08,eeg_csp,4,MovingVideo,5,118,55,0.4661016949152542,0.4817581154840562
08,eeg_csp,4,MovingVideo,10,58,27,0.46551724137931033,0.4946492271105827
08,eeg_csp,4,MovingVideo,30,18,11,0.6111111111111112,0.5555555555555556
08,eeg_csp,4,MovingVideo,60,8,6,0.75,0.6875
08,eeg_csp,5,MovingTargetNoise,1,596,254,0.4261744966442953,0.3722580063961083
08,eeg_csp,5,MovingTargetNoise,2,298,124,0.4161073825503356,0.304670960767533
08,eeg_csp,5,MovingTargetNoise,5,118,51,0.4322033898305085,0.2941683424303361
08,eeg_csp,5,MovingTargetNoise,10,58,27,0.46551724137931033,0.2330558858501784
08,eeg_csp,5,MovingTargetNoise,30,18,9,0.5,0.14814814814814817
08,eeg_csp,5,MovingTargetNoise,60,8,4,0.5,0.125
08,eeg_csp,6,NoVisuals,1,596,382,0.6409395973154363,0.7037520832394937
08,eeg_csp,6,NoVisuals,2,298,196,0.6577181208053692,0.7628935633530021
08,eeg_csp,6,NoVisuals,5,118,78,0.6610169491525424,0.7673082447572537
08,eeg_csp,6,NoVisuals,10,58,43,0.7413793103448276,0.821640903686088
08,eeg_csp,6,NoVisuals,30,18,15,0.8333333333333334,0.9259259259259259
08,eeg_csp,6,NoVisuals,60,8,6,0.75,1.0
08,eeg_csp,7,FixedVideo,1,596,356,0.5973154362416108,0.6293410206747444
08,eeg_csp,7,FixedVideo,2,298,170,0.5704697986577181,0.6109184270978785
08,eeg_csp,7,FixedVideo,5,118,76,0.6440677966101694,0.7219189887963229
08,eeg_csp,7,FixedVideo,10,58,35,0.603448275862069,0.746730083234245
08,eeg_csp,7,FixedVideo,30,18,12,0.6666666666666666,0.8148148148148148
08,eeg_csp,7,FixedVideo,60,8,6,0.75,0.8125
08,eeg_ts,0,MovingVideo,1,596,360,0.6040268456375839,0.6548128462681861
08,eeg_ts,0,MovingVideo,2,298,186,0.6241610738255033,0.657447862708887
08,eeg_ts,0,MovingVideo,5,118,77,0.652542372881356,0.675093363975869
08,eeg_ts,0,MovingVideo,10,58,36,0.6206896551724138,0.7086801426872771
08,eeg_ts,0,MovingVideo,30,18,15,0.8333333333333334,0.8765432098765431
08,eeg_ts,0,MovingVideo,60,8,7,0.875,0.9375
08,eeg_ts,1,MovingTargetNoise,1,596,285,0.47818791946308725,0.4921962974640782
08,eeg_ts,1,MovingTargetNoise,2,298,156,0.5234899328859061,0.5371830097743345
08,eeg_ts,1,MovingTargetNoise,5,118,73,0.6186440677966102,0.6087331226659005
08,eeg_ts,1,MovingTargetNoise,10,58,36,0.6206896551724138,0.6504161712247325
08,eeg_ts,1,MovingTargetNoise,30,18,11,0.6111111111111112,0.691358024691358
08,eeg_ts,1,MovingTargetNoise,60,8,6,0.75,0.875
08,eeg_ts,2,NoVisuals,1,596,338,0.5671140939597316,0.6053668753659747
08,eeg_ts,2,NoVisuals,2,298,183,0.6140939597315436,0.6514120985541192
08,eeg_ts,2,NoVisuals,5,118,79,0.6694915254237288,0.7069807526572824
08,eeg_ts,2,NoVisuals,10,58,40,0.6896551724137931,0.7764565992865636
08,eeg_ts,2,NoVisuals,30,18,14,0.7777777777777778,0.9135802469135803
08,eeg_ts,2,NoVisuals,60,8,6,0.75,0.9375
08,eeg_ts,3,FixedVideo,1,596,344,0.5771812080536913,0.6226296112787713
08,eeg_ts,3,FixedVideo,2,298,178,0.5973154362416108,0.6439349578847798
08,eeg_ts,3,FixedVideo,5,118,70,0.5932203389830508,0.6288422866992244
08,eeg_ts,3,FixedVideo,10,58,35,0.603448275862069,0.6670630202140309
08,eeg_ts,3,FixedVideo,30,18,14,0.7777777777777778,0.8765432098765432
08,eeg_ts,3,FixedVideo,60,8,6,0.75,1.0
08,eeg_ts,4,MovingVideo,1,596,314,0.5268456375838926,0.5609882437728031
08,eeg_ts,4,MovingVideo,2,298,157,0.5268456375838926,0.5552452592225575
08,eeg_ts,4,MovingVideo,5,118,64,0.5423728813559322,0.5403619649525998
08,eeg_ts,4,MovingVideo,10,58,32,0.5517241379310345,0.5659928656361475
08,eeg_ts,4,MovingVideo,30,18,10,0.5555555555555556,0.6049382716049383
08,eeg_ts,4,MovingVideo,60,8,5,0.625,0.75
08,eeg_ts,5,MovingTargetNoise,1,596,298,0.5,0.5070379712625557
08,eeg_ts,5,MovingTargetNoise,2,298,147,0.49328859060402686,0.4979955857844241
08,eeg_ts,5,MovingTargetNoise,5,118,63,0.5338983050847458,0.4550416546969262
08,eeg_ts,5,MovingTargetNoise,10,58,26,0.4482758620689655,0.46254458977407853
08,eeg_ts,5,MovingTargetNoise,30,18,7,0.3888888888888889,0.308641975308642
08,eeg_ts,5,MovingTargetNoise,60,8,3,0.375,0.3125
08,eeg_ts,6,NoVisuals,1,596,341,0.5721476510067114,0.6034187649204991
08,eeg_ts,6,NoVisuals,2,298,164,0.5503355704697986,0.6118643304355659
08,eeg_ts,6,NoVisuals,5,118,67,0.5677966101694916,0.5883366848606723
08,eeg_ts,6,NoVisuals,10,58,33,0.5689655172413793,0.60166468489893
08,eeg_ts,6,NoVisuals,30,18,14,0.7777777777777778,0.7777777777777778
08,eeg_ts,6,NoVisuals,60,8,6,0.75,0.625
08,eeg_ts,7,FixedVideo,1,596,378,0.6342281879194631,0.6721544074591235
08,eeg_ts,7,FixedVideo,2,298,201,0.674496644295302,0.687131210305842
08,eeg_ts,7,FixedVideo,5,118,81,0.6864406779661016,0.760126400459638
08,eeg_ts,7,FixedVideo,10,58,40,0.6896551724137931,0.8097502972651605
08,eeg_ts,7,FixedVideo,30,18,15,0.8333333333333334,0.9012345679012346
08,eeg_ts,7,FixedVideo,60,8,6,0.75,0.9375
08,eeg_eogreg_ts,0,MovingVideo,1,596,353,0.5922818791946308,0.654553848925724
08,eeg_eogreg_ts,0,MovingVideo,2,298,183,0.6140939597315436,0.6537543353902978
08,eeg_eogreg_ts,0,MovingVideo,5,118,76,0.6440677966101694,0.6693478885377765
08,eeg_eogreg_ts,0,MovingVideo,10,58,35,0.603448275862069,0.7122473246135553
08,eeg_eogreg_ts,0,MovingVideo,30,18,14,0.7777777777777778,0.9012345679012346
08,eeg_eogreg_ts,0,MovingVideo,60,8,7,0.875,0.9375
08,eeg_eogreg_ts,1,MovingTargetNoise,1,596,272,0.4563758389261745,0.43434980406288004
08,eeg_eogreg_ts,1,MovingTargetNoise,2,298,143,0.4798657718120805,0.4687176253321922
08,eeg_eogreg_ts,1,MovingTargetNoise,5,118,64,0.5423728813559322,0.5432347026716461
08,eeg_eogreg_ts,1,MovingTargetNoise,10,58,30,0.5172413793103449,0.573127229488704
08,eeg_eogreg_ts,1,MovingTargetNoise,30,18,11,0.6111111111111112,0.6172839506172839
08,eeg_eogreg_ts,1,MovingTargetNoise,60,8,4,0.5,0.75
08,eeg_eogreg_ts,2,NoVisuals,1,596,361,0.6057046979865772,0.6753524616008287
08,eeg_eogreg_ts,2,NoVisuals,2,298,188,0.6308724832214765,0.7125354713751632
08,eeg_eogreg_ts,2,NoVisuals,5,118,81,0.6864406779661016,0.7690318873886813
08,eeg_eogreg_ts,2,NoVisuals,10,58,44,0.7586206896551724,0.8525564803804994
08,eeg_eogreg_ts,2,NoVisuals,30,18,15,0.8333333333333334,0.9382716049382717
08,eeg_eogreg_ts,2,NoVisuals,60,8,8,1.0,1.0
08,eeg_eogreg_ts,3,FixedVideo,1,596,346,0.5805369127516778,0.5966735732624657
08,eeg_eogreg_ts,3,FixedVideo,2,298,187,0.62751677852349,0.6370884194405657
08,eeg_eogreg_ts,3,FixedVideo,5,118,63,0.5338983050847458,0.6167767882792301
08,eeg_eogreg_ts,3,FixedVideo,10,58,29,0.5,0.6599286563614745
08,eeg_eogreg_ts,3,FixedVideo,30,18,12,0.6666666666666666,0.8518518518518519
08,eeg_eogreg_ts,3,FixedVideo,60,8,6,0.75,0.9375
08,eeg_eogreg_ts,4,MovingVideo,1,596,339,0.5687919463087249,0.6096347011395882
08,eeg_eogreg_ts,4,MovingVideo,2,298,167,0.5604026845637584,0.6093869645511463
08,eeg_eogreg_ts,4,MovingVideo,5,118,69,0.5847457627118644,0.6113185866130422
08,eeg_eogreg_ts,4,MovingVideo,10,58,40,0.6896551724137931,0.6599286563614742
08,eeg_eogreg_ts,4,MovingVideo,30,18,10,0.5555555555555556,0.7654320987654322
08,eeg_eogreg_ts,4,MovingVideo,60,8,8,1.0,1.0
08,eeg_eogreg_ts,5,MovingTargetNoise,1,596,322,0.540268456375839,0.5523512454393946
08,eeg_eogreg_ts,5,MovingTargetNoise,2,298,158,0.5302013422818792,0.5377235259672988
08,eeg_eogreg_ts,5,MovingTargetNoise,5,118,52,0.4406779661016949,0.48405630565929325
08,eeg_eogreg_ts,5,MovingTargetNoise,10,58,29,0.5,0.4934601664684899
08,eeg_eogreg_ts,5,MovingTargetNoise,30,18,9,0.5,0.40740740740740744
08,eeg_eogreg_ts,5,MovingTargetNoise,60,8,3,0.375,0.4375
08,eeg_eogreg_ts,6,NoVisuals,1,596,354,0.5939597315436241,0.6637313634520968
08,eeg_eogreg_ts,6,NoVisuals,2,298,181,0.6073825503355704,0.7007792441781902
08,eeg_eogreg_ts,6,NoVisuals,5,118,79,0.6694915254237288,0.7454754380925022
08,eeg_eogreg_ts,6,NoVisuals,10,58,39,0.6724137931034483,0.8335315101070154
08,eeg_eogreg_ts,6,NoVisuals,30,18,15,0.8333333333333334,0.9753086419753086
08,eeg_eogreg_ts,6,NoVisuals,60,8,6,0.75,1.0
08,eeg_eogreg_ts,7,FixedVideo,1,596,393,0.6593959731543624,0.7118260438718977
08,eeg_eogreg_ts,7,FixedVideo,2,298,196,0.6577181208053692,0.7149677942435024
08,eeg_eogreg_ts,7,FixedVideo,5,118,87,0.7372881355932204,0.8098247629991382
08,eeg_eogreg_ts,7,FixedVideo,10,58,47,0.8103448275862069,0.8668252080856124
08,eeg_eogreg_ts,7,FixedVideo,30,18,17,0.9444444444444444,0.962962962962963
08,eeg_eogreg_ts,7,FixedVideo,60,8,7,0.875,1.0
08,eeg_post_ts,0,MovingVideo,1,596,370,0.6208053691275168,0.6860726994279538
08,eeg_post_ts,0,MovingVideo,2,298,180,0.6040268456375839,0.6873113823701635
08,eeg_post_ts,0,MovingVideo,5,118,73,0.6186440677966102,0.7089916690606147
08,eeg_post_ts,0,MovingVideo,10,58,44,0.7586206896551724,0.7954815695600476
08,eeg_post_ts,0,MovingVideo,30,18,17,0.9444444444444444,0.9506172839506173
08,eeg_post_ts,0,MovingVideo,60,8,8,1.0,1.0
08,eeg_post_ts,1,MovingTargetNoise,1,596,389,0.6526845637583892,0.7120625197063195
08,eeg_post_ts,1,MovingTargetNoise,2,298,195,0.6543624161073825,0.7400117111841807
08,eeg_post_ts,1,MovingTargetNoise,5,118,83,0.7033898305084746,0.7776501005458202
08,eeg_post_ts,1,MovingTargetNoise,10,58,47,0.8103448275862069,0.8418549346016646
08,eeg_post_ts,1,MovingTargetNoise,30,18,15,0.8333333333333334,0.9382716049382716
08,eeg_post_ts,1,MovingTargetNoise,60,8,7,0.875,0.9375
08,eeg_post_ts,2,NoVisuals,1,596,312,0.5234899328859061,0.5787464528624836
08,eeg_post_ts,2,NoVisuals,2,298,178,0.5973154362416108,0.6324489887842889
08,eeg_post_ts,2,NoVisuals,5,118,77,0.652542372881356,0.6989370870439529
08,eeg_post_ts,2,NoVisuals,10,58,41,0.7068965517241379,0.7752675386444708
08,eeg_post_ts,2,NoVisuals,30,18,15,0.8333333333333334,0.9135802469135803
08,eeg_post_ts,2,NoVisuals,60,8,8,1.0,1.0
08,eeg_post_ts,3,FixedVideo,1,596,348,0.5838926174496645,0.6314355209224809
08,eeg_post_ts,3,FixedVideo,2,298,179,0.6006711409395973,0.6370884194405657
08,eeg_post_ts,3,FixedVideo,5,118,65,0.5508474576271186,0.6090203964378053
08,eeg_post_ts,3,FixedVideo,10,58,36,0.6206896551724138,0.6623067776456599
08,eeg_post_ts,3,FixedVideo,30,18,14,0.7777777777777778,0.8765432098765432
08,eeg_post_ts,3,FixedVideo,60,8,6,0.75,0.9375
08,eeg_post_ts,4,MovingVideo,1,596,333,0.5587248322147651,0.5817981172019279
08,eeg_post_ts,4,MovingVideo,2,298,165,0.5536912751677853,0.602900770235575
08,eeg_post_ts,4,MovingVideo,5,118,75,0.635593220338983,0.6529732835392128
08,eeg_post_ts,4,MovingVideo,10,58,36,0.6206896551724138,0.6765755053507728
08,eeg_post_ts,4,MovingVideo,30,18,12,0.6666666666666666,0.7530864197530864
08,eeg_post_ts,4,MovingVideo,60,8,6,0.75,0.75
08,eeg_post_ts,5,MovingTargetNoise,1,596,299,0.5016778523489933,0.4895049772532769
08,eeg_post_ts,5,MovingTargetNoise,2,298,137,0.4597315436241611,0.44565560109904967
08,eeg_post_ts,5,MovingTargetNoise,5,118,53,0.4491525423728814,0.3964378052283826
08,eeg_post_ts,5,MovingTargetNoise,10,58,24,0.41379310344827586,0.3472057074910821
08,eeg_post_ts,5,MovingTargetNoise,30,18,6,0.3333333333333333,0.30864197530864196
08,eeg_post_ts,5,MovingTargetNoise,60,8,3,0.375,0.4375
08,eeg_post_ts,6,NoVisuals,1,596,341,0.5721476510067114,0.6181140489167155
08,eeg_post_ts,6,NoVisuals,2,298,176,0.5906040268456376,0.6185757398315391
08,eeg_post_ts,6,NoVisuals,5,118,80,0.6779661016949152,0.746337259408216
08,eeg_post_ts,6,NoVisuals,10,58,41,0.7068965517241379,0.8109393579072531
08,eeg_post_ts,6,NoVisuals,30,18,14,0.7777777777777778,0.9012345679012346
08,eeg_post_ts,6,NoVisuals,60,8,8,1.0,1.0
08,eeg_post_ts,7,FixedVideo,1,596,343,0.575503355704698,0.6105468222152156
08,eeg_post_ts,7,FixedVideo,2,298,179,0.6006711409395973,0.636863204360164
08,eeg_post_ts,7,FixedVideo,5,118,78,0.6610169491525424,0.7015225509910945
08,eeg_post_ts,7,FixedVideo,10,58,41,0.7068965517241379,0.7538644470868014
08,eeg_post_ts,7,FixedVideo,30,18,14,0.7777777777777778,0.888888888888889
08,eeg_post_ts,7,FixedVideo,60,8,7,0.875,0.9375
08,eeg_alpha_ts,0,MovingVideo,1,596,305,0.511744966442953,0.5276001081032387
08,eeg_alpha_ts,0,MovingVideo,2,298,150,0.5033557046979866,0.5023197153281385
08,eeg_alpha_ts,0,MovingVideo,5,118,58,0.4915254237288136,0.5380637747773629
08,eeg_alpha_ts,0,MovingVideo,10,58,29,0.5,0.5160523186682521
08,eeg_alpha_ts,0,MovingVideo,30,18,9,0.5,0.6419753086419753
08,eeg_alpha_ts,0,MovingVideo,60,8,4,0.5,0.6875
08,eeg_alpha_ts,1,MovingTargetNoise,1,596,286,0.4798657718120805,0.4803950272510248
08,eeg_alpha_ts,1,MovingTargetNoise,2,298,149,0.5,0.473987658213594
08,eeg_alpha_ts,1,MovingTargetNoise,5,118,61,0.5169491525423728,0.4576271186440678
08,eeg_alpha_ts,1,MovingTargetNoise,10,58,25,0.43103448275862066,0.4494649227110583
08,eeg_alpha_ts,1,MovingTargetNoise,30,18,9,0.5,0.5308641975308641
08,eeg_alpha_ts,1,MovingTargetNoise,60,8,3,0.375,0.3125
08,eeg_alpha_ts,2,NoVisuals,1,596,281,0.4714765100671141,0.4481442277374893
08,eeg_alpha_ts,2,NoVisuals,2,298,135,0.45302013422818793,0.42925994324579975
08,eeg_alpha_ts,2,NoVisuals,5,118,50,0.423728813559322,0.3763286411950589
08,eeg_alpha_ts,2,NoVisuals,10,58,23,0.39655172413793105,0.3353151010701546
08,eeg_alpha_ts,2,NoVisuals,30,18,7,0.3888888888888889,0.2345679012345679
08,eeg_alpha_ts,2,NoVisuals,60,8,3,0.375,0.125
08,eeg_alpha_ts,3,FixedVideo,1,596,304,0.5100671140939598,0.5414057925318679
08,eeg_alpha_ts,3,FixedVideo,2,298,156,0.5234899328859061,0.524616008287915
08,eeg_alpha_ts,3,FixedVideo,5,118,58,0.4915254237288136,0.5096236713588049
08,eeg_alpha_ts,3,FixedVideo,10,58,32,0.5517241379310345,0.5422116527942925
08,eeg_alpha_ts,3,FixedVideo,30,18,8,0.4444444444444444,0.5432098765432098
08,eeg_alpha_ts,3,FixedVideo,60,8,5,0.625,0.5625
08,eeg_alpha_ts,4,MovingVideo,1,596,277,0.46476510067114096,0.4646074501148597
08,eeg_alpha_ts,4,MovingVideo,2,298,134,0.44966442953020136,0.4216026305121391
08,eeg_alpha_ts,4,MovingVideo,5,118,49,0.4152542372881356,0.3935650675093364
08,eeg_alpha_ts,4,MovingVideo,10,58,22,0.3793103448275862,0.3376932223543401
08,eeg_alpha_ts,4,MovingVideo,30,18,5,0.2777777777777778,0.24691358024691357
08,eeg_alpha_ts,4,MovingVideo,60,8,1,0.125,0.0
08,eeg_alpha_ts,5,MovingTargetNoise,1,596,290,0.4865771812080537,0.47631863429575244
08,eeg_alpha_ts,5,MovingTargetNoise,2,298,151,0.5067114093959731,0.4858339714427278
08,eeg_alpha_ts,5,MovingTargetNoise,5,118,55,0.4661016949152542,0.46394714162596956
08,eeg_alpha_ts,5,MovingTargetNoise,10,58,26,0.4482758620689655,0.4661117717003568
08,eeg_alpha_ts,5,MovingTargetNoise,30,18,8,0.4444444444444444,0.345679012345679
08,eeg_alpha_ts,5,MovingTargetNoise,60,8,3,0.375,0.3125
08,eeg_alpha_ts,6,NoVisuals,1,596,304,0.5100671140939598,0.5173866042070177
08,eeg_alpha_ts,6,NoVisuals,2,298,155,0.5201342281879194,0.5116436196567722
08,eeg_alpha_ts,6,NoVisuals,5,118,61,0.5169491525423728,0.5274346452168917
08,eeg_alpha_ts,6,NoVisuals,10,58,31,0.5344827586206896,0.55410225921522
08,eeg_alpha_ts,6,NoVisuals,30,18,11,0.6111111111111112,0.5555555555555556
08,eeg_alpha_ts,6,NoVisuals,60,8,4,0.5,0.5
08,eeg_alpha_ts,7,FixedVideo,1,596,289,0.4848993288590604,0.48820999054096664
08,eeg_alpha_ts,7,FixedVideo,2,298,138,0.46308724832214765,0.4495743434980406
08,eeg_alpha_ts,7,FixedVideo,5,118,52,0.4406779661016949,0.42257971847170356
08,eeg_alpha_ts,7,FixedVideo,10,58,25,0.43103448275862066,0.4030915576694411
08,eeg_alpha_ts,7,FixedVideo,30,18,8,0.4444444444444444,0.2839506172839506
08,eeg_alpha_ts,7,FixedVideo,60,8,2,0.25,0.125
08,gazectrl_ts,0,MovingVideo,1,596,289,0.4848993288590604,0.5059456781226072
08,gazectrl_ts,0,MovingVideo,2,298,146,0.4899328859060403,0.4701139588306833
08,gazectrl_ts,0,MovingVideo,5,118,60,0.5084745762711864,0.5087618500430912
08,gazectrl_ts,0,MovingVideo,10,58,32,0.5517241379310345,0.5208085612366231
08,gazectrl_ts,0,MovingVideo,30,18,9,0.5,0.5061728395061728
08,gazectrl_ts,0,MovingVideo,60,8,4,0.5,0.375
08,gazectrl_ts,1,MovingTargetNoise,1,596,325,0.5453020134228188,0.5462929597765867
08,gazectrl_ts,1,MovingTargetNoise,2,298,164,0.5503355704697986,0.5350659880185578
08,gazectrl_ts,1,MovingTargetNoise,5,118,58,0.4915254237288136,0.5084745762711864
08,gazectrl_ts,1,MovingTargetNoise,10,58,31,0.5344827586206896,0.5219976218787158
08,gazectrl_ts,1,MovingTargetNoise,30,18,9,0.5,0.45679012345679015
08,gazectrl_ts,1,MovingTargetNoise,60,8,3,0.375,0.5
08,gazectrl_ts,2,NoVisuals,1,596,289,0.4848993288590604,0.4884577271294086
08,gazectrl_ts,2,NoVisuals,2,298,152,0.5100671140939598,0.48087923967388857
08,gazectrl_ts,2,NoVisuals,5,118,65,0.5508474576271186,0.5397874174087907
08,gazectrl_ts,2,NoVisuals,10,58,33,0.5689655172413793,0.5219976218787158
08,gazectrl_ts,2,NoVisuals,30,18,12,0.6666666666666666,0.5555555555555556
08,gazectrl_ts,2,NoVisuals,60,8,6,0.75,0.5625
08,gazectrl_ts,3,FixedVideo,1,596,324,0.5436241610738255,0.5758299175712807
08,gazectrl_ts,3,FixedVideo,2,298,159,0.5335570469798657,0.5730372505742984
08,gazectrl_ts,3,FixedVideo,5,118,65,0.5508474576271186,0.5802930192473428
08,gazectrl_ts,3,FixedVideo,10,58,34,0.5862068965517241,0.6349583828775268
08,gazectrl_ts,3,FixedVideo,30,18,13,0.7222222222222222,0.7037037037037037
08,gazectrl_ts,3,FixedVideo,60,8,6,0.75,0.75
08,gazectrl_ts,4,MovingVideo,1,596,298,0.5,0.4855749741002658
08,gazectrl_ts,4,MovingVideo,2,298,144,0.48322147651006714,0.4730867978919868
08,gazectrl_ts,4,MovingVideo,5,118,56,0.4745762711864407,0.465096236713588
08,gazectrl_ts,4,MovingVideo,10,58,26,0.4482758620689655,0.45897740784780017
08,gazectrl_ts,4,MovingVideo,30,18,7,0.3888888888888889,0.37037037037037035
08,gazectrl_ts,4,MovingVideo,60,8,3,0.375,0.3125
08,gazectrl_ts,5,MovingTargetNoise,1,596,306,0.5134228187919463,0.5043916940678348
08,gazectrl_ts,5,MovingTargetNoise,2,298,149,0.5,0.5062384577271294
08,gazectrl_ts,5,MovingTargetNoise,5,118,69,0.5847457627118644,0.6032749209997127
08,gazectrl_ts,5,MovingTargetNoise,10,58,32,0.5517241379310345,0.6492271105826397
08,gazectrl_ts,5,MovingTargetNoise,30,18,11,0.6111111111111112,0.7901234567901234
08,gazectrl_ts,5,MovingTargetNoise,60,8,5,0.625,0.8125
08,gazectrl_ts,6,NoVisuals,1,596,318,0.5335570469798657,0.5440745912346291
08,gazectrl_ts,6,NoVisuals,2,298,165,0.5536912751677853,0.5672267014999324
08,gazectrl_ts,6,NoVisuals,5,118,65,0.5508474576271186,0.5630565929330652
08,gazectrl_ts,6,NoVisuals,10,58,29,0.5,0.5719381688466112
08,gazectrl_ts,6,NoVisuals,30,18,12,0.6666666666666666,0.7407407407407408
08,gazectrl_ts,6,NoVisuals,60,8,6,0.75,0.9375
08,gazectrl_ts,7,FixedVideo,1,596,261,0.43791946308724833,0.42365208774379526
08,gazectrl_ts,7,FixedVideo,2,298,123,0.412751677852349,0.40610783298049635
08,gazectrl_ts,7,FixedVideo,5,118,50,0.423728813559322,0.40361964952599827
08,gazectrl_ts,7,FixedVideo,10,58,27,0.46551724137931033,0.3864447086801427
08,gazectrl_ts,7,FixedVideo,30,18,8,0.4444444444444444,0.28395061728395066
08,gazectrl_ts,7,FixedVideo,60,8,3,0.375,0.1875
08,gazectrl_csp,0,MovingVideo,1,596,272,0.4563758389261745,0.43669204089905866
08,gazectrl_csp,0,MovingVideo,2,298,144,0.48322147651006714,0.4234944371875141
08,gazectrl_csp,0,MovingVideo,5,118,52,0.4406779661016949,0.4033323757540936
08,gazectrl_csp,0,MovingVideo,10,58,26,0.4482758620689655,0.3697978596908442
08,gazectrl_csp,0,MovingVideo,30,18,9,0.5,0.1975308641975309
08,gazectrl_csp,0,MovingVideo,60,8,4,0.5,0.125
08,gazectrl_csp,1,MovingTargetNoise,1,596,302,0.5067114093959731,0.511621098148732
08,gazectrl_csp,1,MovingTargetNoise,2,298,154,0.5167785234899329,0.5033557046979865
08,gazectrl_csp,1,MovingTargetNoise,5,118,62,0.5254237288135594,0.4791726515369147
08,gazectrl_csp,1,MovingTargetNoise,10,58,32,0.5517241379310345,0.4922711058263971
08,gazectrl_csp,1,MovingTargetNoise,30,18,8,0.4444444444444444,0.4197530864197531
08,gazectrl_csp,1,MovingTargetNoise,60,8,3,0.375,0.3125
08,gazectrl_csp,2,NoVisuals,1,596,295,0.4949664429530201,0.4789311292284131
08,gazectrl_csp,2,NoVisuals,2,298,145,0.4865771812080537,0.46403315165983516
08,gazectrl_csp,2,NoVisuals,5,118,55,0.4661016949152542,0.45303073829359386
08,gazectrl_csp,2,NoVisuals,10,58,32,0.5517241379310345,0.4328180737217598
08,gazectrl_csp,2,NoVisuals,30,18,9,0.5,0.3950617283950617
08,gazectrl_csp,2,NoVisuals,60,8,3,0.375,0.375
08,gazectrl_csp,3,FixedVideo,1,596,323,0.5419463087248322,0.5519120760326112
08,gazectrl_csp,3,FixedVideo,2,298,160,0.5369127516778524,0.5631728300527002
08,gazectrl_csp,3,FixedVideo,5,118,71,0.6016949152542372,0.6256822752082735
08,gazectrl_csp,3,FixedVideo,10,58,34,0.5862068965517241,0.6551724137931034
08,gazectrl_csp,3,FixedVideo,30,18,12,0.6666666666666666,0.7654320987654322
08,gazectrl_csp,3,FixedVideo,60,8,6,0.75,0.875
08,gazectrl_csp,4,MovingVideo,1,596,310,0.5201342281879194,0.5364172785009684
08,gazectrl_csp,4,MovingVideo,2,298,152,0.5100671140939598,0.5319580199090131
08,gazectrl_csp,4,MovingVideo,5,118,67,0.5677966101694916,0.587762137316863
08,gazectrl_csp,4,MovingVideo,10,58,33,0.5689655172413793,0.6004756242568371
08,gazectrl_csp,4,MovingVideo,30,18,10,0.5555555555555556,0.691358024691358
08,gazectrl_csp,4,MovingVideo,60,8,4,0.5,0.6875
08,gazectrl_csp,5,MovingTargetNoise,1,596,283,0.4748322147651007,0.459100941399036
08,gazectrl_csp,5,MovingTargetNoise,2,298,135,0.45302013422818793,0.4350704923201658
08,gazectrl_csp,5,MovingTargetNoise,5,118,57,0.4830508474576271,0.46624533180120653
08,gazectrl_csp,5,MovingTargetNoise,10,58,27,0.46551724137931033,0.4292508917954816
08,gazectrl_csp,5,MovingTargetNoise,30,18,10,0.5555555555555556,0.35802469135802467
08,gazectrl_csp,5,MovingTargetNoise,60,8,2,0.25,0.25
08,gazectrl_csp,6,NoVisuals,1,596,289,0.4848993288590604,0.5111819287419486
08,gazectrl_csp,6,NoVisuals,2,298,149,0.5,0.5099319850457187
08,gazectrl_csp,6,NoVisuals,5,118,59,0.5,0.48951450732548113
08,gazectrl_csp,6,NoVisuals,10,58,29,0.5,0.46730083234244946
08,gazectrl_csp,6,NoVisuals,30,18,9,0.5,0.40740740740740744
08,gazectrl_csp,6,NoVisuals,60,8,4,0.5,0.4375
08,gazectrl_csp,7,FixedVideo,1,596,282,0.47315436241610737,0.44484482680960313
08,gazectrl_csp,7,FixedVideo,2,298,135,0.45302013422818793,0.44583577316337103
08,gazectrl_csp,7,FixedVideo,5,118,53,0.4491525423728814,0.4579143924159724
08,gazectrl_csp,7,FixedVideo,10,58,26,0.4482758620689655,0.4696789536266349
08,gazectrl_csp,7,FixedVideo,30,18,6,0.3333333333333333,0.33333333333333337
08,gazectrl_csp,7,FixedVideo,60,8,2,0.25,0.25
09,eog_ts,0,MovingVideo,1,596,287,0.4815436241610738,0.49663303454799335
09,eog_ts,0,MovingVideo,2,298,145,0.4865771812080537,0.4844826809603171
09,eog_ts,0,MovingVideo,5,118,57,0.4830508474576271,0.4875035909221488
09,eog_ts,0,MovingVideo,10,58,30,0.5172413793103449,0.48275862068965514
09,eog_ts,0,MovingVideo,30,18,8,0.4444444444444444,0.4814814814814815
09,eog_ts,0,MovingVideo,60,8,5,0.625,0.5
09,eog_ts,1,MovingTargetNoise,1,596,317,0.5318791946308725,0.5361695419125264
09,eog_ts,1,MovingTargetNoise,2,298,156,0.5234899328859061,0.537363181838656
09,eog_ts,1,MovingTargetNoise,5,118,62,0.5254237288135594,0.5504165469692617
09,eog_ts,1,MovingTargetNoise,10,58,29,0.5,0.558858501783591
09,eog_ts,1,MovingTargetNoise,30,18,10,0.5555555555555556,0.6666666666666667
09,eog_ts,1,MovingTargetNoise,60,8,4,0.5,0.75
09,eog_ts,2,NoVisuals,1,596,470,0.7885906040268457,0.8542520607179855
09,eog_ts,2,NoVisuals,2,298,256,0.8590604026845637,0.912616548804108
09,eog_ts,2,NoVisuals,5,118,107,0.9067796610169492,0.9525998276357368
09,eog_ts,2,NoVisuals,10,58,53,0.9137931034482759,0.9762187871581451
09,eog_ts,2,NoVisuals,30,18,17,0.9444444444444444,1.0
09,eog_ts,2,NoVisuals,60,8,8,1.0,1.0
09,eog_ts,3,FixedVideo,1,596,379,0.6359060402684564,0.6937637944236746
09,eog_ts,3,FixedVideo,2,298,194,0.6510067114093959,0.7228953650736454
09,eog_ts,3,FixedVideo,5,118,71,0.6016949152542372,0.7443263430048837
09,eog_ts,3,FixedVideo,10,58,38,0.6551724137931034,0.7717003567181925
09,eog_ts,3,FixedVideo,30,18,12,0.6666666666666666,0.8765432098765432
09,eog_ts,3,FixedVideo,60,8,6,0.75,0.875
09,eog_ts,4,MovingTargetNoise,1,596,341,0.5721476510067114,0.6626052880500878
09,eog_ts,4,MovingTargetNoise,2,298,183,0.6140939597315436,0.7002387279852259
09,eog_ts,4,MovingTargetNoise,5,118,72,0.6101694915254238,0.7110025854639471
09,eog_ts,4,MovingTargetNoise,10,58,43,0.7413793103448276,0.8085612366230678
09,eog_ts,4,MovingTargetNoise,30,18,15,0.8333333333333334,0.9382716049382717
09,eog_ts,4,MovingTargetNoise,60,8,8,1.0,1.0
09,eog_ts,5,MovingVideo,1,596,213,0.3573825503355705,0.364521868384307
09,eog_ts,5,MovingVideo,2,298,98,0.3288590604026846,0.3372821044097113
09,eog_ts,5,MovingVideo,5,118,38,0.3220338983050847,0.28468830795748346
09,eog_ts,5,MovingVideo,10,58,14,0.2413793103448276,0.24256837098692036
09,eog_ts,5,MovingVideo,30,18,3,0.16666666666666666,0.14814814814814817
09,eog_ts,5,MovingVideo,60,8,1,0.125,0.25
09,eog_ts,6,NoVisuals,1,596,358,0.6006711409395973,0.6275055177694698
09,eog_ts,6,NoVisuals,2,298,177,0.5939597315436241,0.651637313634521
09,eog_ts,6,NoVisuals,5,118,71,0.6016949152542372,0.6618787704682563
09,eog_ts,6,NoVisuals,10,58,36,0.6206896551724138,0.713436385255648
09,eog_ts,6,NoVisuals,30,18,11,0.6111111111111112,0.7901234567901234
09,eog_ts,6,NoVisuals,60,8,4,0.5,0.875
09,eog_ts,7,FixedVideo,1,596,280,0.4697986577181208,0.46099274807441104
09,eog_ts,7,FixedVideo,2,298,136,0.4563758389261745,0.4532678708166299
09,eog_ts,7,FixedVideo,5,118,56,0.4745762711864407,0.4085033036483769
09,eog_ts,7,FixedVideo,10,58,30,0.5172413793103449,0.42211652794292515
09,eog_ts,7,FixedVideo,30,18,8,0.4444444444444444,0.28395061728395066
09,eog_ts,7,FixedVideo,60,8,2,0.25,0.125
09,eeg_csp,0,MovingVideo,1,596,357,0.5989932885906041,0.7899193730012162
09,eeg_csp,0,MovingVideo,2,298,176,0.5906040268456376,0.7944236746092518
09,eeg_csp,0,MovingVideo,5,118,70,0.5932203389830508,0.8316575696638897
09,eeg_csp,0,MovingVideo,10,58,36,0.6206896551724138,0.8561236623067776
09,eeg_csp,0,MovingVideo,30,18,12,0.6666666666666666,0.9753086419753085
09,eeg_csp,0,MovingVideo,60,8,5,0.625,1.0
09,eeg_csp,1,MovingTargetNoise,1,596,496,0.8322147651006712,0.8754673212918337
09,eeg_csp,1,MovingTargetNoise,2,298,240,0.8053691275167785,0.8650961668393315
09,eeg_csp,1,MovingTargetNoise,5,118,81,0.6864406779661016,0.7747773628267739
09,eeg_csp,1,MovingTargetNoise,10,58,39,0.6724137931034483,0.8168846611177171
09,eeg_csp,1,MovingTargetNoise,30,18,14,0.7777777777777778,0.8888888888888888
09,eeg_csp,1,MovingTargetNoise,60,8,7,0.875,1.0
09,eeg_csp,2,NoVisuals,1,596,366,0.6140939597315436,0.6631232827350119
09,eeg_csp,2,NoVisuals,2,298,189,0.6342281879194631,0.654159722535021
09,eeg_csp,2,NoVisuals,5,118,69,0.5847457627118644,0.6581442114334961
09,eeg_csp,2,NoVisuals,10,58,34,0.5862068965517241,0.6444708680142687
09,eeg_csp,2,NoVisuals,30,18,10,0.5555555555555556,0.7901234567901234
09,eeg_csp,2,NoVisuals,60,8,4,0.5,0.8125
09,eeg_csp,3,FixedVideo,1,596,343,0.575503355704698,0.7842664744831314
09,eeg_csp,3,FixedVideo,2,298,180,0.6040268456375839,0.7707760911670646
09,eeg_csp,3,FixedVideo,5,118,70,0.5932203389830508,0.7842573972996265
09,eeg_csp,3,FixedVideo,10,58,35,0.603448275862069,0.8573127229488704
09,eeg_csp,3,FixedVideo,30,18,10,0.5555555555555556,1.0
09,eeg_csp,3,FixedVideo,60,8,5,0.625,1.0
09,eeg_csp,4,MovingTargetNoise,1,596,319,0.535234899328859,0.5313386784379082
09,eeg_csp,4,MovingTargetNoise,2,298,158,0.5302013422818792,0.5534435385793433
09,eeg_csp,4,MovingTargetNoise,5,118,67,0.5677966101694916,0.5621947716173513
09,eeg_csp,4,MovingTargetNoise,10,58,34,0.5862068965517241,0.573127229488704
09,eeg_csp,4,MovingTargetNoise,30,18,10,0.5555555555555556,0.5802469135802469
09,eeg_csp,4,MovingTargetNoise,60,8,6,0.75,0.8125
09,eeg_csp,5,MovingVideo,1,596,307,0.5151006711409396,0.48763569208594204
09,eeg_csp,5,MovingVideo,2,298,149,0.5,0.46254673212918335
09,eeg_csp,5,MovingVideo,5,118,52,0.4406779661016949,0.4082160298764722
09,eeg_csp,5,MovingVideo,10,58,24,0.41379310344827586,0.40309155766944116
09,eeg_csp,5,MovingVideo,30,18,6,0.3333333333333333,0.33333333333333337
09,eeg_csp,5,MovingVideo,60,8,2,0.25,0.3125
09,eeg_csp,6,NoVisuals,1,596,301,0.5050335570469798,0.6046912301247691
09,eeg_csp,6,NoVisuals,2,298,145,0.4865771812080537,0.5742984550245485
09,eeg_csp,6,NoVisuals,5,118,57,0.4830508474576271,0.6035621947716174
09,eeg_csp,6,NoVisuals,10,58,27,0.46551724137931033,0.6147443519619501
09,eeg_csp,6,NoVisuals,30,18,8,0.4444444444444444,0.728395061728395
09,eeg_csp,6,NoVisuals,60,8,4,0.5,0.6875
09,eeg_csp,7,FixedVideo,1,596,286,0.4798657718120805,0.48572136390252696
09,eeg_csp,7,FixedVideo,2,298,141,0.47315436241610737,0.4679518940588261
09,eeg_csp,7,FixedVideo,5,118,59,0.5,0.46768170066072967
09,eeg_csp,7,FixedVideo,10,58,28,0.4827586206896552,0.4482758620689656
09,eeg_csp,7,FixedVideo,30,18,8,0.4444444444444444,0.5061728395061729
09,eeg_csp,7,FixedVideo,60,8,4,0.5,0.625
09,eeg_ts,0,MovingVideo,1,596,389,0.6526845637583892,0.7043714247105987
09,eeg_ts,0,MovingVideo,2,298,213,0.714765100671141,0.7505517769469843
09,eeg_ts,0,MovingVideo,5,118,90,0.7627118644067796,0.8193047974719908
09,eeg_ts,0,MovingVideo,10,58,45,0.7758620689655172,0.8834720570749108
09,eeg_ts,0,MovingVideo,30,18,16,0.8888888888888888,0.9753086419753085
09,eeg_ts,0,MovingVideo,60,8,7,0.875,1.0
09,eeg_ts,1,MovingTargetNoise,1,596,407,0.6828859060402684,0.7423989910364398
09,eeg_ts,1,MovingTargetNoise,2,298,194,0.6510067114093959,0.694067834782217
09,eeg_ts,1,MovingTargetNoise,5,118,78,0.6610169491525424,0.6834243033611032
09,eeg_ts,1,MovingTargetNoise,10,58,35,0.603448275862069,0.6979785969084423
09,eeg_ts,1,MovingTargetNoise,30,18,12,0.6666666666666666,0.7283950617283951
09,eeg_ts,1,MovingTargetNoise,60,8,7,0.875,1.0
09,eeg_ts,2,NoVisuals,1,596,379,0.6359060402684564,0.7078735192108464
09,eeg_ts,2,NoVisuals,2,298,196,0.6577181208053692,0.7322192694022792
09,eeg_ts,2,NoVisuals,5,118,72,0.6101694915254238,0.7064062051134732
09,eeg_ts,2,NoVisuals,10,58,39,0.6724137931034483,0.7621878715814506
09,eeg_ts,2,NoVisuals,30,18,13,0.7222222222222222,0.9135802469135803
09,eeg_ts,2,NoVisuals,60,8,5,0.625,1.0
09,eeg_ts,3,FixedVideo,1,596,327,0.5486577181208053,0.6008625737579388
09,eeg_ts,3,FixedVideo,2,298,167,0.5604026845637584,0.6083960181973784
09,eeg_ts,3,FixedVideo,5,118,66,0.559322033898305,0.5949439816144786
09,eeg_ts,3,FixedVideo,10,58,34,0.5862068965517241,0.6444708680142687
09,eeg_ts,3,FixedVideo,30,18,10,0.5555555555555556,0.7037037037037037
09,eeg_ts,3,FixedVideo,60,8,4,0.5,0.75
09,eeg_ts,4,MovingTargetNoise,1,596,348,0.5838926174496645,0.5971465249313094
09,eeg_ts,4,MovingTargetNoise,2,298,164,0.5503355704697986,0.5583081843160218
09,eeg_ts,4,MovingTargetNoise,5,118,59,0.5,0.5205400746911807
09,eeg_ts,4,MovingTargetNoise,10,58,32,0.5517241379310345,0.4839476813317479
09,eeg_ts,4,MovingTargetNoise,30,18,10,0.5555555555555556,0.48148148148148145
09,eeg_ts,4,MovingTargetNoise,60,8,4,0.5,0.5625
09,eeg_ts,5,MovingVideo,1,596,343,0.575503355704698,0.5914260618891042
09,eeg_ts,5,MovingVideo,2,298,156,0.5234899328859061,0.5455159677492005
09,eeg_ts,5,MovingVideo,5,118,66,0.559322033898305,0.6009767308244757
09,eeg_ts,5,MovingVideo,10,58,34,0.5862068965517241,0.6302021403091558
09,eeg_ts,5,MovingVideo,30,18,11,0.6111111111111112,0.6790123456790124
09,eeg_ts,5,MovingVideo,60,8,6,0.75,0.75
09,eeg_ts,6,NoVisuals,1,596,330,0.5536912751677853,0.5910882392685014
09,eeg_ts,6,NoVisuals,2,298,161,0.540268456375839,0.5611458943290842
09,eeg_ts,6,NoVisuals,5,118,58,0.4915254237288136,0.5150818730249929
09,eeg_ts,6,NoVisuals,10,58,29,0.5,0.5041617122473246
09,eeg_ts,6,NoVisuals,30,18,10,0.5555555555555556,0.45679012345679015
09,eeg_ts,6,NoVisuals,60,8,3,0.375,0.375
09,eeg_ts,7,FixedVideo,1,596,306,0.5134228187919463,0.513006170893203
09,eeg_ts,7,FixedVideo,2,298,137,0.4597315436241611,0.47601459393721
09,eeg_ts,7,FixedVideo,5,118,65,0.5508474576271186,0.49267451881643204
09,eeg_ts,7,FixedVideo,10,58,32,0.5517241379310345,0.5124851367419738
09,eeg_ts,7,FixedVideo,30,18,9,0.5,0.5679012345679012
09,eeg_ts,7,FixedVideo,60,8,4,0.5,0.4375
09,eeg_eogreg_ts,0,MovingVideo,1,596,397,0.6661073825503355,0.7194157920814378
09,eeg_eogreg_ts,0,MovingVideo,2,298,196,0.6577181208053692,0.7273095806495202
09,eeg_eogreg_ts,0,MovingVideo,5,118,83,0.7033898305084746,0.7655846021258258
09,eeg_eogreg_ts,0,MovingVideo,10,58,45,0.7758620689655172,0.8501783590963139
09,eeg_eogreg_ts,0,MovingVideo,30,18,14,0.7777777777777778,0.9259259259259259
09,eeg_eogreg_ts,0,MovingVideo,60,8,8,1.0,1.0
09,eeg_eogreg_ts,1,MovingTargetNoise,1,596,417,0.6996644295302014,0.7598756812756183
09,eeg_eogreg_ts,1,MovingTargetNoise,2,298,188,0.6308724832214765,0.6910049096887527
09,eeg_eogreg_ts,1,MovingTargetNoise,5,118,79,0.6694915254237288,0.691180695202528
09,eeg_eogreg_ts,1,MovingTargetNoise,10,58,38,0.6551724137931034,0.7407847800237812
09,eeg_eogreg_ts,1,MovingTargetNoise,30,18,12,0.6666666666666666,0.7530864197530864
09,eeg_eogreg_ts,1,MovingTargetNoise,60,8,7,0.875,0.9375
09,eeg_eogreg_ts,2,NoVisuals,1,596,351,0.5889261744966443,0.6514796630782398
09,eeg_eogreg_ts,2,NoVisuals,2,298,175,0.587248322147651,0.6228998693752534
09,eeg_eogreg_ts,2,NoVisuals,5,118,65,0.5508474576271186,0.5713875323182994
09,eeg_eogreg_ts,2,NoVisuals,10,58,32,0.5517241379310345,0.6099881093935791
09,eeg_eogreg_ts,2,NoVisuals,30,18,10,0.5555555555555556,0.8271604938271605
09,eeg_eogreg_ts,2,NoVisuals,60,8,5,0.625,0.9375
09,eeg_eogreg_ts,3,FixedVideo,1,596,314,0.5268456375838926,0.5433539029773433
09,eeg_eogreg_ts,3,FixedVideo,2,298,159,0.5335570469798657,0.5475879464888969
09,eeg_eogreg_ts,3,FixedVideo,5,118,59,0.5,0.5188164320597529
09,eeg_eogreg_ts,3,FixedVideo,10,58,29,0.5,0.5481569560047563
09,eeg_eogreg_ts,3,FixedVideo,30,18,9,0.5,0.5679012345679013
09,eeg_eogreg_ts,3,FixedVideo,60,8,4,0.5,0.5625
09,eeg_eogreg_ts,4,MovingTargetNoise,1,596,322,0.540268456375839,0.554175487590649
09,eeg_eogreg_ts,4,MovingTargetNoise,2,298,153,0.5134228187919463,0.5069591459844152
09,eeg_eogreg_ts,4,MovingTargetNoise,5,118,62,0.5254237288135594,0.5498419994254524
09,eeg_eogreg_ts,4,MovingTargetNoise,10,58,34,0.5862068965517241,0.582639714625446
09,eeg_eogreg_ts,4,MovingTargetNoise,30,18,11,0.6111111111111112,0.6049382716049383
09,eeg_eogreg_ts,4,MovingTargetNoise,60,8,4,0.5,0.625
09,eeg_eogreg_ts,5,MovingVideo,1,596,330,0.5536912751677853,0.5748614927255529
09,eeg_eogreg_ts,5,MovingVideo,2,298,157,0.5268456375838926,0.5455610107652809
09,eeg_eogreg_ts,5,MovingVideo,5,118,58,0.4915254237288136,0.5351910370583166
09,eeg_eogreg_ts,5,MovingVideo,10,58,27,0.46551724137931033,0.5457788347205708
09,eeg_eogreg_ts,5,MovingVideo,30,18,10,0.5555555555555556,0.5925925925925926
09,eeg_eogreg_ts,5,MovingVideo,60,8,4,0.5,0.625
09,eeg_eogreg_ts,6,NoVisuals,1,596,323,0.5419463087248322,0.5830931039142381
09,eeg_eogreg_ts,6,NoVisuals,2,298,154,0.5167785234899329,0.5588937435250665
09,eeg_eogreg_ts,6,NoVisuals,5,118,56,0.4745762711864407,0.453605285837403
09,eeg_eogreg_ts,6,NoVisuals,10,58,26,0.4482758620689655,0.43995243757431635
09,eeg_eogreg_ts,6,NoVisuals,30,18,6,0.3333333333333333,0.4074074074074074
09,eeg_eogreg_ts,6,NoVisuals,60,8,3,0.375,0.0
09,eeg_eogreg_ts,7,FixedVideo,1,596,315,0.5285234899328859,0.5247623980901761
09,eeg_eogreg_ts,7,FixedVideo,2,298,152,0.5100671140939598,0.49493266069095987
09,eeg_eogreg_ts,7,FixedVideo,5,118,60,0.5084745762711864,0.5044527434645216
09,eeg_eogreg_ts,7,FixedVideo,10,58,31,0.5344827586206896,0.4982164090368609
09,eeg_eogreg_ts,7,FixedVideo,30,18,10,0.5555555555555556,0.5555555555555556
09,eeg_eogreg_ts,7,FixedVideo,60,8,5,0.625,0.625
09,eeg_post_ts,0,MovingVideo,1,596,398,0.6677852348993288,0.7493356155128148
09,eeg_post_ts,0,MovingVideo,2,298,198,0.6644295302013423,0.7096527183460206
09,eeg_post_ts,0,MovingVideo,5,118,78,0.6610169491525424,0.7265153691467969
09,eeg_post_ts,0,MovingVideo,10,58,43,0.7413793103448276,0.7907253269916765
09,eeg_post_ts,0,MovingVideo,30,18,17,0.9444444444444444,0.9629629629629629
09,eeg_post_ts,0,MovingVideo,60,8,8,1.0,1.0
09,eeg_post_ts,1,MovingTargetNoise,1,596,264,0.4429530201342282,0.43632043601639564
09,eeg_post_ts,1,MovingTargetNoise,2,298,128,0.42953020134228187,0.42453042655736223
09,eeg_post_ts,1,MovingTargetNoise,5,118,55,0.4661016949152542,0.4288997414536053
09,eeg_post_ts,1,MovingTargetNoise,10,58,23,0.39655172413793105,0.41141498216409034
09,eeg_post_ts,1,MovingTargetNoise,30,18,9,0.5,0.3580246913580247
09,eeg_post_ts,1,MovingTargetNoise,60,8,3,0.375,0.3125
09,eeg_post_ts,2,NoVisuals,1,596,379,0.6359060402684564,0.7171636412774199
09,eeg_post_ts,2,NoVisuals,2,298,180,0.6040268456375839,0.7109139227962703
09,eeg_post_ts,2,NoVisuals,5,118,69,0.5847457627118644,0.6696351623096811
09,eeg_post_ts,2,NoVisuals,10,58,36,0.6206896551724138,0.7074910820451843
09,eeg_post_ts,2,NoVisuals,30,18,12,0.6666666666666666,0.8765432098765431
09,eeg_post_ts,2,NoVisuals,60,8,5,0.625,0.9375
09,eeg_post_ts,3,FixedVideo,1,596,291,0.48825503355704697,0.4780190081527859
09,eeg_post_ts,3,FixedVideo,2,298,138,0.46308724832214765,0.4575920003603441
09,eeg_post_ts,3,FixedVideo,5,118,52,0.4406779661016949,0.4547543809250215
09,eeg_post_ts,3,FixedVideo,10,58,21,0.3620689655172414,0.4244946492271106
09,eeg_post_ts,3,FixedVideo,30,18,6,0.3333333333333333,0.40740740740740744
09,eeg_post_ts,3,FixedVideo,60,8,3,0.375,0.1875
09,eeg_post_ts,4,MovingTargetNoise,1,596,311,0.5218120805369127,0.5345254718255934
09,eeg_post_ts,4,MovingTargetNoise,2,298,150,0.5033557046979866,0.5444799783793522
09,eeg_post_ts,4,MovingTargetNoise,5,118,62,0.5254237288135594,0.5754093651249641
09,eeg_post_ts,4,MovingTargetNoise,10,58,28,0.4827586206896552,0.5969084423305588
09,eeg_post_ts,4,MovingTargetNoise,30,18,7,0.3888888888888889,0.5555555555555556
09,eeg_post_ts,4,MovingTargetNoise,60,8,4,0.5,0.6875
09,eeg_post_ts,5,MovingVideo,1,596,316,0.5302013422818792,0.562880050448178
09,eeg_post_ts,5,MovingVideo,2,298,162,0.5436241610738255,0.5622719697310932
09,eeg_post_ts,5,MovingVideo,5,118,58,0.4915254237288136,0.5285837403045102
09,eeg_post_ts,5,MovingVideo,10,58,32,0.5517241379310345,0.5695600475624257
09,eeg_post_ts,5,MovingVideo,30,18,9,0.5,0.5308641975308642
09,eeg_post_ts,5,MovingVideo,60,8,4,0.5,0.75
09,eeg_post_ts,6,NoVisuals,1,596,377,0.6325503355704698,0.6783590829241926
09,eeg_post_ts,6,NoVisuals,2,298,183,0.6140939597315436,0.6488896896536193
09,eeg_post_ts,6,NoVisuals,5,118,63,0.5338983050847458,0.5199655271473714
09,eeg_post_ts,6,NoVisuals,10,58,32,0.5517241379310345,0.5338882282996433
09,eeg_post_ts,6,NoVisuals,30,18,11,0.6111111111111112,0.6049382716049383
09,eeg_post_ts,6,NoVisuals,60,8,5,0.625,0.5
09,eeg_post_ts,7,FixedVideo,1,596,284,0.47651006711409394,0.4835480383766497
09,eeg_post_ts,7,FixedVideo,2,298,145,0.4865771812080537,0.475879464888969
09,eeg_post_ts,7,FixedVideo,5,118,55,0.4661016949152542,0.45820166618787705
09,eeg_post_ts,7,FixedVideo,10,58,26,0.4482758620689655,0.46135552913198574
09,eeg_post_ts,7,FixedVideo,30,18,8,0.4444444444444444,0.4074074074074074
09,eeg_post_ts,7,FixedVideo,60,8,4,0.5,0.4375
09,eeg_alpha_ts,0,MovingVideo,1,596,312,0.5234899328859061,0.546585739381109
09,eeg_alpha_ts,0,MovingVideo,2,298,140,0.4697986577181208,0.5161929642808882
09,eeg_alpha_ts,0,MovingVideo,5,118,60,0.5084745762711864,0.4909508761850043
09,eeg_alpha_ts,0,MovingVideo,10,58,29,0.5,0.46848989298454224
09,eeg_alpha_ts,0,MovingVideo,30,18,12,0.6666666666666666,0.5432098765432098
09,eeg_alpha_ts,0,MovingVideo,60,8,4,0.5,0.6875
09,eeg_alpha_ts,1,MovingTargetNoise,1,596,332,0.5570469798657718,0.5642763839466691
09,eeg_alpha_ts,1,MovingTargetNoise,2,298,161,0.540268456375839,0.5799738750506733
09,eeg_alpha_ts,1,MovingTargetNoise,5,118,64,0.5423728813559322,0.5800057454754382
09,eeg_alpha_ts,1,MovingTargetNoise,10,58,32,0.5517241379310345,0.5945303210463734
09,eeg_alpha_ts,1,MovingTargetNoise,30,18,12,0.6666666666666666,0.7654320987654321
09,eeg_alpha_ts,1,MovingTargetNoise,60,8,6,0.75,0.9375
09,eeg_alpha_ts,2,NoVisuals,1,596,300,0.5033557046979866,0.4823543984505203
09,eeg_alpha_ts,2,NoVisuals,2,298,150,0.5033557046979866,0.4793928201432368
09,eeg_alpha_ts,2,NoVisuals,5,118,62,0.5254237288135594,0.49841999425452455
09,eeg_alpha_ts,2,NoVisuals,10,58,30,0.5172413793103449,0.48989298454221164
09,eeg_alpha_ts,2,NoVisuals,30,18,11,0.6111111111111112,0.5308641975308642
09,eeg_alpha_ts,2,NoVisuals,60,8,5,0.625,0.5
09,eeg_alpha_ts,3,FixedVideo,1,596,306,0.5134228187919463,0.5198977523534976
09,eeg_alpha_ts,3,FixedVideo,2,298,170,0.5704697986577181,0.5324985361019774
09,eeg_alpha_ts,3,FixedVideo,5,118,66,0.559322033898305,0.5354783108302211
09,eeg_alpha_ts,3,FixedVideo,10,58,36,0.6206896551724138,0.5374554102259216
09,eeg_alpha_ts,3,FixedVideo,30,18,11,0.6111111111111112,0.4814814814814815
09,eeg_alpha_ts,3,FixedVideo,60,8,6,0.75,0.625
09,eeg_alpha_ts,4,MovingTargetNoise,1,596,318,0.5335570469798657,0.5176005585333994
09,eeg_alpha_ts,4,MovingTargetNoise,2,298,149,0.5,0.4788072609341921
09,eeg_alpha_ts,4,MovingTargetNoise,5,118,66,0.559322033898305,0.5374892272335535
09,eeg_alpha_ts,4,MovingTargetNoise,10,58,34,0.5862068965517241,0.5707491082045184
09,eeg_alpha_ts,4,MovingTargetNoise,30,18,11,0.6111111111111112,0.654320987654321
09,eeg_alpha_ts,4,MovingTargetNoise,60,8,5,0.625,0.6875
09,eeg_alpha_ts,5,MovingVideo,1,596,289,0.4848993288590604,0.490034232692221
09,eeg_alpha_ts,5,MovingVideo,2,298,149,0.5,0.4766902391784154
09,eeg_alpha_ts,5,MovingVideo,5,118,53,0.4491525423728814,0.4320597529445562
09,eeg_alpha_ts,5,MovingVideo,10,58,28,0.4827586206896552,0.40190249702734837
09,eeg_alpha_ts,5,MovingVideo,30,18,9,0.5,0.39506172839506176
09,eeg_alpha_ts,5,MovingVideo,60,8,3,0.375,0.375
09,eeg_alpha_ts,6,NoVisuals,1,596,301,0.5050335570469798,0.528016756001982
09,eeg_alpha_ts,6,NoVisuals,2,298,166,0.5570469798657718,0.5634430881491824
09,eeg_alpha_ts,6,NoVisuals,5,118,63,0.5338983050847458,0.5004309106578569
09,eeg_alpha_ts,6,NoVisuals,10,58,29,0.5,0.5101070154577884
09,eeg_alpha_ts,6,NoVisuals,30,18,10,0.5555555555555556,0.5679012345679013
09,eeg_alpha_ts,6,NoVisuals,60,8,4,0.5,0.625
09,eeg_alpha_ts,7,FixedVideo,1,596,299,0.5016778523489933,0.4999099139678393
09,eeg_alpha_ts,7,FixedVideo,2,298,155,0.5201342281879194,0.5239403630467095
09,eeg_alpha_ts,7,FixedVideo,5,118,55,0.4661016949152542,0.4880781384659581
09,eeg_alpha_ts,7,FixedVideo,10,58,30,0.5172413793103449,0.5029726516052319
09,eeg_alpha_ts,7,FixedVideo,30,18,9,0.5,0.4938271604938272
09,eeg_alpha_ts,7,FixedVideo,60,8,3,0.375,0.3125
09,gazectrl_ts,0,MovingVideo,1,596,304,0.5100671140939598,0.5310346380793658
09,gazectrl_ts,0,MovingVideo,2,298,153,0.5134228187919463,0.5370478807260934
09,gazectrl_ts,0,MovingVideo,5,118,55,0.4661016949152542,0.46739442688882504
09,gazectrl_ts,0,MovingVideo,10,58,25,0.43103448275862066,0.47800237812128415
09,gazectrl_ts,0,MovingVideo,30,18,9,0.5,0.5185185185185185
09,gazectrl_ts,0,MovingVideo,60,8,4,0.5,0.75
09,gazectrl_ts,1,MovingTargetNoise,1,596,272,0.4563758389261745,0.4378293770550876
09,gazectrl_ts,1,MovingTargetNoise,2,298,134,0.44966442953020136,0.44376379442367453
09,gazectrl_ts,1,MovingTargetNoise,5,118,57,0.4830508474576271,0.47515081873024995
09,gazectrl_ts,1,MovingTargetNoise,10,58,25,0.43103448275862066,0.4244946492271106
09,gazectrl_ts,1,MovingTargetNoise,30,18,8,0.4444444444444444,0.33333333333333337
09,gazectrl_ts,1,MovingTargetNoise,60,8,3,0.375,0.25
09,gazectrl_ts,2,NoVisuals,1,596,285,0.47818791946308725,0.48089050042790865
09,gazectrl_ts,2,NoVisuals,2,298,140,0.4697986577181208,0.4769604972748974
09,gazectrl_ts,2,NoVisuals,5,118,49,0.4152542372881356,0.3711577133007756
09,gazectrl_ts,2,NoVisuals,10,58,22,0.3793103448275862,0.3151010701545779
09,gazectrl_ts,2,NoVisuals,30,18,6,0.3333333333333333,0.32098765432098764
09,gazectrl_ts,2,NoVisuals,60,8,4,0.5,0.375
09,gazectrl_ts,3,FixedVideo,1,596,302,0.5067114093959731,0.4960925183550291
09,gazectrl_ts,3,FixedVideo,2,298,152,0.5100671140939598,0.4812846268186118
09,gazectrl_ts,3,FixedVideo,5,118,54,0.4576271186440678,0.4392415972421718
09,gazectrl_ts,3,FixedVideo,10,58,23,0.39655172413793105,0.3864447086801427
09,gazectrl_ts,3,FixedVideo,30,18,9,0.5,0.33333333333333337
09,gazectrl_ts,3,FixedVideo,60,8,1,0.125,0.1875
09,gazectrl_ts,4,MovingTargetNoise,1,596,304,0.5100671140939598,0.5085131300391874
09,gazectrl_ts,4,MovingTargetNoise,2,298,150,0.5033557046979866,0.507950092338183
09,gazectrl_ts,4,MovingTargetNoise,5,118,58,0.4915254237288136,0.5268600976730825
09,gazectrl_ts,4,MovingTargetNoise,10,58,28,0.4827586206896552,0.5089179548156957
09,gazectrl_ts,4,MovingTargetNoise,30,18,10,0.5555555555555556,0.5185185185185186
09,gazectrl_ts,4,MovingTargetNoise,60,8,5,0.625,0.75
09,gazectrl_ts,5,MovingVideo,1,596,320,0.5369127516778524,0.541935047970812
09,gazectrl_ts,5,MovingVideo,2,298,164,0.5503355704697986,0.5651096797441556
09,gazectrl_ts,5,MovingVideo,5,118,60,0.5084745762711864,0.5173800632002298
09,gazectrl_ts,5,MovingVideo,10,58,32,0.5517241379310345,0.5564803804994054
09,gazectrl_ts,5,MovingVideo,30,18,9,0.5,0.5679012345679012
09,gazectrl_ts,5,MovingVideo,60,8,3,0.375,0.5
09,gazectrl_ts,6,NoVisuals,1,596,295,0.4949664429530201,0.5287824872753479
09,gazectrl_ts,6,NoVisuals,2,298,145,0.4865771812080537,0.5128147380748616
09,gazectrl_ts,6,NoVisuals,5,118,57,0.4830508474576271,0.46567078425739733
09,gazectrl_ts,6,NoVisuals,10,58,28,0.4827586206896552,0.4744351961950059
09,gazectrl_ts,6,NoVisuals,30,18,9,0.5,0.40740740740740744
09,gazectrl_ts,6,NoVisuals,60,8,3,0.375,0.375
09,gazectrl_ts,7,FixedVideo,1,596,282,0.47315436241610737,0.4742241340480159
09,gazectrl_ts,7,FixedVideo,2,298,144,0.48322147651006714,0.46867258231611186
09,gazectrl_ts,7,FixedVideo,5,118,53,0.4491525423728814,0.3935650675093364
09,gazectrl_ts,7,FixedVideo,10,58,25,0.43103448275862066,0.3555291319857313
09,gazectrl_ts,7,FixedVideo,30,18,7,0.3888888888888889,0.2345679012345679
09,gazectrl_ts,7,FixedVideo,60,8,2,0.25,0.0
09,gazectrl_csp,0,MovingVideo,1,596,337,0.5654362416107382,0.5838363136795639
09,gazectrl_csp,0,MovingVideo,2,298,156,0.5234899328859061,0.5618215395702897
09,gazectrl_csp,0,MovingVideo,5,118,55,0.4661016949152542,0.514220051709279
09,gazectrl_csp,0,MovingVideo,10,58,29,0.5,0.47205707491082044
09,gazectrl_csp,0,MovingVideo,30,18,9,0.5,0.48148148148148145
09,gazectrl_csp,0,MovingVideo,60,8,4,0.5,0.5
09,gazectrl_csp,1,MovingTargetNoise,1,596,273,0.45805369127516776,0.44702941308950045
09,gazectrl_csp,1,MovingTargetNoise,2,298,140,0.4697986577181208,0.43637673978649616
09,gazectrl_csp,1,MovingTargetNoise,5,118,53,0.4491525423728814,0.3941396150531456
09,gazectrl_csp,1,MovingTargetNoise,10,58,26,0.4482758620689655,0.38287752675386444
09,gazectrl_csp,1,MovingTargetNoise,30,18,9,0.5,0.2962962962962963
09,gazectrl_csp,1,MovingTargetNoise,60,8,4,0.5,0.25
09,gazectrl_csp,2,NoVisuals,1,596,244,0.40939597315436244,0.34242826899689205
09,gazectrl_csp,2,NoVisuals,2,298,110,0.3691275167785235,0.2785910544570065
09,gazectrl_csp,2,NoVisuals,5,118,40,0.3389830508474576,0.21315713875323186
09,gazectrl_csp,2,NoVisuals,10,58,15,0.25862068965517243,0.14625445897740785
09,gazectrl_csp,2,NoVisuals,30,18,6,0.3333333333333333,0.09876543209876543
09,gazectrl_csp,2,NoVisuals,60,8,1,0.125,0.0625
09,gazectrl_csp,3,FixedVideo,1,596,282,0.47315436241610737,0.46331246340254945
09,gazectrl_csp,3,FixedVideo,2,298,136,0.4563758389261745,0.4351155353362461
09,gazectrl_csp,3,FixedVideo,5,118,53,0.4491525423728814,0.39184142487790863
09,gazectrl_csp,3,FixedVideo,10,58,29,0.5,0.3816884661117717
09,gazectrl_csp,3,FixedVideo,30,18,7,0.3888888888888889,0.2716049382716049
09,gazectrl_csp,3,FixedVideo,60,8,3,0.375,0.25
09,gazectrl_csp,4,MovingTargetNoise,1,596,275,0.46140939597315433,0.4329084275483086
09,gazectrl_csp,4,MovingTargetNoise,2,298,140,0.4697986577181208,0.44434935363271927
09,gazectrl_csp,4,MovingTargetNoise,5,118,57,0.4830508474576271,0.460499856363114
09,gazectrl_csp,4,MovingTargetNoise,10,58,28,0.4827586206896552,0.4447086801426872
09,gazectrl_csp,4,MovingTargetNoise,30,18,8,0.4444444444444444,0.37037037037037035
09,gazectrl_csp,4,MovingTargetNoise,60,8,4,0.5,0.3125
09,gazectrl_csp,5,MovingVideo,1,596,307,0.5151006711409396,0.5202806179901807
09,gazectrl_csp,5,MovingVideo,2,298,154,0.5167785234899329,0.5280843205261024
09,gazectrl_csp,5,MovingVideo,5,118,59,0.5,0.5067509336397586
09,gazectrl_csp,5,MovingVideo,10,58,33,0.5689655172413793,0.5136741973840666
09,gazectrl_csp,5,MovingVideo,30,18,9,0.5,0.4567901234567901
09,gazectrl_csp,5,MovingVideo,60,8,4,0.5,0.5
09,gazectrl_csp,6,NoVisuals,1,596,330,0.5536912751677853,0.5886784379082024
09,gazectrl_csp,6,NoVisuals,2,298,162,0.5436241610738255,0.564524120535111
09,gazectrl_csp,6,NoVisuals,5,118,64,0.5423728813559322,0.5676529732835393
09,gazectrl_csp,6,NoVisuals,10,58,30,0.5172413793103449,0.5850178359096314
09,gazectrl_csp,6,NoVisuals,30,18,11,0.6111111111111112,0.5555555555555556
09,gazectrl_csp,6,NoVisuals,60,8,5,0.625,0.5625
09,gazectrl_csp,7,FixedVideo,1,596,269,0.4513422818791946,0.4315571370658979
09,gazectrl_csp,7,FixedVideo,2,298,141,0.47315436241610737,0.42944011531012116
09,gazectrl_csp,7,FixedVideo,5,118,50,0.423728813559322,0.40563056592933056
09,gazectrl_csp,7,FixedVideo,10,58,22,0.3793103448275862,0.34363852556480384
09,gazectrl_csp,7,FixedVideo,30,18,6,0.3333333333333333,0.2716049382716049
09,gazectrl_csp,7,FixedVideo,60,8,2,0.25,0.125
10,eog_ts,0,MovingVideo,1,596,298,0.5,0.4658123507950092
10,eog_ts,0,MovingVideo,2,298,165,0.5536912751677853,0.5597495608305932
10,eog_ts,0,MovingVideo,5,118,71,0.6016949152542372,0.6397586900316
10,eog_ts,0,MovingVideo,10,58,33,0.5689655172413793,0.6646848989298454
10,eog_ts,0,MovingVideo,30,18,8,0.4444444444444444,0.7283950617283951
10,eog_ts,0,MovingVideo,60,8,3,0.375,0.75
10,eog_ts,1,MovingTargetNoise,1,596,212,0.35570469798657717,0.27492004864645736
10,eog_ts,1,MovingTargetNoise,2,298,111,0.3724832214765101,0.265528579793703
10,eog_ts,1,MovingTargetNoise,5,118,35,0.2966101694915254,0.25107727664464236
10,eog_ts,1,MovingTargetNoise,10,58,15,0.25862068965517243,0.20214030915576692
10,eog_ts,1,MovingTargetNoise,30,18,3,0.16666666666666666,0.03703703703703704
10,eog_ts,1,MovingTargetNoise,60,8,1,0.125,0.0
10,eog_ts,2,NoVisuals,1,596,272,0.4563758389261745,0.43882032340885546
10,eog_ts,2,NoVisuals,2,298,135,0.45302013422818793,0.4332237286608711
10,eog_ts,2,NoVisuals,5,118,57,0.4830508474576271,0.46739442688882504
10,eog_ts,2,NoVisuals,10,58,27,0.46551724137931033,0.47800237812128415
10,eog_ts,2,NoVisuals,30,18,9,0.5,0.4074074074074074
10,eog_ts,2,NoVisuals,60,8,4,0.5,0.5
10,eog_ts,3,MovingTargetNoise,1,596,325,0.5453020134228188,0.5293342642223323
10,eog_ts,3,MovingTargetNoise,2,298,162,0.5436241610738255,0.5369577946939328
10,eog_ts,3,MovingTargetNoise,5,118,58,0.4915254237288136,0.513358230393565
10,eog_ts,3,MovingTargetNoise,10,58,26,0.4482758620689655,0.5041617122473245
10,eog_ts,3,MovingTargetNoise,30,18,7,0.3888888888888889,0.46913580246913583
10,eog_ts,3,MovingTargetNoise,60,8,4,0.5,0.625
10,eog_ts,4,FixedVideo,1,596,226,0.37919463087248323,0.37294491239133376
10,eog_ts,4,FixedVideo,2,298,115,0.3859060402684564,0.3963334984910589
10,eog_ts,4,FixedVideo,5,118,47,0.3983050847457627,0.4099396725079
10,eog_ts,4,FixedVideo,10,58,21,0.3620689655172414,0.4066587395957194
10,eog_ts,4,FixedVideo,30,18,6,0.3333333333333333,0.37037037037037035
10,eog_ts,4,FixedVideo,60,8,3,0.375,0.1875
10,eog_ts,5,MovingVideo,1,596,174,0.29194630872483224,0.20704022341335976
10,eog_ts,5,MovingVideo,2,298,87,0.29194630872483224,0.1873339038782037
10,eog_ts,5,MovingVideo,5,118,30,0.2542372881355932,0.14765871875897732
10,eog_ts,5,MovingVideo,10,58,14,0.2413793103448276,0.09988109393579073
10,eog_ts,5,MovingVideo,30,18,2,0.1111111111111111,0.04938271604938271
10,eog_ts,5,MovingVideo,60,8,1,0.125,0.0
10,eog_ts,6,NoVisuals,1,596,269,0.4513422818791946,0.3886086212332778
10,eog_ts,6,NoVisuals,2,298,132,0.4429530201342282,0.3824602495383091
10,eog_ts,6,NoVisuals,5,118,39,0.3305084745762712,0.31456478023556445
10,eog_ts,6,NoVisuals,10,58,19,0.3275862068965517,0.28180737217598095
10,eog_ts,6,NoVisuals,30,18,6,0.3333333333333333,0.1728395061728395
10,eog_ts,6,NoVisuals,60,8,4,0.5,0.0
10,eog_ts,7,FixedVideo,1,596,281,0.4714765100671141,0.48823251204900675
10,eog_ts,7,FixedVideo,2,298,149,0.5,0.5493896671321112
10,eog_ts,7,FixedVideo,5,118,63,0.5338983050847458,0.6256822752082736
10,eog_ts,7,FixedVideo,10,58,32,0.5517241379310345,0.6468489892984542
10,eog_ts,7,FixedVideo,30,18,10,0.5555555555555556,0.6666666666666667
10,eog_ts,7,FixedVideo,60,8,4,0.5,0.5625
10,eeg_csp,0,MovingVideo,1,596,201,0.337248322147651,0.2707197873969641
10,eeg_csp,0,MovingVideo,2,298,117,0.3926174496644295,0.38633394892121975
10,eeg_csp,0,MovingVideo,5,118,48,0.4067796610169492,0.42631427750646367
10,eeg_csp,0,MovingVideo,10,58,28,0.4827586206896552,0.4447086801426873
10,eeg_csp,0,MovingVideo,30,18,9,0.5,0.4444444444444444
10,eeg_csp,0,MovingVideo,60,8,4,0.5,0.3125
10,eeg_csp,1,MovingTargetNoise,1,596,223,0.37416107382550334,0.30701319760371154
10,eeg_csp,1,MovingTargetNoise,2,298,102,0.3422818791946309,0.2751677852348993
10,eeg_csp,1,MovingTargetNoise,5,118,56,0.4745762711864407,0.4691180695202528
10,eeg_csp,1,MovingTargetNoise,10,58,30,0.5172413793103449,0.4661117717003568
10,eeg_csp,1,MovingTargetNoise,30,18,8,0.4444444444444444,0.43209876543209874
10,eeg_csp,1,MovingTargetNoise,60,8,3,0.375,0.375
10,eeg_csp,2,NoVisuals,1,596,292,0.4899328859060403,0.4900117111841809
10,eeg_csp,2,NoVisuals,2,298,140,0.4697986577181208,0.49430205846583486
10,eeg_csp,2,NoVisuals,5,118,60,0.5084745762711864,0.531743751795461
10,eeg_csp,2,NoVisuals,10,58,31,0.5344827586206896,0.5469678953626634
10,eeg_csp,2,NoVisuals,30,18,7,0.3888888888888889,0.5061728395061729
10,eeg_csp,2,NoVisuals,60,8,4,0.5,0.6875
10,eeg_csp,3,MovingTargetNoise,1,596,267,0.44798657718120805,0.4253862438628891
10,eeg_csp,3,MovingTargetNoise,2,298,139,0.4664429530201342,0.4147110490518444
10,eeg_csp,3,MovingTargetNoise,5,118,64,0.5423728813559322,0.5262855501292731
10,eeg_csp,3,MovingTargetNoise,10,58,30,0.5172413793103449,0.525564803804994
10,eeg_csp,3,MovingTargetNoise,30,18,9,0.5,0.4814814814814815
10,eeg_csp,3,MovingTargetNoise,60,8,4,0.5,0.5625
10,eeg_csp,4,FixedVideo,1,596,77,0.12919463087248323,0.07759785595243458
10,eeg_csp,4,FixedVideo,2,298,35,0.1174496644295302,0.06598801855772261
10,eeg_csp,4,FixedVideo,5,118,11,0.09322033898305085,0.06233840850330364
10,eeg_csp,4,FixedVideo,10,58,5,0.08620689655172414,0.06539833531510106
10,eeg_csp,4,FixedVideo,30,18,1,0.05555555555555555,0.049382716049382734
10,eeg_csp,4,FixedVideo,60,8,0,0.0,0.0
10,eeg_csp,5,MovingVideo,1,596,203,0.34060402684563756,0.2727016801044998
10,eeg_csp,5,MovingVideo,2,298,113,0.37919463087248323,0.34417368587000585
10,eeg_csp,5,MovingVideo,5,118,50,0.423728813559322,0.3863832232117208
10,eeg_csp,5,MovingVideo,10,58,22,0.3793103448275862,0.3733650416171224
10,eeg_csp,5,MovingVideo,30,18,7,0.3888888888888889,0.2962962962962963
10,eeg_csp,5,MovingVideo,60,8,3,0.375,0.1875
10,eeg_csp,6,NoVisuals,1,596,279,0.46812080536912754,0.45663483626863655
10,eeg_csp,6,NoVisuals,2,298,137,0.4597315436241611,0.46524931309400475
10,eeg_csp,6,NoVisuals,5,118,52,0.4406779661016949,0.44785981039931055
10,eeg_csp,6,NoVisuals,10,58,31,0.5344827586206896,0.4708680142687277
10,eeg_csp,6,NoVisuals,30,18,8,0.4444444444444444,0.4320987654320988
10,eeg_csp,6,NoVisuals,60,8,3,0.375,0.3125
10,eeg_csp,7,FixedVideo,1,596,214,0.35906040268456374,0.34865546597000135
10,eeg_csp,7,FixedVideo,2,298,109,0.36577181208053694,0.34638079365794333
10,eeg_csp,7,FixedVideo,5,118,38,0.3220338983050847,0.3504740017236426
10,eeg_csp,7,FixedVideo,10,58,17,0.29310344827586204,0.37574316290130794
10,eeg_csp,7,FixedVideo,30,18,5,0.2777777777777778,0.4074074074074074
10,eeg_csp,7,FixedVideo,60,8,3,0.375,0.5
10,eeg_ts,0,MovingVideo,1,596,294,0.49328859060402686,0.48484302508895993
10,eeg_ts,0,MovingVideo,2,298,142,0.47651006711409394,0.45979910814828157
10,eeg_ts,0,MovingVideo,5,118,46,0.3898305084745763,0.3697213444412525
10,eeg_ts,0,MovingVideo,10,58,20,0.3448275862068966,0.30439952437574314
10,eeg_ts,0,MovingVideo,30,18,7,0.3888888888888889,0.2469135802469136
10,eeg_ts,0,MovingVideo,60,8,4,0.5,0.25
10,eeg_ts,1,MovingTargetNoise,1,596,222,0.3724832214765101,0.28370343678212695
10,eeg_ts,1,MovingTargetNoise,2,298,102,0.3422818791946309,0.2884104319625242
10,eeg_ts,1,MovingTargetNoise,5,118,38,0.3220338983050847,0.26429187015225514
10,eeg_ts,1,MovingTargetNoise,10,58,17,0.29310344827586204,0.2223543400713437
10,eeg_ts,1,MovingTargetNoise,30,18,6,0.3333333333333333,0.16049382716049382
10,eeg_ts,1,MovingTargetNoise,60,8,2,0.25,0.1875
10,eeg_ts,2,NoVisuals,1,596,212,0.35570469798657717,0.30023422368361785
10,eeg_ts,2,NoVisuals,2,298,102,0.3422818791946309,0.2635917301022476
10,eeg_ts,2,NoVisuals,5,118,43,0.3644067796610169,0.2668773340993967
10,eeg_ts,2,NoVisuals,10,58,14,0.2413793103448276,0.17717003567181927
10,eeg_ts,2,NoVisuals,30,18,4,0.2222222222222222,0.012345679012345684
10,eeg_ts,2,NoVisuals,60,8,1,0.125,0.0
10,eeg_ts,3,MovingTargetNoise,1,596,277,0.46476510067114096,0.4267150128372596
10,eeg_ts,3,MovingTargetNoise,2,298,132,0.4429530201342282,0.4338543308859962
10,eeg_ts,3,MovingTargetNoise,5,118,55,0.4661016949152542,0.398448721631715
10,eeg_ts,3,MovingTargetNoise,10,58,26,0.4482758620689655,0.3590963139120095
10,eeg_ts,3,MovingTargetNoise,30,18,10,0.5555555555555556,0.20987654320987653
10,eeg_ts,3,MovingTargetNoise,60,8,4,0.5,0.25
10,eeg_ts,4,FixedVideo,1,596,168,0.28187919463087246,0.19039682897166793
10,eeg_ts,4,FixedVideo,2,298,74,0.2483221476510067,0.1695869555425431
10,eeg_ts,4,FixedVideo,5,118,24,0.2033898305084746,0.12065498419994253
10,eeg_ts,4,FixedVideo,10,58,10,0.1724137931034483,0.07728894173602853
10,eeg_ts,4,FixedVideo,30,18,1,0.05555555555555555,0.024691358024691367
10,eeg_ts,4,FixedVideo,60,8,0,0.0,0.0
10,eeg_ts,5,MovingVideo,1,596,262,0.4395973154362416,0.4323791721093644
10,eeg_ts,5,MovingVideo,2,298,141,0.47315436241610737,0.451646322237737
10,eeg_ts,5,MovingVideo,5,118,64,0.5423728813559322,0.5067509336397586
10,eeg_ts,5,MovingVideo,10,58,31,0.5344827586206896,0.5279429250891796
10,eeg_ts,5,MovingVideo,30,18,8,0.4444444444444444,0.5555555555555556
10,eeg_ts,5,MovingVideo,60,8,3,0.375,0.625
10,eeg_ts,6,NoVisuals,1,596,257,0.4312080536912752,0.409215801090041
10,eeg_ts,6,NoVisuals,2,298,126,0.4228187919463087,0.3821899914418269
10,eeg_ts,6,NoVisuals,5,118,36,0.3050847457627119,0.29819017523700087
10,eeg_ts,6,NoVisuals,10,58,15,0.25862068965517243,0.23781212841854937
10,eeg_ts,6,NoVisuals,30,18,3,0.16666666666666666,0.14814814814814814
10,eeg_ts,6,NoVisuals,60,8,1,0.125,0.125
10,eeg_ts,7,FixedVideo,1,596,218,0.36577181208053694,0.31986171794063323
10,eeg_ts,7,FixedVideo,2,298,110,0.3691275167785235,0.330931039142381
10,eeg_ts,7,FixedVideo,5,118,45,0.3813559322033898,0.31370295891985056
10,eeg_ts,7,FixedVideo,10,58,16,0.27586206896551724,0.2366230677764566
10,eeg_ts,7,FixedVideo,30,18,4,0.2222222222222222,0.16049382716049385
10,eeg_ts,7,FixedVideo,60,8,2,0.25,0.0625
10,eeg_eogreg_ts,0,MovingVideo,1,596,309,0.5184563758389261,0.4748209540110806
10,eeg_eogreg_ts,0,MovingVideo,2,298,137,0.4597315436241611,0.44646637538849604
10,eeg_eogreg_ts,0,MovingVideo,5,118,51,0.4322033898305085,0.34587762137316863
10,eeg_eogreg_ts,0,MovingVideo,10,58,23,0.39655172413793105,0.28894173602853745
10,eeg_eogreg_ts,0,MovingVideo,30,18,7,0.3888888888888889,0.19753086419753085
10,eeg_eogreg_ts,0,MovingVideo,60,8,3,0.375,0.0625
10,eeg_eogreg_ts,1,MovingTargetNoise,1,596,219,0.3674496644295302,0.27242016125399754
10,eeg_eogreg_ts,1,MovingTargetNoise,2,298,108,0.3624161073825503,0.2906175397504617
10,eeg_eogreg_ts,1,MovingTargetNoise,5,118,41,0.3474576271186441,0.2792301062912956
10,eeg_eogreg_ts,1,MovingTargetNoise,10,58,18,0.3103448275862069,0.24970273483947683
10,eeg_eogreg_ts,1,MovingTargetNoise,30,18,6,0.3333333333333333,0.20987654320987653
10,eeg_eogreg_ts,1,MovingTargetNoise,60,8,2,0.25,0.125
10,eeg_eogreg_ts,2,NoVisuals,1,596,202,0.3389261744966443,0.2985338498265844
10,eeg_eogreg_ts,2,NoVisuals,2,298,108,0.3624161073825503,0.29088779784694385
10,eeg_eogreg_ts,2,NoVisuals,5,118,39,0.3305084745762712,0.25883366848606726
10,eeg_eogreg_ts,2,NoVisuals,10,58,16,0.27586206896551724,0.18668252080856126
10,eeg_eogreg_ts,2,NoVisuals,30,18,3,0.16666666666666666,0.037037037037037035
10,eeg_eogreg_ts,2,NoVisuals,60,8,2,0.25,0.0
10,eeg_eogreg_ts,3,MovingTargetNoise,1,596,277,0.46476510067114096,0.43360659429755416
10,eeg_eogreg_ts,3,MovingTargetNoise,2,298,136,0.4563758389261745,0.42056664114229086
10,eeg_eogreg_ts,3,MovingTargetNoise,5,118,52,0.4406779661016949,0.40620511347313987
10,eeg_eogreg_ts,3,MovingTargetNoise,10,58,28,0.4827586206896552,0.3543400713436385
10,eeg_eogreg_ts,3,MovingTargetNoise,30,18,8,0.4444444444444444,0.2716049382716049
10,eeg_eogreg_ts,3,MovingTargetNoise,60,8,4,0.5,0.1875
10,eeg_eogreg_ts,4,FixedVideo,1,596,150,0.2516778523489933,0.15835998378451419
10,eeg_eogreg_ts,4,FixedVideo,2,298,60,0.20134228187919462,0.13891266159182017
10,eeg_eogreg_ts,4,FixedVideo,5,118,20,0.1694915254237288,0.085033036483769
10,eeg_eogreg_ts,4,FixedVideo,10,58,7,0.1206896551724138,0.05469678953626634
10,eeg_eogreg_ts,4,FixedVideo,30,18,1,0.05555555555555555,0.0
10,eeg_eogreg_ts,4,FixedVideo,60,8,0,0.0,0.0
10,eeg_eogreg_ts,5,MovingVideo,1,596,266,0.4463087248322148,0.4501373811990451
10,eeg_eogreg_ts,5,MovingVideo,2,298,145,0.4865771812080537,0.46939327057339764
10,eeg_eogreg_ts,5,MovingVideo,5,118,58,0.4915254237288136,0.5015800057454753
10,eeg_eogreg_ts,5,MovingVideo,10,58,29,0.5,0.5148632580261594
10,eeg_eogreg_ts,5,MovingVideo,30,18,10,0.5555555555555556,0.5185185185185185
10,eeg_eogreg_ts,5,MovingVideo,60,8,4,0.5,0.5625
10,eeg_eogreg_ts,6,NoVisuals,1,596,255,0.4278523489932886,0.3933606594297554
10,eeg_eogreg_ts,6,NoVisuals,2,298,115,0.3859060402684564,0.37998288365388944
10,eeg_eogreg_ts,6,NoVisuals,5,118,43,0.3644067796610169,0.357081298477449
10,eeg_eogreg_ts,6,NoVisuals,10,58,20,0.3448275862068966,0.29607609988109396
10,eeg_eogreg_ts,6,NoVisuals,30,18,3,0.16666666666666666,0.18518518518518523
10,eeg_eogreg_ts,6,NoVisuals,60,8,1,0.125,0.1875
10,eeg_eogreg_ts,7,FixedVideo,1,596,220,0.3691275167785235,0.31159632448988783
10,eeg_eogreg_ts,7,FixedVideo,2,298,115,0.3859060402684564,0.32939957659564884
10,eeg_eogreg_ts,7,FixedVideo,5,118,45,0.3813559322033898,0.3343866704969836
10,eeg_eogreg_ts,7,FixedVideo,10,58,22,0.3793103448275862,0.281807372175981
10,eeg_eogreg_ts,7,FixedVideo,30,18,5,0.2777777777777778,0.2469135802469136
10,eeg_eogreg_ts,7,FixedVideo,60,8,2,0.25,0.125
10,eeg_post_ts,0,MovingVideo,1,596,296,0.4966442953020134,0.5018242421512544
10,eeg_post_ts,0,MovingVideo,2,298,148,0.4966442953020134,0.5071393180487365
10,eeg_post_ts,0,MovingVideo,5,118,57,0.4830508474576271,0.4633725940821603
10,eeg_post_ts,0,MovingVideo,10,58,27,0.46551724137931033,0.4673008323424495
10,eeg_post_ts,0,MovingVideo,30,18,8,0.4444444444444444,0.33333333333333337
10,eeg_post_ts,0,MovingVideo,60,8,3,0.375,0.375
10,eeg_post_ts,1,MovingTargetNoise,1,596,241,0.40436241610738255,0.35354263321472007
10,eeg_post_ts,1,MovingTargetNoise,2,298,133,0.4463087248322148,0.35858745101572
10,eeg_post_ts,1,MovingTargetNoise,5,118,52,0.4406779661016949,0.352484918126975
10,eeg_post_ts,1,MovingTargetNoise,10,58,25,0.43103448275862066,0.32936979785969084
10,eeg_post_ts,1,MovingTargetNoise,30,18,7,0.3888888888888889,0.16049382716049382
10,eeg_post_ts,1,MovingTargetNoise,60,8,4,0.5,0.0
10,eeg_post_ts,2,NoVisuals,1,596,304,0.5100671140939598,0.49131795865051126
10,eeg_post_ts,2,NoVisuals,2,298,141,0.47315436241610737,0.47623980901761176
10,eeg_post_ts,2,NoVisuals,5,118,55,0.4661016949152542,0.46940534329215744
10,eeg_post_ts,2,NoVisuals,10,58,29,0.5,0.46373365041617126
10,eeg_post_ts,2,NoVisuals,30,18,9,0.5,0.5308641975308641
10,eeg_post_ts,2,NoVisuals,60,8,4,0.5,0.5
10,eeg_post_ts,3,MovingTargetNoise,1,596,285,0.47818791946308725,0.4637291113012927
10,eeg_post_ts,3,MovingTargetNoise,2,298,142,0.47651006711409394,0.4734921850367101
10,eeg_post_ts,3,MovingTargetNoise,5,118,53,0.4491525423728814,0.4616489514507326
10,eeg_post_ts,3,MovingTargetNoise,10,58,26,0.4482758620689655,0.46373365041617126
10,eeg_post_ts,3,MovingTargetNoise,30,18,7,0.3888888888888889,0.3827160493827161
10,eeg_post_ts,3,MovingTargetNoise,60,8,4,0.5,0.4375
10,eeg_post_ts,4,FixedVideo,1,596,248,0.4161073825503356,0.36896986622224226
10,eeg_post_ts,4,FixedVideo,2,298,107,0.35906040268456374,0.3531372460699968
10,eeg_post_ts,4,FixedVideo,5,118,44,0.3728813559322034,0.3476012640045964
10,eeg_post_ts,4,FixedVideo,10,58,23,0.39655172413793105,0.3162901307966706
10,eeg_post_ts,4,FixedVideo,30,18,4,0.2222222222222222,0.12345679012345678
10,eeg_post_ts,4,FixedVideo,60,8,1,0.125,0.0625
10,eeg_post_ts,5,MovingVideo,1,596,265,0.4446308724832215,0.4122899869375253
10,eeg_post_ts,5,MovingVideo,2,298,137,0.4597315436241611,0.4455204720508085
10,eeg_post_ts,5,MovingVideo,5,118,62,0.5254237288135594,0.48032174662453314
10,eeg_post_ts,5,MovingVideo,10,58,29,0.5,0.4447086801426872
10,eeg_post_ts,5,MovingVideo,30,18,8,0.4444444444444444,0.43209876543209874
10,eeg_post_ts,5,MovingVideo,60,8,4,0.5,0.5
10,eeg_post_ts,6,NoVisuals,1,596,279,0.46812080536912754,0.46109409486059183
10,eeg_post_ts,6,NoVisuals,2,298,133,0.4463087248322148,0.43840367551011217
10,eeg_post_ts,6,NoVisuals,5,118,47,0.3983050847457627,0.4093651249640907
10,eeg_post_ts,6,NoVisuals,10,58,22,0.3793103448275862,0.34363852556480384
10,eeg_post_ts,6,NoVisuals,30,18,5,0.2777777777777778,0.3827160493827161
10,eeg_post_ts,6,NoVisuals,60,8,2,0.25,0.0625
10,eeg_post_ts,7,FixedVideo,1,596,287,0.4815436241610738,0.46661186433043556
10,eeg_post_ts,7,FixedVideo,2,298,142,0.47651006711409394,0.46470879690104044
10,eeg_post_ts,7,FixedVideo,5,118,51,0.4322033898305085,0.39184142487790863
10,eeg_post_ts,7,FixedVideo,10,58,19,0.3275862068965517,0.34363852556480384
10,eeg_post_ts,7,FixedVideo,30,18,6,0.3333333333333333,0.29629629629629634
10,eeg_post_ts,7,FixedVideo,60,8,2,0.25,0.25
10,eeg_alpha_ts,0,MovingVideo,1,596,313,0.5251677852348994,0.5251452637268592
10,eeg_alpha_ts,0,MovingVideo,2,298,164,0.5503355704697986,0.557317237962254
10,eeg_alpha_ts,0,MovingVideo,5,118,70,0.5932203389830508,0.5981039931054295
10,eeg_alpha_ts,0,MovingVideo,10,58,34,0.5862068965517241,0.6064209274673008
10,eeg_alpha_ts,0,MovingVideo,30,18,11,0.6111111111111112,0.7901234567901234
10,eeg_alpha_ts,0,MovingVideo,60,8,6,0.75,0.8125
10,eeg_alpha_ts,1,MovingTargetNoise,1,596,284,0.47651006711409394,0.4701252195847034
10,eeg_alpha_ts,1,MovingTargetNoise,2,298,138,0.46308724832214765,0.47114994820053147
10,eeg_alpha_ts,1,MovingTargetNoise,5,118,56,0.4745762711864407,0.4418270611893134
10,eeg_alpha_ts,1,MovingTargetNoise,10,58,27,0.46551724137931033,0.4244946492271106
10,eeg_alpha_ts,1,MovingTargetNoise,30,18,8,0.4444444444444444,0.33333333333333337
10,eeg_alpha_ts,1,MovingTargetNoise,60,8,3,0.375,0.25
10,eeg_alpha_ts,2,NoVisuals,1,596,306,0.5134228187919463,0.5120264852934553
10,eeg_alpha_ts,2,NoVisuals,2,298,156,0.5234899328859061,0.5523625061934148
10,eeg_alpha_ts,2,NoVisuals,5,118,63,0.5338983050847458,0.5642056880206837
10,eeg_alpha_ts,2,NoVisuals,10,58,30,0.5172413793103449,0.582639714625446
10,eeg_alpha_ts,2,NoVisuals,30,18,11,0.6111111111111112,0.691358024691358
10,eeg_alpha_ts,2,NoVisuals,60,8,6,0.75,0.75
10,eeg_alpha_ts,3,MovingTargetNoise,1,596,291,0.48825503355704697,0.4818589252736363
10,eeg_alpha_ts,3,MovingTargetNoise,2,298,165,0.5536912751677853,0.5229944597090221
10,eeg_alpha_ts,3,MovingTargetNoise,5,118,62,0.5254237288135594,0.5409365124964091
10,eeg_alpha_ts,3,MovingTargetNoise,10,58,33,0.5689655172413793,0.5541022592152199
10,eeg_alpha_ts,3,MovingTargetNoise,30,18,9,0.5,0.5308641975308642
10,eeg_alpha_ts,3,MovingTargetNoise,60,8,5,0.625,0.625
10,eeg_alpha_ts,4,FixedVideo,1,596,223,0.37416107382550334,0.32677582090896806
10,eeg_alpha_ts,4,FixedVideo,2,298,103,0.34563758389261745,0.2981397234358813
10,eeg_alpha_ts,4,FixedVideo,5,118,37,0.3135593220338983,0.2754955472565354
10,eeg_alpha_ts,4,FixedVideo,10,58,19,0.3275862068965517,0.2057074910820452
10,eeg_alpha_ts,4,FixedVideo,30,18,3,0.16666666666666666,0.07407407407407407
10,eeg_alpha_ts,4,FixedVideo,60,8,0,0.0,0.0
10,eeg_alpha_ts,5,MovingVideo,1,596,269,0.4513422818791946,0.43797576685734874
10,eeg_alpha_ts,5,MovingVideo,2,298,132,0.4429530201342282,0.4314220080176569
10,eeg_alpha_ts,5,MovingVideo,5,118,58,0.4915254237288136,0.5001436368859522
10,eeg_alpha_ts,5,MovingVideo,10,58,31,0.5344827586206896,0.5326991676575505
10,eeg_alpha_ts,5,MovingVideo,30,18,12,0.6666666666666666,0.6666666666666667
10,eeg_alpha_ts,5,MovingVideo,60,8,6,0.75,0.8125
10,eeg_alpha_ts,6,NoVisuals,1,596,286,0.4798657718120805,0.4651479663078239
10,eeg_alpha_ts,6,NoVisuals,2,298,147,0.49328859060402686,0.4770505833070582
10,eeg_alpha_ts,6,NoVisuals,5,118,64,0.5423728813559322,0.5188164320597529
10,eeg_alpha_ts,6,NoVisuals,10,58,28,0.4827586206896552,0.4887039239001189
10,eeg_alpha_ts,6,NoVisuals,30,18,9,0.5,0.6049382716049383
10,eeg_alpha_ts,6,NoVisuals,60,8,4,0.5,0.5
10,eeg_alpha_ts,7,FixedVideo,1,596,282,0.47315436241610737,0.44816674924552946
10,eeg_alpha_ts,7,FixedVideo,2,298,145,0.4865771812080537,0.4473221926940228
10,eeg_alpha_ts,7,FixedVideo,5,118,60,0.5084745762711864,0.5070382074116634
10,eeg_alpha_ts,7,FixedVideo,10,58,30,0.5172413793103449,0.4946492271105827
10,eeg_alpha_ts,7,FixedVideo,30,18,9,0.5,0.4938271604938272
10,eeg_alpha_ts,7,FixedVideo,60,8,4,0.5,0.375
10,gazectrl_ts,0,MovingVideo,1,596,310,0.5201342281879194,0.5141772893112923
10,gazectrl_ts,0,MovingVideo,2,298,161,0.540268456375839,0.5668663573712895
10,gazectrl_ts,0,MovingVideo,5,118,59,0.5,0.511921861534042
10,gazectrl_ts,0,MovingVideo,10,58,29,0.5,0.5160523186682521
10,gazectrl_ts,0,MovingVideo,30,18,9,0.5,0.654320987654321
10,gazectrl_ts,0,MovingVideo,60,8,5,0.625,0.6875
10,gazectrl_ts,1,MovingTargetNoise,1,596,273,0.45805369127516776,0.4452389532003063
10,gazectrl_ts,1,MovingTargetNoise,2,298,133,0.4463087248322148,0.44245754695734424
10,gazectrl_ts,1,MovingTargetNoise,5,118,49,0.4152542372881356,0.39701235277219193
10,gazectrl_ts,1,MovingTargetNoise,10,58,28,0.4827586206896552,0.38168846611177165
10,gazectrl_ts,1,MovingTargetNoise,30,18,7,0.3888888888888889,0.32098765432098764
10,gazectrl_ts,1,MovingTargetNoise,60,8,2,0.25,0.1875
10,gazectrl_ts,2,NoVisuals,1,596,307,0.5151006711409396,0.5206071798567632
10,gazectrl_ts,2,NoVisuals,2,298,162,0.5436241610738255,0.5538489257240664
10,gazectrl_ts,2,NoVisuals,5,118,75,0.635593220338983,0.599253088193048
10,gazectrl_ts,2,NoVisuals,10,58,37,0.6379310344827587,0.6373365041617123
10,gazectrl_ts,2,NoVisuals,30,18,13,0.7222222222222222,0.691358024691358
10,gazectrl_ts,2,NoVisuals,60,8,5,0.625,0.6875
10,gazectrl_ts,3,MovingTargetNoise,1,596,300,0.5033557046979866,0.5129836493851627
10,gazectrl_ts,3,MovingTargetNoise,2,298,161,0.540268456375839,0.5550200441421558
10,gazectrl_ts,3,MovingTargetNoise,5,118,62,0.5254237288135594,0.5438092502154552
10,gazectrl_ts,3,MovingTargetNoise,10,58,28,0.4827586206896552,0.5231866825208086
10,gazectrl_ts,3,MovingTargetNoise,30,18,8,0.4444444444444444,0.5555555555555556
10,gazectrl_ts,3,MovingTargetNoise,60,8,4,0.5,0.625
10,gazectrl_ts,4,FixedVideo,1,596,255,0.4278523489932886,0.39777487500563036
10,gazectrl_ts,4,FixedVideo,2,298,125,0.41946308724832215,0.36223593531822895
10,gazectrl_ts,4,FixedVideo,5,118,47,0.3983050847457627,0.35823039356506753
10,gazectrl_ts,4,FixedVideo,10,58,24,0.41379310344827586,0.3055885850178359
10,gazectrl_ts,4,FixedVideo,30,18,7,0.3888888888888889,0.12345679012345681
10,gazectrl_ts,4,FixedVideo,60,8,3,0.375,0.1875
10,gazectrl_ts,5,MovingVideo,1,596,273,0.45805369127516776,0.4583915138957705
10,gazectrl_ts,5,MovingVideo,2,298,137,0.4597315436241611,0.47218593757037974
10,gazectrl_ts,5,MovingVideo,5,118,51,0.4322033898305085,0.4372306808388394
10,gazectrl_ts,5,MovingVideo,10,58,26,0.4482758620689655,0.3793103448275862
10,gazectrl_ts,5,MovingVideo,30,18,8,0.4444444444444444,0.3580246913580247
10,gazectrl_ts,5,MovingVideo,60,8,3,0.375,0.5
10,gazectrl_ts,6,NoVisuals,1,596,288,0.48322147651006714,0.4809693257060493
10,gazectrl_ts,6,NoVisuals,2,298,156,0.5234899328859061,0.5111481464798883
10,gazectrl_ts,6,NoVisuals,5,118,57,0.4830508474576271,0.5288710140764148
10,gazectrl_ts,6,NoVisuals,10,58,33,0.5689655172413793,0.5564803804994055
10,gazectrl_ts,6,NoVisuals,30,18,9,0.5,0.5679012345679013
10,gazectrl_ts,6,NoVisuals,60,8,5,0.625,0.5625
10,gazectrl_ts,7,FixedVideo,1,596,300,0.5033557046979866,0.5105738480248637
10,gazectrl_ts,7,FixedVideo,2,298,154,0.5167785234899329,0.5440745912346291
10,gazectrl_ts,7,FixedVideo,5,118,63,0.5338983050847458,0.5553002010916404
10,gazectrl_ts,7,FixedVideo,10,58,33,0.5689655172413793,0.5576694411414982
10,gazectrl_ts,7,FixedVideo,30,18,12,0.6666666666666666,0.6419753086419753
10,gazectrl_ts,7,FixedVideo,60,8,4,0.5,0.8125
10,gazectrl_csp,0,MovingVideo,1,596,299,0.5016778523489933,0.5093802080987344
10,gazectrl_csp,0,MovingVideo,2,298,153,0.5134228187919463,0.49813071483266513
10,gazectrl_csp,0,MovingVideo,5,118,59,0.5,0.5047400172364263
10,gazectrl_csp,0,MovingVideo,10,58,23,0.39655172413793105,0.4839476813317479
10,gazectrl_csp,0,MovingVideo,30,18,7,0.3888888888888889,0.4691358024691358
10,gazectrl_csp,0,MovingVideo,60,8,4,0.5,0.625
10,gazectrl_csp,1,MovingTargetNoise,1,596,272,0.4563758389261745,0.454416467726679
10,gazectrl_csp,1,MovingTargetNoise,2,298,145,0.4865771812080537,0.42682762037746047
10,gazectrl_csp,1,MovingTargetNoise,5,118,52,0.4406779661016949,0.4102269462798046
10,gazectrl_csp,1,MovingTargetNoise,10,58,29,0.5,0.370986920332937
10,gazectrl_csp,1,MovingTargetNoise,30,18,9,0.5,0.37037037037037035
10,gazectrl_csp,1,MovingTargetNoise,60,8,4,0.5,0.25
10,gazectrl_csp,2,NoVisuals,1,596,271,0.4546979865771812,0.4458808161794514
10,gazectrl_csp,2,NoVisuals,2,298,143,0.4798657718120805,0.44083599837845144
10,gazectrl_csp,2,NoVisuals,5,118,53,0.4491525423728814,0.4604998563631141
10,gazectrl_csp,2,NoVisuals,10,58,28,0.4827586206896552,0.4161712247324614
10,gazectrl_csp,2,NoVisuals,30,18,9,0.5,0.271604938271605
10,gazectrl_csp,2,NoVisuals,60,8,4,0.5,0.0
10,gazectrl_csp,3,MovingTargetNoise,1,596,300,0.5033557046979866,0.5167447412278726
10,gazectrl_csp,3,MovingTargetNoise,2,298,155,0.5201342281879194,0.519300932390433
10,gazectrl_csp,3,MovingTargetNoise,5,118,60,0.5084745762711864,0.5303073829359379
10,gazectrl_csp,3,MovingTargetNoise,10,58,29,0.5,0.5267538644470868
10,gazectrl_csp,3,MovingTargetNoise,30,18,10,0.5555555555555556,0.5555555555555556
10,gazectrl_csp,3,MovingTargetNoise,60,8,5,0.625,0.6875
10,gazectrl_csp,4,FixedVideo,1,596,237,0.3976510067114094,0.3332620152245394
10,gazectrl_csp,4,FixedVideo,2,298,99,0.33221476510067116,0.25408765370929237
10,gazectrl_csp,4,FixedVideo,5,118,30,0.2542372881355932,0.19764435507038208
10,gazectrl_csp,4,FixedVideo,10,58,15,0.25862068965517243,0.11890606420927469
10,gazectrl_csp,4,FixedVideo,30,18,4,0.2222222222222222,0.012345679012345684
10,gazectrl_csp,4,FixedVideo,60,8,0,0.0,0.0
10,gazectrl_csp,5,MovingVideo,1,596,267,0.44798657718120805,0.41053330931039145
10,gazectrl_csp,5,MovingVideo,2,298,141,0.47315436241610737,0.41876492049907665
10,gazectrl_csp,5,MovingVideo,5,118,60,0.5084745762711864,0.4458488939959781
10,gazectrl_csp,5,MovingVideo,10,58,24,0.41379310344827586,0.3769322235434007
10,gazectrl_csp,5,MovingVideo,30,18,7,0.3888888888888889,0.3580246913580247
10,gazectrl_csp,5,MovingVideo,60,8,4,0.5,0.25
10,gazectrl_csp,6,NoVisuals,1,596,260,0.436241610738255,0.4154655195711905
10,gazectrl_csp,6,NoVisuals,2,298,129,0.43288590604026844,0.4111526507814964
10,gazectrl_csp,6,NoVisuals,5,118,52,0.4406779661016949,0.41080149382361386
10,gazectrl_csp,6,NoVisuals,10,58,25,0.43103448275862066,0.38168846611177176
10,gazectrl_csp,6,NoVisuals,30,18,8,0.4444444444444444,0.39506172839506176
10,gazectrl_csp,6,NoVisuals,60,8,4,0.5,0.25
10,gazectrl_csp,7,FixedVideo,1,596,290,0.4865771812080537,0.4933674158821675
10,gazectrl_csp,7,FixedVideo,2,298,137,0.4597315436241611,0.48538354128192424
10,gazectrl_csp,7,FixedVideo,5,118,59,0.5,0.49439816144785975
10,gazectrl_csp,7,FixedVideo,10,58,27,0.46551724137931033,0.4518430439952438
10,gazectrl_csp,7,FixedVideo,30,18,6,0.3333333333333333,0.3950617283950617
10,gazectrl_csp,7,FixedVideo,60,8,4,0.5,0.375
11,eog_ts,0,MovingVideo,1,596,300,0.5033557046979866,0.5400432412954371
11,eog_ts,0,MovingVideo,2,298,142,0.47651006711409394,0.5093013828205937
11,eog_ts,0,MovingVideo,5,118,56,0.4745762711864407,0.5170927894283253
11,eog_ts,0,MovingVideo,10,58,32,0.5517241379310345,0.5671819262782403
11,eog_ts,0,MovingVideo,30,18,10,0.5555555555555556,0.654320987654321
11,eog_ts,0,MovingVideo,60,8,4,0.5,0.5
11,eog_ts,1,MovingTargetNoise,1,596,319,0.535234899328859,0.5556506463672808
11,eog_ts,1,MovingTargetNoise,2,298,152,0.5100671140939598,0.5357866762758434
11,eog_ts,1,MovingTargetNoise,5,118,58,0.4915254237288136,0.5010054582016662
11,eog_ts,1,MovingTargetNoise,10,58,32,0.5517241379310345,0.49702734839476814
11,eog_ts,1,MovingTargetNoise,30,18,11,0.6111111111111112,0.4444444444444444
11,eog_ts,1,MovingTargetNoise,60,8,5,0.625,0.6875
11,eog_ts,2,MovingTargetNoise,1,596,290,0.4865771812080537,0.47696049727489753
11,eog_ts,2,MovingTargetNoise,2,298,151,0.5067114093959731,0.4900680149542813
11,eog_ts,2,MovingTargetNoise,5,118,60,0.5084745762711864,0.5185291582878483
11,eog_ts,2,MovingTargetNoise,10,58,28,0.4827586206896552,0.5160523186682521
11,eog_ts,2,MovingTargetNoise,30,18,9,0.5,0.5308641975308642
11,eog_ts,2,MovingTargetNoise,60,8,5,0.625,0.4375
11,eog_ts,3,NoVisuals,1,596,250,0.41946308724832215,0.4312981397234359
11,eog_ts,3,NoVisuals,2,298,126,0.4228187919463087,0.42700779244178194
11,eog_ts,3,NoVisuals,5,118,48,0.4067796610169492,0.40907785119218615
11,eog_ts,3,NoVisuals,10,58,26,0.4482758620689655,0.4221165279429251
11,eog_ts,3,NoVisuals,30,18,8,0.4444444444444444,0.4074074074074074
11,eog_ts,3,NoVisuals,60,8,3,0.375,0.375
11,eog_ts,4,FixedVideo,1,596,250,0.41946308724832215,0.4054772307553714
11,eog_ts,4,FixedVideo,2,298,115,0.3859060402684564,0.3491734606549254
11,eog_ts,4,FixedVideo,5,118,42,0.3559322033898305,0.29876472278081007
11,eog_ts,4,FixedVideo,10,58,16,0.27586206896551724,0.22829964328180735
11,eog_ts,4,FixedVideo,30,18,3,0.16666666666666666,0.061728395061728406
11,eog_ts,4,FixedVideo,60,8,0,0.0,0.0
11,eog_ts,5,MovingVideo,1,596,210,0.3523489932885906,0.3025201567496959
11,eog_ts,5,MovingVideo,2,298,103,0.34563758389261745,0.2570154497545155
11,eog_ts,5,MovingVideo,5,118,38,0.3220338983050847,0.22349899454179833
11,eog_ts,5,MovingVideo,10,58,13,0.22413793103448276,0.1629013079667063
11,eog_ts,5,MovingVideo,30,18,4,0.2222222222222222,0.07407407407407407
11,eog_ts,5,MovingVideo,60,8,0,0.0,0.0
11,eog_ts,6,NoVisuals,1,596,242,0.40604026845637586,0.354544840322508
11,eog_ts,6,NoVisuals,2,298,106,0.35570469798657717,0.3257510922931399
11,eog_ts,6,NoVisuals,5,118,36,0.3050847457627119,0.3105429474288997
11,eog_ts,6,NoVisuals,10,58,16,0.27586206896551724,0.26634958382877527
11,eog_ts,6,NoVisuals,30,18,5,0.2777777777777778,0.1234567901234568
11,eog_ts,6,NoVisuals,60,8,1,0.125,0.0
11,eog_ts,7,FixedVideo,1,596,220,0.3691275167785235,0.3162244943921445
11,eog_ts,7,FixedVideo,2,298,92,0.3087248322147651,0.24007927570830145
11,eog_ts,7,FixedVideo,5,118,30,0.2542372881355932,0.18442976156276933
11,eog_ts,7,FixedVideo,10,58,11,0.1896551724137931,0.13317479191438764
11,eog_ts,7,FixedVideo,30,18,2,0.1111111111111111,0.012345679012345684
11,eog_ts,7,FixedVideo,60,8,0,0.0,0.0
11,eeg_csp,0,MovingVideo,1,596,287,0.4815436241610738,0.4418044232241791
11,eeg_csp,0,MovingVideo,2,298,142,0.47651006711409394,0.4138552317463177
11,eeg_csp,0,MovingVideo,5,118,53,0.4491525423728814,0.3622522263717322
11,eeg_csp,0,MovingVideo,10,58,24,0.41379310344827586,0.2925089179548157
11,eeg_csp,0,MovingVideo,30,18,9,0.5,0.1851851851851852
11,eeg_csp,0,MovingVideo,60,8,4,0.5,0.0
11,eeg_csp,1,MovingTargetNoise,1,596,238,0.39932885906040266,0.4004661952164317
11,eeg_csp,1,MovingTargetNoise,2,298,136,0.4563758389261745,0.42556641592721045
11,eeg_csp,1,MovingTargetNoise,5,118,59,0.5,0.5343292157426026
11,eeg_csp,1,MovingTargetNoise,10,58,29,0.5,0.5267538644470868
11,eeg_csp,1,MovingTargetNoise,30,18,8,0.4444444444444444,0.6049382716049383
11,eeg_csp,1,MovingTargetNoise,60,8,4,0.5,0.75
11,eeg_csp,2,MovingTargetNoise,1,596,213,0.3573825503355705,0.31473807486149274
11,eeg_csp,2,MovingTargetNoise,2,298,104,0.348993288590604,0.2974190351785956
11,eeg_csp,2,MovingTargetNoise,5,118,39,0.3305084745762712,0.2533754668198793
11,eeg_csp,2,MovingTargetNoise,10,58,15,0.25862068965517243,0.2140309155766944
11,eeg_csp,2,MovingTargetNoise,30,18,2,0.1111111111111111,0.16049382716049385
11,eeg_csp,2,MovingTargetNoise,60,8,1,0.125,0.0
11,eeg_csp,3,NoVisuals,1,596,217,0.3640939597315436,0.3231273366064592
11,eeg_csp,3,NoVisuals,2,298,111,0.3724832214765101,0.3139948650961668
11,eeg_csp,3,NoVisuals,5,118,41,0.3474576271186441,0.2938810686584315
11,eeg_csp,3,NoVisuals,10,58,19,0.3275862068965517,0.2604042806183115
11,eeg_csp,3,NoVisuals,30,18,5,0.2777777777777778,0.25925925925925924
11,eeg_csp,3,NoVisuals,60,8,2,0.25,0.3125
11,eeg_csp,4,FixedVideo,1,596,244,0.40939597315436244,0.1483491734606549
11,eeg_csp,4,FixedVideo,2,298,134,0.44966442953020136,0.20954011080581955
11,eeg_csp,4,FixedVideo,5,118,57,0.4830508474576271,0.23441539787417404
11,eeg_csp,4,FixedVideo,10,58,28,0.4827586206896552,0.21403091557669435
11,eeg_csp,4,FixedVideo,30,18,9,0.5,0.2222222222222222
11,eeg_csp,4,FixedVideo,60,8,4,0.5,0.0
11,eeg_csp,5,MovingVideo,1,596,287,0.4815436241610738,0.4633462456646097
11,eeg_csp,5,MovingVideo,2,298,146,0.4899328859060403,0.4561055808296924
11,eeg_csp,5,MovingVideo,5,118,50,0.423728813559322,0.3889686871588624
11,eeg_csp,5,MovingVideo,10,58,25,0.43103448275862066,0.36623067776456597
11,eeg_csp,5,MovingVideo,30,18,8,0.4444444444444444,0.37037037037037035
11,eeg_csp,5,MovingVideo,60,8,2,0.25,0.4375
11,eeg_csp,6,NoVisuals,1,596,313,0.5251677852348994,0.5396941579208143
11,eeg_csp,6,NoVisuals,2,298,149,0.5,0.5102022431422009
11,eeg_csp,6,NoVisuals,5,118,48,0.4067796610169492,0.412237862683137
11,eeg_csp,6,NoVisuals,10,58,27,0.46551724137931033,0.43638525564803804
11,eeg_csp,6,NoVisuals,30,18,10,0.5555555555555556,0.3950617283950617
11,eeg_csp,6,NoVisuals,60,8,4,0.5,0.5625
11,eeg_csp,7,FixedVideo,1,596,258,0.43288590604026844,0.42682762037746047
11,eeg_csp,7,FixedVideo,2,298,114,0.3825503355704698,0.3402549434710148
11,eeg_csp,7,FixedVideo,5,118,47,0.3983050847457627,0.338695777075553
11,eeg_csp,7,FixedVideo,10,58,19,0.3275862068965517,0.26991676575505347
11,eeg_csp,7,FixedVideo,30,18,8,0.4444444444444444,0.2716049382716049
11,eeg_csp,7,FixedVideo,60,8,1,0.125,0.0
11,eeg_ts,0,MovingVideo,1,596,289,0.4848993288590604,0.4996734381334174
11,eeg_ts,0,MovingVideo,2,298,150,0.5033557046979866,0.523850277014549
11,eeg_ts,0,MovingVideo,5,118,70,0.5932203389830508,0.5420856075840276
11,eeg_ts,0,MovingVideo,10,58,35,0.603448275862069,0.5755053507728893
11,eeg_ts,0,MovingVideo,30,18,7,0.3888888888888889,0.5061728395061729
11,eeg_ts,0,MovingVideo,60,8,2,0.25,0.5
11,eeg_ts,1,MovingTargetNoise,1,596,288,0.48322147651006714,0.4767465429485158
11,eeg_ts,1,MovingTargetNoise,2,298,133,0.4463087248322148,0.4309715778568533
11,eeg_ts,1,MovingTargetNoise,5,118,47,0.3983050847457627,0.34702671646078714
11,eeg_ts,1,MovingTargetNoise,10,58,23,0.39655172413793105,0.3103448275862069
11,eeg_ts,1,MovingTargetNoise,30,18,5,0.2777777777777778,0.1358024691358025
11,eeg_ts,1,MovingTargetNoise,60,8,2,0.25,0.1875
11,eeg_ts,2,MovingTargetNoise,1,596,209,0.35067114093959734,0.30690059006351067
11,eeg_ts,2,MovingTargetNoise,2,298,111,0.3724832214765101,0.31012116571325615
11,eeg_ts,2,MovingTargetNoise,5,118,40,0.3389830508474576,0.29589198506176384
11,eeg_ts,2,MovingTargetNoise,10,58,22,0.3793103448275862,0.26753864447086806
11,eeg_ts,2,MovingTargetNoise,30,18,5,0.2777777777777778,0.14814814814814814
11,eeg_ts,2,MovingTargetNoise,60,8,2,0.25,0.0
11,eeg_ts,3,NoVisuals,1,596,305,0.511744966442953,0.5153258862213413
11,eeg_ts,3,NoVisuals,2,298,157,0.5268456375838926,0.5121390928336561
11,eeg_ts,3,NoVisuals,5,118,68,0.576271186440678,0.5575983912668773
11,eeg_ts,3,NoVisuals,10,58,33,0.5689655172413793,0.5505350772889417
11,eeg_ts,3,NoVisuals,30,18,12,0.6666666666666666,0.5185185185185186
11,eeg_ts,3,NoVisuals,60,8,7,0.875,0.75
11,eeg_ts,4,FixedVideo,1,596,212,0.35570469798657717,0.324625016891131
11,eeg_ts,4,FixedVideo,2,298,112,0.37583892617449666,0.32210260799063106
11,eeg_ts,4,FixedVideo,5,118,36,0.3050847457627119,0.3145647802355645
11,eeg_ts,4,FixedVideo,10,58,21,0.3620689655172414,0.27586206896551724
11,eeg_ts,4,FixedVideo,30,18,7,0.3888888888888889,0.1851851851851852
11,eeg_ts,4,FixedVideo,60,8,1,0.125,0.1875
11,eeg_ts,5,MovingVideo,1,596,298,0.5,0.4915656952389532
11,eeg_ts,5,MovingVideo,2,298,141,0.47315436241610737,0.4891671546326742
11,eeg_ts,5,MovingVideo,5,118,58,0.4915254237288136,0.4869290433783396
11,eeg_ts,5,MovingVideo,10,58,27,0.46551724137931033,0.4815695600475624
11,eeg_ts,5,MovingVideo,30,18,9,0.5,0.4320987654320988
11,eeg_ts,5,MovingVideo,60,8,3,0.375,0.4375
11,eeg_ts,6,NoVisuals,1,596,260,0.436241610738255,0.4102855727219495
11,eeg_ts,6,NoVisuals,2,298,131,0.4395973154362416,0.38975721814332687
11,eeg_ts,6,NoVisuals,5,118,52,0.4406779661016949,0.42717609882217755
11,eeg_ts,6,NoVisuals,10,58,22,0.3793103448275862,0.38882282996432815
11,eeg_ts,6,NoVisuals,30,18,6,0.3333333333333333,0.271604938271605
11,eeg_ts,6,NoVisuals,60,8,2,0.25,0.3125
11,eeg_ts,7,FixedVideo,1,596,272,0.4563758389261745,0.44407909553623703
11,eeg_ts,7,FixedVideo,2,298,128,0.42953020134228187,0.4062880050448178
11,eeg_ts,7,FixedVideo,5,118,52,0.4406779661016949,0.3812122953174375
11,eeg_ts,7,FixedVideo,10,58,22,0.3793103448275862,0.3590963139120096
11,eeg_ts,7,FixedVideo,30,18,4,0.2222222222222222,0.24691358024691357
11,eeg_ts,7,FixedVideo,60,8,2,0.25,0.3125
11,eeg_eogreg_ts,0,MovingVideo,1,596,287,0.4815436241610738,0.4600018017206432
11,eeg_eogreg_ts,0,MovingVideo,2,298,143,0.4798657718120805,0.47114994820053147
11,eeg_eogreg_ts,0,MovingVideo,5,118,55,0.4661016949152542,0.4311979316288423
11,eeg_eogreg_ts,0,MovingVideo,10,58,28,0.4827586206896552,0.4209274673008324
11,eeg_eogreg_ts,0,MovingVideo,30,18,5,0.2777777777777778,0.3209876543209877
11,eeg_eogreg_ts,0,MovingVideo,60,8,2,0.25,0.125
11,eeg_eogreg_ts,1,MovingTargetNoise,1,596,276,0.46308724832214765,0.4354083149407684
11,eeg_eogreg_ts,1,MovingTargetNoise,2,298,133,0.4463087248322148,0.4184496193865141
11,eeg_eogreg_ts,1,MovingTargetNoise,5,118,51,0.4322033898305085,0.33668486067222064
11,eeg_eogreg_ts,1,MovingTargetNoise,10,58,24,0.41379310344827586,0.27705112960761
11,eeg_eogreg_ts,1,MovingTargetNoise,30,18,6,0.3333333333333333,0.14814814814814814
11,eeg_eogreg_ts,1,MovingTargetNoise,60,8,3,0.375,0.125
11,eeg_eogreg_ts,2,MovingTargetNoise,1,596,219,0.3674496644295302,0.28928877077609116
11,eeg_eogreg_ts,2,MovingTargetNoise,2,298,102,0.3422818791946309,0.2974190351785956
11,eeg_eogreg_ts,2,MovingTargetNoise,5,118,44,0.3728813559322034,0.31715024418270615
11,eeg_eogreg_ts,2,MovingTargetNoise,10,58,21,0.3620689655172414,0.262782401902497
11,eeg_eogreg_ts,2,MovingTargetNoise,30,18,4,0.2222222222222222,0.1851851851851852
11,eeg_eogreg_ts,2,MovingTargetNoise,60,8,2,0.25,0.0625
11,eeg_eogreg_ts,3,NoVisuals,1,596,287,0.4815436241610738,0.48366064591685054
11,eeg_eogreg_ts,3,NoVisuals,2,298,139,0.4664429530201342,0.47128507724877255
11,eeg_eogreg_ts,3,NoVisuals,5,118,53,0.4491525423728814,0.4461361677678828
11,eeg_eogreg_ts,3,NoVisuals,10,58,24,0.41379310344827586,0.42092746730083236
11,eeg_eogreg_ts,3,NoVisuals,30,18,8,0.4444444444444444,0.3827160493827161
11,eeg_eogreg_ts,3,NoVisuals,60,8,4,0.5,0.375
11,eeg_eogreg_ts,4,FixedVideo,1,596,226,0.37919463087248323,0.3209540110805819
11,eeg_eogreg_ts,4,FixedVideo,2,298,110,0.3691275167785235,0.31408495112832757
11,eeg_eogreg_ts,4,FixedVideo,5,118,46,0.3898305084745763,0.311117494972709
11,eeg_eogreg_ts,4,FixedVideo,10,58,21,0.3620689655172414,0.2972651605231867
11,eeg_eogreg_ts,4,FixedVideo,30,18,5,0.2777777777777778,0.20987654320987653
11,eeg_eogreg_ts,4,FixedVideo,60,8,1,0.125,0.1875
11,eeg_eogreg_ts,5,MovingVideo,1,596,263,0.4412751677852349,0.4388541056709157
11,eeg_eogreg_ts,5,MovingVideo,2,298,133,0.4463087248322148,0.4563758389261745
11,eeg_eogreg_ts,5,MovingVideo,5,118,55,0.4661016949152542,0.4553289284688308
11,eeg_eogreg_ts,5,MovingVideo,10,58,27,0.46551724137931033,0.45659928656361476
11,eeg_eogreg_ts,5,MovingVideo,30,18,7,0.3888888888888889,0.3950617283950617
11,eeg_eogreg_ts,5,MovingVideo,60,8,4,0.5,0.4375
11,eeg_eogreg_ts,6,NoVisuals,1,596,264,0.4429530201342282,0.4038782036845187
11,eeg_eogreg_ts,6,NoVisuals,2,298,129,0.43288590604026844,0.3820548623935859
11,eeg_eogreg_ts,6,NoVisuals,5,118,44,0.3728813559322034,0.3487503590922149
11,eeg_eogreg_ts,6,NoVisuals,10,58,25,0.43103448275862066,0.31153388822829964
11,eeg_eogreg_ts,6,NoVisuals,30,18,6,0.3333333333333333,0.1358024691358025
11,eeg_eogreg_ts,6,NoVisuals,60,8,3,0.375,0.0
11,eeg_eogreg_ts,7,FixedVideo,1,596,305,0.511744966442953,0.49402053961533265
11,eeg_eogreg_ts,7,FixedVideo,2,298,149,0.5,0.48358182063870997
11,eeg_eogreg_ts,7,FixedVideo,5,118,55,0.4661016949152542,0.48089629416834245
11,eeg_eogreg_ts,7,FixedVideo,10,58,29,0.5,0.49227110582639716
11,eeg_eogreg_ts,7,FixedVideo,30,18,7,0.3888888888888889,0.5555555555555556
11,eeg_eogreg_ts,7,FixedVideo,60,8,4,0.5,0.5
11,eeg_post_ts,0,MovingVideo,1,596,298,0.5,0.5289401378316292
11,eeg_post_ts,0,MovingVideo,2,298,149,0.5,0.5218683843070132
11,eeg_post_ts,0,MovingVideo,5,118,69,0.5847457627118644,0.5627693191611606
11,eeg_post_ts,0,MovingVideo,10,58,34,0.5862068965517241,0.5683709869203328
11,eeg_post_ts,0,MovingVideo,30,18,13,0.7222222222222222,0.654320987654321
11,eeg_post_ts,0,MovingVideo,60,8,5,0.625,0.5625
11,eeg_post_ts,1,MovingTargetNoise,1,596,278,0.4664429530201342,0.47105986216837076
11,eeg_post_ts,1,MovingTargetNoise,2,298,141,0.47315436241610737,0.448988784288996
11,eeg_post_ts,1,MovingTargetNoise,5,118,54,0.4576271186440678,0.4165469692617064
11,eeg_post_ts,1,MovingTargetNoise,10,58,23,0.39655172413793105,0.36504161712247324
11,eeg_post_ts,1,MovingTargetNoise,30,18,7,0.3888888888888889,0.3580246913580247
11,eeg_post_ts,1,MovingTargetNoise,60,8,3,0.375,0.3125
11,eeg_post_ts,2,MovingTargetNoise,1,596,283,0.4748322147651007,0.4703504346651052
11,eeg_post_ts,2,MovingTargetNoise,2,298,138,0.46308724832214765,0.4646637538849601
11,eeg_post_ts,2,MovingTargetNoise,5,118,56,0.4745762711864407,0.47773628267739154
11,eeg_post_ts,2,MovingTargetNoise,10,58,31,0.5344827586206896,0.5184304399524375
11,eeg_post_ts,2,MovingTargetNoise,30,18,11,0.6111111111111112,0.5185185185185186
11,eeg_post_ts,2,MovingTargetNoise,60,8,3,0.375,0.5
11,eeg_post_ts,3,NoVisuals,1,596,281,0.4714765100671141,0.4891558938786541
11,eeg_post_ts,3,NoVisuals,2,298,155,0.5201342281879194,0.507454619161299
11,eeg_post_ts,3,NoVisuals,5,118,63,0.5338983050847458,0.5564492961792589
11,eeg_post_ts,3,NoVisuals,10,58,34,0.5862068965517241,0.5636147443519619
11,eeg_post_ts,3,NoVisuals,30,18,10,0.5555555555555556,0.6666666666666667
11,eeg_post_ts,3,NoVisuals,60,8,5,0.625,0.75
11,eeg_post_ts,4,FixedVideo,1,596,276,0.46308724832214765,0.4738750506733931
11,eeg_post_ts,4,FixedVideo,2,298,138,0.46308724832214765,0.4761947660015315
11,eeg_post_ts,4,FixedVideo,5,118,57,0.4830508474576271,0.46653260557311116
11,eeg_post_ts,4,FixedVideo,10,58,26,0.4482758620689655,0.4661117717003567
11,eeg_post_ts,4,FixedVideo,30,18,6,0.3333333333333333,0.32098765432098764
11,eeg_post_ts,4,FixedVideo,60,8,2,0.25,0.25
11,eeg_post_ts,5,MovingVideo,1,596,304,0.5100671140939598,0.514897977568578
11,eeg_post_ts,5,MovingVideo,2,298,162,0.5436241610738255,0.5452907526687987
11,eeg_post_ts,5,MovingVideo,5,118,68,0.576271186440678,0.5917839701235277
11,eeg_post_ts,5,MovingVideo,10,58,32,0.5517241379310345,0.5838287752675386
11,eeg_post_ts,5,MovingVideo,30,18,10,0.5555555555555556,0.6049382716049383
11,eeg_post_ts,5,MovingVideo,60,8,5,0.625,0.6875
11,eeg_post_ts,6,NoVisuals,1,596,278,0.4664429530201342,0.4670059907211387
11,eeg_post_ts,6,NoVisuals,2,298,143,0.4798657718120805,0.46286203324174585
11,eeg_post_ts,6,NoVisuals,5,118,62,0.5254237288135594,0.5007181844297616
11,eeg_post_ts,6,NoVisuals,10,58,28,0.4827586206896552,0.4518430439952437
11,eeg_post_ts,6,NoVisuals,30,18,6,0.3333333333333333,0.37037037037037035
11,eeg_post_ts,6,NoVisuals,60,8,3,0.375,0.375
11,eeg_post_ts,7,FixedVideo,1,596,286,0.4798657718120805,0.4555988468987884
11,eeg_post_ts,7,FixedVideo,2,298,146,0.4899328859060403,0.45439394621863877
11,eeg_post_ts,7,FixedVideo,5,118,56,0.4745762711864407,0.45877621373168626
11,eeg_post_ts,7,FixedVideo,10,58,25,0.43103448275862066,0.4399524375743163
11,eeg_post_ts,7,FixedVideo,30,18,8,0.4444444444444444,0.3580246913580247
11,eeg_post_ts,7,FixedVideo,60,8,4,0.5,0.4375
11,eeg_alpha_ts,0,MovingVideo,1,596,294,0.49328859060402686,0.48331156254222785
11,eeg_alpha_ts,0,MovingVideo,2,298,150,0.5033557046979866,0.5096617269492365
11,eeg_alpha_ts,0,MovingVideo,5,118,60,0.5084745762711864,0.5308819304797472
11,eeg_alpha_ts,0,MovingVideo,10,58,32,0.5517241379310345,0.5469678953626635
11,eeg_alpha_ts,0,MovingVideo,30,18,11,0.6111111111111112,0.6296296296296297
11,eeg_alpha_ts,0,MovingVideo,60,8,6,0.75,0.6875
11,eeg_alpha_ts,1,MovingTargetNoise,1,596,231,0.3875838926174497,0.36116616368632043
11,eeg_alpha_ts,1,MovingTargetNoise,2,298,114,0.3825503355704698,0.33705688932930944
11,eeg_alpha_ts,1,MovingTargetNoise,5,118,42,0.3559322033898305,0.27549554725653547
11,eeg_alpha_ts,1,MovingTargetNoise,10,58,16,0.27586206896551724,0.20570749108204522
11,eeg_alpha_ts,1,MovingTargetNoise,30,18,3,0.16666666666666666,0.0
11,eeg_alpha_ts,1,MovingTargetNoise,60,8,1,0.125,0.0
11,eeg_alpha_ts,2,MovingTargetNoise,1,596,281,0.4714765100671141,0.4465226791585965
11,eeg_alpha_ts,2,MovingTargetNoise,2,298,133,0.4463087248322148,0.42971037340660323
11,eeg_alpha_ts,2,MovingTargetNoise,5,118,48,0.4067796610169492,0.36885952312553866
11,eeg_alpha_ts,2,MovingTargetNoise,10,58,20,0.3448275862068966,0.3139120095124851
11,eeg_alpha_ts,2,MovingTargetNoise,30,18,4,0.2222222222222222,0.1851851851851852
11,eeg_alpha_ts,2,MovingTargetNoise,60,8,1,0.125,0.125
11,eeg_alpha_ts,3,NoVisuals,1,596,297,0.4983221476510067,0.5003265618665826
11,eeg_alpha_ts,3,NoVisuals,2,298,155,0.5201342281879194,0.5220485563713346
11,eeg_alpha_ts,3,NoVisuals,5,118,57,0.4830508474576271,0.4337833955759839
11,eeg_alpha_ts,3,NoVisuals,10,58,29,0.5,0.4340071343638525
11,eeg_alpha_ts,3,NoVisuals,30,18,7,0.3888888888888889,0.37037037037037035
11,eeg_alpha_ts,3,NoVisuals,60,8,3,0.375,0.375
11,eeg_alpha_ts,4,FixedVideo,1,596,264,0.4429530201342282,0.41186207828476196
11,eeg_alpha_ts,4,FixedVideo,2,298,138,0.46308724832214765,0.4098914463312463
11,eeg_alpha_ts,4,FixedVideo,5,118,45,0.3813559322033898,0.3553576558460212
11,eeg_alpha_ts,4,FixedVideo,10,58,20,0.3448275862068966,0.3376932223543401
11,eeg_alpha_ts,4,FixedVideo,30,18,5,0.2777777777777778,0.24691358024691362
11,eeg_alpha_ts,4,FixedVideo,60,8,3,0.375,0.125
11,eeg_alpha_ts,5,MovingVideo,1,596,268,0.44966442953020136,0.40188505022296295
11,eeg_alpha_ts,5,MovingVideo,2,298,134,0.44966442953020136,0.4158371244538534
11,eeg_alpha_ts,5,MovingVideo,5,118,54,0.4576271186440678,0.4291870152255099
11,eeg_alpha_ts,5,MovingVideo,10,58,23,0.39655172413793105,0.3983353151010701
11,eeg_alpha_ts,5,MovingVideo,30,18,7,0.3888888888888889,0.32098765432098764
11,eeg_alpha_ts,5,MovingVideo,60,8,1,0.125,0.0625
11,eeg_alpha_ts,6,NoVisuals,1,596,304,0.5100671140939598,0.49932435475879466
11,eeg_alpha_ts,6,NoVisuals,2,298,140,0.4697986577181208,0.4730867978919868
11,eeg_alpha_ts,6,NoVisuals,5,118,55,0.4661016949152542,0.41999425452456185
11,eeg_alpha_ts,6,NoVisuals,10,58,25,0.43103448275862066,0.370986920332937
11,eeg_alpha_ts,6,NoVisuals,30,18,8,0.4444444444444444,0.3703703703703704
11,eeg_alpha_ts,6,NoVisuals,60,8,1,0.125,0.1875
11,eeg_alpha_ts,7,FixedVideo,1,596,266,0.4463087248322148,0.41727850096842484
11,eeg_alpha_ts,7,FixedVideo,2,298,124,0.4161073825503356,0.3857934327282555
11,eeg_alpha_ts,7,FixedVideo,5,118,45,0.3813559322033898,0.3036483769031887
11,eeg_alpha_ts,7,FixedVideo,10,58,15,0.25862068965517243,0.2330558858501784
11,eeg_alpha_ts,7,FixedVideo,30,18,4,0.2222222222222222,0.1358024691358025
11,eeg_alpha_ts,7,FixedVideo,60,8,1,0.125,0.0625
11,gazectrl_ts,0,MovingVideo,1,596,300,0.5033557046979866,0.5105062835007432
11,gazectrl_ts,0,MovingVideo,2,298,151,0.5067114093959731,0.5345254718255934
11,gazectrl_ts,0,MovingVideo,5,118,60,0.5084745762711864,0.5435219764435507
11,gazectrl_ts,0,MovingVideo,10,58,28,0.4827586206896552,0.5683709869203329
11,gazectrl_ts,0,MovingVideo,30,18,8,0.4444444444444444,0.617283950617284
11,gazectrl_ts,0,MovingVideo,60,8,4,0.5,0.6875
11,gazectrl_ts,1,MovingTargetNoise,1,596,279,0.46812080536912754,0.44698437007342007
11,gazectrl_ts,1,MovingTargetNoise,2,298,141,0.47315436241610737,0.4358362235935318
11,gazectrl_ts,1,MovingTargetNoise,5,118,53,0.4491525423728814,0.4240160873312267
11,gazectrl_ts,1,MovingTargetNoise,10,58,25,0.43103448275862066,0.380499405469679
11,gazectrl_ts,1,MovingTargetNoise,30,18,6,0.3333333333333333,0.18518518518518517
11,gazectrl_ts,1,MovingTargetNoise,60,8,2,0.25,0.1875
11,gazectrl_ts,2,MovingTargetNoise,1,596,307,0.5151006711409396,0.5157763163821449
11,gazectrl_ts,2,MovingTargetNoise,2,298,158,0.5302013422818792,0.5302914283140399
11,gazectrl_ts,2,MovingTargetNoise,5,118,60,0.5084745762711864,0.4797471990807239
11,gazectrl_ts,2,MovingTargetNoise,10,58,32,0.5517241379310345,0.4839476813317479
11,gazectrl_ts,2,MovingTargetNoise,30,18,9,0.5,0.4814814814814815
11,gazectrl_ts,2,MovingTargetNoise,60,8,2,0.25,0.375
11,gazectrl_ts,3,NoVisuals,1,596,275,0.46140939597315433,0.4536169541912526
11,gazectrl_ts,3,NoVisuals,2,298,137,0.4597315436241611,0.43822350344579075
11,gazectrl_ts,3,NoVisuals,5,118,54,0.4576271186440678,0.4791726515369147
11,gazectrl_ts,3,NoVisuals,10,58,25,0.43103448275862066,0.441141498216409
11,gazectrl_ts,3,NoVisuals,30,18,8,0.4444444444444444,0.3703703703703704
11,gazectrl_ts,3,NoVisuals,60,8,4,0.5,0.0625
11,gazectrl_ts,4,FixedVideo,1,596,301,0.5050335570469798,0.4977928922120625
11,gazectrl_ts,4,FixedVideo,2,298,164,0.5503355704697986,0.520832394937165
11,gazectrl_ts,4,FixedVideo,5,118,58,0.4915254237288136,0.43866704969836257
11,gazectrl_ts,4,FixedVideo,10,58,28,0.4827586206896552,0.441141498216409
11,gazectrl_ts,4,FixedVideo,30,18,9,0.5,0.3827160493827161
11,gazectrl_ts,4,FixedVideo,60,8,4,0.5,0.375
11,gazectrl_ts,5,MovingVideo,1,596,272,0.4563758389261745,0.4404306112337282
11,gazectrl_ts,5,MovingVideo,2,298,128,0.42953020134228187,0.4529976127201477
11,gazectrl_ts,5,MovingVideo,5,118,57,0.4830508474576271,0.4794599253088193
11,gazectrl_ts,5,MovingVideo,10,58,28,0.4827586206896552,0.4518430439952438
11,gazectrl_ts,5,MovingVideo,30,18,7,0.3888888888888889,0.35802469135802467
11,gazectrl_ts,5,MovingVideo,60,8,3,0.375,0.3125
11,gazectrl_ts,6,NoVisuals,1,596,302,0.5067114093959731,0.505945678122607
11,gazectrl_ts,6,NoVisuals,2,298,149,0.5,0.5097067699653169
11,gazectrl_ts,6,NoVisuals,5,118,56,0.4745762711864407,0.44671071531169204
11,gazectrl_ts,6,NoVisuals,10,58,26,0.4482758620689655,0.4304399524375743
11,gazectrl_ts,6,NoVisuals,30,18,9,0.5,0.41975308641975306
11,gazectrl_ts,6,NoVisuals,60,8,3,0.375,0.5625
11,gazectrl_ts,7,FixedVideo,1,596,258,0.43288590604026844,0.45729922075582186
11,gazectrl_ts,7,FixedVideo,2,298,134,0.44966442953020136,0.46718616278546016
11,gazectrl_ts,7,FixedVideo,5,118,52,0.4406779661016949,0.439816144785981
11,gazectrl_ts,7,FixedVideo,10,58,22,0.3793103448275862,0.38882282996432826
11,gazectrl_ts,7,FixedVideo,30,18,6,0.3333333333333333,0.25925925925925924
11,gazectrl_ts,7,FixedVideo,60,8,3,0.375,0.25
11,gazectrl_csp,0,MovingVideo,1,596,294,0.49328859060402686,0.49302959326156476
11,gazectrl_csp,0,MovingVideo,2,298,140,0.4697986577181208,0.4634926354668708
11,gazectrl_csp,0,MovingVideo,5,118,56,0.4745762711864407,0.4834817581154841
11,gazectrl_csp,0,MovingVideo,10,58,32,0.5517241379310345,0.469678953626635
11,gazectrl_csp,0,MovingVideo,30,18,10,0.5555555555555556,0.4691358024691358
11,gazectrl_csp,0,MovingVideo,60,8,5,0.625,0.5
11,gazectrl_csp,1,MovingTargetNoise,1,596,264,0.4429530201342282,0.43527318589252734
11,gazectrl_csp,1,MovingTargetNoise,2,298,139,0.4664429530201342,0.42164767352821947
11,gazectrl_csp,1,MovingTargetNoise,5,118,54,0.4576271186440678,0.4142487790864694
11,gazectrl_csp,1,MovingTargetNoise,10,58,26,0.4482758620689655,0.3697978596908442
11,gazectrl_csp,1,MovingTargetNoise,30,18,7,0.3888888888888889,0.28395061728395066
11,gazectrl_csp,1,MovingTargetNoise,60,8,3,0.375,0.25
11,gazectrl_csp,2,MovingTargetNoise,1,596,300,0.5033557046979866,0.4972861582811585
11,gazectrl_csp,2,MovingTargetNoise,2,298,150,0.5033557046979866,0.5044817800999954
11,gazectrl_csp,2,MovingTargetNoise,5,118,56,0.4745762711864407,0.4854926745188164
11,gazectrl_csp,2,MovingTargetNoise,10,58,26,0.4482758620689655,0.4684898929845422
11,gazectrl_csp,2,MovingTargetNoise,30,18,11,0.6111111111111112,0.5308641975308641
11,gazectrl_csp,2,MovingTargetNoise,60,8,4,0.5,0.5
11,gazectrl_csp,3,NoVisuals,1,596,302,0.5067114093959731,0.5153709292374217
11,gazectrl_csp,3,NoVisuals,2,298,158,0.5302013422818792,0.5104274582226025
11,gazectrl_csp,3,NoVisuals,5,118,58,0.4915254237288136,0.5021545532892846
11,gazectrl_csp,3,NoVisuals,10,58,29,0.5,0.5124851367419738
11,gazectrl_csp,3,NoVisuals,30,18,11,0.6111111111111112,0.5679012345679013
11,gazectrl_csp,3,NoVisuals,60,8,5,0.625,0.4375
11,gazectrl_csp,4,FixedVideo,1,596,233,0.39093959731543626,0.36738209990540965
11,gazectrl_csp,4,FixedVideo,2,298,111,0.3724832214765101,0.33313814693031846
11,gazectrl_csp,4,FixedVideo,5,118,43,0.3644067796610169,0.2956047112898592
11,gazectrl_csp,4,FixedVideo,10,58,20,0.3448275862068966,0.25802615933412604
11,gazectrl_csp,4,FixedVideo,30,18,4,0.2222222222222222,0.1111111111111111
11,gazectrl_csp,4,FixedVideo,60,8,2,0.25,0.0625
11,gazectrl_csp,5,MovingVideo,1,596,293,0.49161073825503354,0.48638574838971216
11,gazectrl_csp,5,MovingVideo,2,298,157,0.5268456375838926,0.495833521012567
11,gazectrl_csp,5,MovingVideo,5,118,57,0.4830508474576271,0.4863544958345303
11,gazectrl_csp,5,MovingVideo,10,58,26,0.4482758620689655,0.4851367419738407
11,gazectrl_csp,5,MovingVideo,30,18,10,0.5555555555555556,0.4691358024691358
11,gazectrl_csp,5,MovingVideo,60,8,2,0.25,0.375
11,gazectrl_csp,6,NoVisuals,1,596,274,0.4597315436241611,0.4570965271834602
11,gazectrl_csp,6,NoVisuals,2,298,145,0.4865771812080537,0.4629070762578262
11,gazectrl_csp,6,NoVisuals,5,118,57,0.4830508474576271,0.47687446136167766
11,gazectrl_csp,6,NoVisuals,10,58,28,0.4827586206896552,0.4875148632580262
11,gazectrl_csp,6,NoVisuals,30,18,9,0.5,0.5679012345679012
11,gazectrl_csp,6,NoVisuals,60,8,3,0.375,0.5625
11,gazectrl_csp,7,FixedVideo,1,596,274,0.4597315436241611,0.453785865501554
11,gazectrl_csp,7,FixedVideo,2,298,137,0.4597315436241611,0.4502049457231656
11,gazectrl_csp,7,FixedVideo,5,118,54,0.4576271186440678,0.4254524561907498
11,gazectrl_csp,7,FixedVideo,10,58,26,0.4482758620689655,0.3793103448275862
11,gazectrl_csp,7,FixedVideo,30,18,8,0.4444444444444444,0.35802469135802467
11,gazectrl_csp,7,FixedVideo,60,8,4,0.5,0.3125
12,eog_ts,0,MovingVideo,1,596,216,0.3624161073825503,0.31227196973109317
12,eog_ts,0,MovingVideo,2,298,125,0.41946308724832215,0.34615557857754153
12,eog_ts,0,MovingVideo,5,118,53,0.4491525423728814,0.370870439528871
12,eog_ts,0,MovingVideo,10,58,17,0.29310344827586204,0.3127229488703924
12,eog_ts,0,MovingVideo,30,18,7,0.3888888888888889,0.32098765432098764
12,eog_ts,0,MovingVideo,60,8,2,0.25,0.1875
12,eog_ts,1,MovingTargetNoise,1,596,295,0.4949664429530201,0.49447096977613625
12,eog_ts,1,MovingTargetNoise,2,298,155,0.5201342281879194,0.5295256970406739
12,eog_ts,1,MovingTargetNoise,5,118,59,0.5,0.5630565929330652
12,eog_ts,1,MovingTargetNoise,10,58,31,0.5344827586206896,0.5683709869203329
12,eog_ts,1,MovingTargetNoise,30,18,10,0.5555555555555556,0.617283950617284
12,eog_ts,1,MovingTargetNoise,60,8,5,0.625,0.6875
12,eog_ts,2,MovingTargetNoise,1,596,276,0.46308724832214765,0.4305211476960497
12,eog_ts,2,MovingTargetNoise,2,298,146,0.4899328859060403,0.4739426151975136
12,eog_ts,2,MovingTargetNoise,5,118,64,0.5423728813559322,0.504165469692617
12,eog_ts,2,MovingTargetNoise,10,58,31,0.5344827586206896,0.511296076099881
12,eog_ts,2,MovingTargetNoise,30,18,10,0.5555555555555556,0.5185185185185186
12,eog_ts,2,MovingTargetNoise,60,8,4,0.5,0.5625
12,eog_ts,3,NoVisuals,1,596,273,0.45805369127516776,0.44023917841538673
12,eog_ts,3,NoVisuals,2,298,156,0.5234899328859061,0.5213729111301293
12,eog_ts,3,NoVisuals,5,118,66,0.559322033898305,0.5817293881068659
12,eog_ts,3,NoVisuals,10,58,37,0.6379310344827587,0.6111771700356718
12,eog_ts,3,NoVisuals,30,18,13,0.7222222222222222,0.5925925925925926
12,eog_ts,3,NoVisuals,60,8,4,0.5,0.4375
12,eog_ts,4,FixedVideo,1,596,209,0.35067114093959734,0.30284671861627854
12,eog_ts,4,FixedVideo,2,298,105,0.3523489932885906,0.32219269402279177
12,eog_ts,4,FixedVideo,5,118,47,0.3983050847457627,0.3688595231255386
12,eog_ts,4,FixedVideo,10,58,26,0.4482758620689655,0.3923900118906064
12,eog_ts,4,FixedVideo,30,18,7,0.3888888888888889,0.2962962962962963
12,eog_ts,4,FixedVideo,60,8,2,0.25,0.1875
12,eog_ts,5,MovingVideo,1,596,173,0.2902684563758389,0.19363992612945363
12,eog_ts,5,MovingVideo,2,298,85,0.28523489932885904,0.21152200351335526
12,eog_ts,5,MovingVideo,5,118,40,0.3389830508474576,0.23010629129560473
12,eog_ts,5,MovingVideo,10,58,17,0.29310344827586204,0.1854934601664685
12,eog_ts,5,MovingVideo,30,18,6,0.3333333333333333,0.11111111111111112
12,eog_ts,5,MovingVideo,60,8,2,0.25,0.0
12,eog_ts,6,NoVisuals,1,596,242,0.40604026845637586,0.37353047160037833
12,eog_ts,6,NoVisuals,2,298,119,0.39932885906040266,0.3596684834016486
12,eog_ts,6,NoVisuals,5,118,47,0.3983050847457627,0.3590922148807814
12,eog_ts,6,NoVisuals,10,58,21,0.3620689655172414,0.3032104637336504
12,eog_ts,6,NoVisuals,30,18,7,0.3888888888888889,0.13580246913580246
12,eog_ts,6,NoVisuals,60,8,3,0.375,0.1875
12,eog_ts,7,FixedVideo,1,596,246,0.412751677852349,0.3644092608441061
12,eog_ts,7,FixedVideo,2,298,139,0.4664429530201342,0.44421422458447823
12,eog_ts,7,FixedVideo,5,118,68,0.576271186440678,0.609882217753519
12,eog_ts,7,FixedVideo,10,58,32,0.5517241379310345,0.643281807372176
12,eog_ts,7,FixedVideo,30,18,10,0.5555555555555556,0.691358024691358
12,eog_ts,7,FixedVideo,60,8,4,0.5,0.625
12,eeg_csp,0,MovingVideo,1,596,277,0.46476510067114096,0.04196883023287241
12,eeg_csp,0,MovingVideo,2,298,145,0.4865771812080537,0.020224314220080173
12,eeg_csp,0,MovingVideo,5,118,59,0.5,0.031025567365699513
12,eeg_csp,0,MovingVideo,10,58,29,0.5,0.02853745541022592
12,eeg_csp,0,MovingVideo,30,18,9,0.5,0.0
12,eeg_csp,0,MovingVideo,60,8,4,0.5,0.0
12,eeg_csp,1,MovingTargetNoise,1,596,398,0.6677852348993288,0.7322192694022791
12,eeg_csp,1,MovingTargetNoise,2,298,170,0.5704697986577181,0.5994324579973875
12,eeg_csp,1,MovingTargetNoise,5,118,50,0.423728813559322,0.4389543234702671
12,eeg_csp,1,MovingTargetNoise,10,58,26,0.4482758620689655,0.4375743162901309
12,eeg_csp,1,MovingTargetNoise,30,18,8,0.4444444444444444,0.46913580246913583
12,eeg_csp,1,MovingTargetNoise,60,8,3,0.375,0.5
12,eeg_csp,2,MovingTargetNoise,1,596,264,0.4429530201342282,0.16570199540561237
12,eeg_csp,2,MovingTargetNoise,2,298,102,0.3422818791946309,0.17719922526012338
12,eeg_csp,2,MovingTargetNoise,5,118,30,0.2542372881355932,0.18040792875610454
12,eeg_csp,2,MovingTargetNoise,10,58,16,0.27586206896551724,0.12960760998810938
12,eeg_csp,2,MovingTargetNoise,30,18,6,0.3333333333333333,0.08641975308641975
12,eeg_csp,2,MovingTargetNoise,60,8,2,0.25,0.0
12,eeg_csp,3,NoVisuals,1,596,261,0.43791946308724833,0.09039007251925589
12,eeg_csp,3,NoVisuals,2,298,100,0.33557046979865773,0.07607765415972252
12,eeg_csp,3,NoVisuals,5,118,27,0.2288135593220339,0.04998563631140476
12,eeg_csp,3,NoVisuals,10,58,10,0.1724137931034483,0.021403091557669448
12,eeg_csp,3,NoVisuals,30,18,3,0.16666666666666666,0.012345679012345684
12,eeg_csp,3,NoVisuals,60,8,2,0.25,0.0
12,eeg_csp,4,FixedVideo,1,596,332,0.5570469798657718,0.7038534300256746
12,eeg_csp,4,FixedVideo,2,298,165,0.5536912751677853,0.6950137381199044
12,eeg_csp,4,FixedVideo,5,118,75,0.635593220338983,0.8187302499281816
12,eeg_csp,4,FixedVideo,10,58,38,0.6551724137931034,0.8692033293697978
12,eeg_csp,4,FixedVideo,30,18,12,0.6666666666666666,0.925925925925926
12,eeg_csp,4,FixedVideo,60,8,6,0.75,1.0
12,eeg_csp,5,MovingVideo,1,596,145,0.24328859060402686,0.07019954056123598
12,eeg_csp,5,MovingVideo,2,298,74,0.2483221476510067,0.07729381559389217
12,eeg_csp,5,MovingVideo,5,118,28,0.23728813559322035,0.058029301924734274
12,eeg_csp,5,MovingVideo,10,58,13,0.22413793103448276,0.04637336504161713
12,eeg_csp,5,MovingVideo,30,18,4,0.2222222222222222,0.0
12,eeg_csp,5,MovingVideo,60,8,1,0.125,0.0
12,eeg_csp,6,NoVisuals,1,596,322,0.540268456375839,0.7667447412278725
12,eeg_csp,6,NoVisuals,2,298,151,0.5067114093959731,0.652403044907887
12,eeg_csp,6,NoVisuals,5,118,56,0.4745762711864407,0.4679689744326343
12,eeg_csp,6,NoVisuals,10,58,29,0.5,0.46492271105826394
12,eeg_csp,6,NoVisuals,30,18,9,0.5,0.40740740740740744
12,eeg_csp,6,NoVisuals,60,8,4,0.5,0.375
12,eeg_csp,7,FixedVideo,1,596,249,0.41778523489932884,0.4221431467051034
12,eeg_csp,7,FixedVideo,2,298,143,0.4798657718120805,0.45975406513220124
12,eeg_csp,7,FixedVideo,5,118,58,0.4915254237288136,0.49324906636024135
12,eeg_csp,7,FixedVideo,10,58,29,0.5,0.4922711058263971
12,eeg_csp,7,FixedVideo,30,18,9,0.5,0.5432098765432098
12,eeg_csp,7,FixedVideo,60,8,4,0.5,0.6875
12,eeg_ts,0,MovingVideo,1,596,145,0.24328859060402686,0.1643169226611414
12,eeg_ts,0,MovingVideo,2,298,73,0.24496644295302014,0.1447232106661862
12,eeg_ts,0,MovingVideo,5,118,26,0.22033898305084745,0.15053145647802357
12,eeg_ts,0,MovingVideo,10,58,7,0.1206896551724138,0.07015457788347206
12,eeg_ts,0,MovingVideo,30,18,1,0.05555555555555555,0.0
12,eeg_ts,0,MovingVideo,60,8,0,0.0,0.0
12,eeg_ts,1,MovingTargetNoise,1,596,256,0.42953020134228187,0.29145083554794826
12,eeg_ts,1,MovingTargetNoise,2,298,123,0.412751677852349,0.27138417188414937
12,eeg_ts,1,MovingTargetNoise,5,118,45,0.3813559322033898,0.23096811261131858
12,eeg_ts,1,MovingTargetNoise,10,58,20,0.3448275862068966,0.17717003567181927
12,eeg_ts,1,MovingTargetNoise,30,18,7,0.3888888888888889,0.061728395061728406
12,eeg_ts,1,MovingTargetNoise,60,8,3,0.375,0.0625
12,eeg_ts,2,MovingTargetNoise,1,596,297,0.4983221476510067,0.5135579478401874
12,eeg_ts,2,MovingTargetNoise,2,298,152,0.5100671140939598,0.48286113238142425
12,eeg_ts,2,MovingTargetNoise,5,118,54,0.4576271186440678,0.45044527434645215
12,eeg_ts,2,MovingTargetNoise,10,58,28,0.4827586206896552,0.3912009512485137
12,eeg_ts,2,MovingTargetNoise,30,18,9,0.5,0.33333333333333337
12,eeg_ts,2,MovingTargetNoise,60,8,4,0.5,0.125
12,eeg_ts,3,NoVisuals,1,596,310,0.5201342281879194,0.5367213188595108
12,eeg_ts,3,NoVisuals,2,298,149,0.5,0.5243457501914328
12,eeg_ts,3,NoVisuals,5,118,57,0.4830508474576271,0.49209997127262284
12,eeg_ts,3,NoVisuals,10,58,27,0.46551724137931033,0.455410225921522
12,eeg_ts,3,NoVisuals,30,18,10,0.5555555555555556,0.43209876543209874
12,eeg_ts,3,NoVisuals,60,8,4,0.5,0.5625
12,eeg_ts,4,FixedVideo,1,596,282,0.47315436241610737,0.45930363497139765
12,eeg_ts,4,FixedVideo,2,298,142,0.47651006711409394,0.4511058060447728
12,eeg_ts,4,FixedVideo,5,118,58,0.4915254237288136,0.5021545532892847
12,eeg_ts,4,FixedVideo,10,58,29,0.5,0.46730083234244946
12,eeg_ts,4,FixedVideo,30,18,9,0.5,0.4567901234567901
12,eeg_ts,4,FixedVideo,60,8,3,0.375,0.5
12,eeg_ts,5,MovingVideo,1,596,210,0.3523489932885906,0.28549389667132113
12,eeg_ts,5,MovingVideo,2,298,101,0.3389261744966443,0.2798072158911761
12,eeg_ts,5,MovingVideo,5,118,37,0.3135593220338983,0.26601551278368285
12,eeg_ts,5,MovingVideo,10,58,17,0.29310344827586204,0.21759809750297263
12,eeg_ts,5,MovingVideo,30,18,3,0.16666666666666666,0.07407407407407407
12,eeg_ts,5,MovingVideo,60,8,1,0.125,0.0625
12,eeg_ts,6,NoVisuals,1,596,243,0.4077181208053691,0.3679789198684744
12,eeg_ts,6,NoVisuals,2,298,122,0.40939597315436244,0.375883969190577
12,eeg_ts,6,NoVisuals,5,118,46,0.3898305084745763,0.3565067509336397
12,eeg_ts,6,NoVisuals,10,58,22,0.3793103448275862,0.351961950059453
12,eeg_ts,6,NoVisuals,30,18,6,0.3333333333333333,0.308641975308642
12,eeg_ts,6,NoVisuals,60,8,2,0.25,0.1875
12,eeg_ts,7,FixedVideo,1,596,256,0.42953020134228187,0.3951849015810099
12,eeg_ts,7,FixedVideo,2,298,119,0.39932885906040266,0.35065988018557726
12,eeg_ts,7,FixedVideo,5,118,44,0.3728813559322034,0.3056592933065211
12,eeg_ts,7,FixedVideo,10,58,20,0.3448275862068966,0.24970273483947683
12,eeg_ts,7,FixedVideo,30,18,5,0.2777777777777778,0.11111111111111112
12,eeg_ts,7,FixedVideo,60,8,2,0.25,0.0
12,eeg_eogreg_ts,0,MovingVideo,1,596,146,0.24496644295302014,0.14954281338678438
12,eeg_eogreg_ts,0,MovingVideo,2,298,70,0.2348993288590604,0.132201252195847
12,eeg_eogreg_ts,0,MovingVideo,5,118,22,0.1864406779661017,0.11174949727089915
12,eeg_eogreg_ts,0,MovingVideo,10,58,6,0.10344827586206896,0.04875148632580259
12,eeg_eogreg_ts,0,MovingVideo,30,18,0,0.0,0.0
12,eeg_eogreg_ts,0,MovingVideo,60,8,0,0.0,0.0
12,eeg_eogreg_ts,1,MovingTargetNoise,1,596,242,0.40604026845637586,0.2855164181793613
12,eeg_eogreg_ts,1,MovingTargetNoise,2,298,116,0.38926174496644295,0.28746452862483673
12,eeg_eogreg_ts,1,MovingTargetNoise,5,118,40,0.3389830508474576,0.2579718471703534
12,eeg_eogreg_ts,1,MovingTargetNoise,10,58,21,0.3620689655172414,0.20332936979785968
12,eeg_eogreg_ts,1,MovingTargetNoise,30,18,8,0.4444444444444444,0.061728395061728406
12,eeg_eogreg_ts,1,MovingTargetNoise,60,8,3,0.375,0.0625
12,eeg_eogreg_ts,2,MovingTargetNoise,1,596,304,0.5100671140939598,0.5184000720688258
12,eeg_eogreg_ts,2,MovingTargetNoise,2,298,149,0.5,0.4980406288005045
12,eeg_eogreg_ts,2,MovingTargetNoise,5,118,56,0.4745762711864407,0.4403906923297903
12,eeg_eogreg_ts,2,MovingTargetNoise,10,58,28,0.4827586206896552,0.41736028537455416
12,eeg_eogreg_ts,2,MovingTargetNoise,30,18,9,0.5,0.3703703703703704
12,eeg_eogreg_ts,2,MovingTargetNoise,60,8,4,0.5,0.25
12,eeg_eogreg_ts,3,NoVisuals,1,596,302,0.5067114093959731,0.5193009323904328
12,eeg_eogreg_ts,3,NoVisuals,2,298,142,0.47651006711409394,0.5002477365884419
12,eeg_eogreg_ts,3,NoVisuals,5,118,60,0.5084745762711864,0.4671071531169204
12,eeg_eogreg_ts,3,NoVisuals,10,58,29,0.5,0.42925089179548154
12,eeg_eogreg_ts,3,NoVisuals,30,18,8,0.4444444444444444,0.3950617283950617
12,eeg_eogreg_ts,3,NoVisuals,60,8,3,0.375,0.375
12,eeg_eogreg_ts,4,FixedVideo,1,596,279,0.46812080536912754,0.4286969055447952
12,eeg_eogreg_ts,4,FixedVideo,2,298,123,0.412751677852349,0.4141705328588802
12,eeg_eogreg_ts,4,FixedVideo,5,118,50,0.423728813559322,0.4320597529445561
12,eeg_eogreg_ts,4,FixedVideo,10,58,22,0.3793103448275862,0.36028537455410226
12,eeg_eogreg_ts,4,FixedVideo,30,18,6,0.3333333333333333,0.32098765432098764
12,eeg_eogreg_ts,4,FixedVideo,60,8,2,0.25,0.0
12,eeg_eogreg_ts,5,MovingVideo,1,596,214,0.35906040268456374,0.28013377775775866
12,eeg_eogreg_ts,5,MovingVideo,2,298,94,0.31543624161073824,0.2682311607585244
12,eeg_eogreg_ts,5,MovingVideo,5,118,37,0.3135593220338983,0.2505027291008331
12,eeg_eogreg_ts,5,MovingVideo,10,58,15,0.25862068965517243,0.17835909631391203
12,eeg_eogreg_ts,5,MovingVideo,30,18,3,0.16666666666666666,0.037037037037037035
12,eeg_eogreg_ts,5,MovingVideo,60,8,1,0.125,0.0
12,eeg_eogreg_ts,6,NoVisuals,1,596,206,0.34563758389261745,0.3147155533534526
12,eeg_eogreg_ts,6,NoVisuals,2,298,100,0.33557046979865773,0.2925093464258367
12,eeg_eogreg_ts,6,NoVisuals,5,118,36,0.3050847457627119,0.2539500143636886
12,eeg_eogreg_ts,6,NoVisuals,10,58,18,0.3103448275862069,0.19381688466111774
12,eeg_eogreg_ts,6,NoVisuals,30,18,3,0.16666666666666666,0.09876543209876545
12,eeg_eogreg_ts,6,NoVisuals,60,8,2,0.25,0.0625
12,eeg_eogreg_ts,7,FixedVideo,1,596,281,0.4714765100671141,0.4152515652448088
12,eeg_eogreg_ts,7,FixedVideo,2,298,126,0.4228187919463087,0.36723571010314854
12,eeg_eogreg_ts,7,FixedVideo,5,118,45,0.3813559322033898,0.2956047112898592
12,eeg_eogreg_ts,7,FixedVideo,10,58,20,0.3448275862068966,0.24019024970273486
12,eeg_eogreg_ts,7,FixedVideo,30,18,6,0.3333333333333333,0.12345679012345681
12,eeg_eogreg_ts,7,FixedVideo,60,8,2,0.25,0.0625
12,eeg_post_ts,0,MovingVideo,1,596,84,0.14093959731543623,0.0561348587901446
12,eeg_post_ts,0,MovingVideo,2,298,45,0.15100671140939598,0.07634791225620467
12,eeg_post_ts,0,MovingVideo,5,118,21,0.17796610169491525,0.0985349037632864
12,eeg_post_ts,0,MovingVideo,10,58,6,0.10344827586206896,0.043995243757431635
12,eeg_post_ts,0,MovingVideo,30,18,0,0.0,0.0
12,eeg_post_ts,0,MovingVideo,60,8,0,0.0,0.0
12,eeg_post_ts,1,MovingTargetNoise,1,596,195,0.3271812080536913,0.16275167785234898
12,eeg_post_ts,1,MovingTargetNoise,2,298,90,0.30201342281879195,0.16629881536867708
12,eeg_post_ts,1,MovingTargetNoise,5,118,32,0.2711864406779661,0.17954610744039068
12,eeg_post_ts,1,MovingTargetNoise,10,58,14,0.2413793103448276,0.10344827586206898
12,eeg_post_ts,1,MovingTargetNoise,30,18,4,0.2222222222222222,0.04938271604938271
12,eeg_post_ts,1,MovingTargetNoise,60,8,2,0.25,0.0
12,eeg_post_ts,2,MovingTargetNoise,1,596,263,0.4412751677852349,0.42164767352821947
12,eeg_post_ts,2,MovingTargetNoise,2,298,130,0.436241610738255,0.38597360479257686
12,eeg_post_ts,2,MovingTargetNoise,5,118,45,0.3813559322033898,0.37345590347601265
12,eeg_post_ts,2,MovingTargetNoise,10,58,23,0.39655172413793105,0.30083234244946494
12,eeg_post_ts,2,MovingTargetNoise,30,18,9,0.5,0.09876543209876543
12,eeg_post_ts,2,MovingTargetNoise,60,8,4,0.5,0.0625
12,eeg_post_ts,3,NoVisuals,1,596,308,0.5167785234899329,0.5301112562497186
12,eeg_post_ts,3,NoVisuals,2,298,155,0.5201342281879194,0.5043466510517545
12,eeg_post_ts,3,NoVisuals,5,118,60,0.5084745762711864,0.528009192760701
12,eeg_post_ts,3,NoVisuals,10,58,31,0.5344827586206896,0.5219976218787158
12,eeg_post_ts,3,NoVisuals,30,18,8,0.4444444444444444,0.4691358024691358
12,eeg_post_ts,3,NoVisuals,60,8,4,0.5,0.3125
12,eeg_post_ts,4,FixedVideo,1,596,286,0.4798657718120805,0.458087473537228
12,eeg_post_ts,4,FixedVideo,2,298,138,0.46308724832214765,0.4483131390477906
12,eeg_post_ts,4,FixedVideo,5,118,62,0.5254237288135594,0.4584889399597817
12,eeg_post_ts,4,FixedVideo,10,58,23,0.39655172413793105,0.4387633769322235
12,eeg_post_ts,4,FixedVideo,30,18,6,0.3333333333333333,0.3333333333333333
12,eeg_post_ts,4,FixedVideo,60,8,3,0.375,0.3125
12,eeg_post_ts,5,MovingVideo,1,596,205,0.34395973154362414,0.270325661006261
12,eeg_post_ts,5,MovingVideo,2,298,109,0.36577181208053694,0.3133192198549615
12,eeg_post_ts,5,MovingVideo,5,118,46,0.3898305084745763,0.3679977018098247
12,eeg_post_ts,5,MovingVideo,10,58,22,0.3793103448275862,0.3198573127229489
12,eeg_post_ts,5,MovingVideo,30,18,7,0.3888888888888889,0.2469135802469136
12,eeg_post_ts,5,MovingVideo,60,8,3,0.375,0.125
12,eeg_post_ts,6,NoVisuals,1,596,275,0.46140939597315433,0.45583532273321026
12,eeg_post_ts,6,NoVisuals,2,298,141,0.47315436241610737,0.4570064411512995
12,eeg_post_ts,6,NoVisuals,5,118,57,0.4830508474576271,0.4665326055731111
12,eeg_post_ts,6,NoVisuals,10,58,28,0.4827586206896552,0.46967895362663503
12,eeg_post_ts,6,NoVisuals,30,18,10,0.5555555555555556,0.5432098765432098
12,eeg_post_ts,6,NoVisuals,60,8,4,0.5,0.375
12,eeg_post_ts,7,FixedVideo,1,596,214,0.35906040268456374,0.31626953740822483
12,eeg_post_ts,7,FixedVideo,2,298,110,0.3691275167785235,0.3063825953785866
12,eeg_post_ts,7,FixedVideo,5,118,42,0.3559322033898305,0.2502154553289284
12,eeg_post_ts,7,FixedVideo,10,58,15,0.25862068965517243,0.2080856123662307
12,eeg_post_ts,7,FixedVideo,30,18,2,0.1111111111111111,0.06172839506172839
12,eeg_post_ts,7,FixedVideo,60,8,1,0.125,0.0
12,eeg_alpha_ts,0,MovingVideo,1,596,304,0.5100671140939598,0.5022521508040179
12,eeg_alpha_ts,0,MovingVideo,2,298,154,0.5167785234899329,0.4900680149542813
12,eeg_alpha_ts,0,MovingVideo,5,118,58,0.4915254237288136,0.4989945417983338
12,eeg_alpha_ts,0,MovingVideo,10,58,30,0.5172413793103449,0.5101070154577884
12,eeg_alpha_ts,0,MovingVideo,30,18,10,0.5555555555555556,0.4691358024691358
12,eeg_alpha_ts,0,MovingVideo,60,8,2,0.25,0.5
12,eeg_alpha_ts,1,MovingTargetNoise,1,596,281,0.4714765100671141,0.4522431422008017
12,eeg_alpha_ts,1,MovingTargetNoise,2,298,134,0.44966442953020136,0.4337642448538354
12,eeg_alpha_ts,1,MovingTargetNoise,5,118,50,0.423728813559322,0.34817581154840566
12,eeg_alpha_ts,1,MovingTargetNoise,10,58,22,0.3793103448275862,0.286563614744352
12,eeg_alpha_ts,1,MovingTargetNoise,30,18,5,0.2777777777777778,0.23456790123456794
12,eeg_alpha_ts,1,MovingTargetNoise,60,8,3,0.375,0.1875
12,eeg_alpha_ts,2,MovingTargetNoise,1,596,298,0.5,0.47349218503671003
12,eeg_alpha_ts,2,MovingTargetNoise,2,298,144,0.48322147651006714,0.488131165262826
12,eeg_alpha_ts,2,MovingTargetNoise,5,118,61,0.5169491525423728,0.4938236139040506
12,eeg_alpha_ts,2,MovingTargetNoise,10,58,32,0.5517241379310345,0.4934601664684899
12,eeg_alpha_ts,2,MovingTargetNoise,30,18,8,0.4444444444444444,0.4814814814814815
12,eeg_alpha_ts,2,MovingTargetNoise,60,8,4,0.5,0.1875
12,eeg_alpha_ts,3,NoVisuals,1,596,308,0.5167785234899329,0.5100558533399396
12,eeg_alpha_ts,3,NoVisuals,2,298,146,0.4899328859060403,0.49583352101256695
12,eeg_alpha_ts,3,NoVisuals,5,118,53,0.4491525423728814,0.43550703820741166
12,eeg_alpha_ts,3,NoVisuals,10,58,23,0.39655172413793105,0.37455410225921526
12,eeg_alpha_ts,3,NoVisuals,30,18,7,0.3888888888888889,0.345679012345679
12,eeg_alpha_ts,3,NoVisuals,60,8,3,0.375,0.3125
12,eeg_alpha_ts,4,FixedVideo,1,596,296,0.4966442953020134,0.4820165758299175
12,eeg_alpha_ts,4,FixedVideo,2,298,151,0.5067114093959731,0.46975361470204047
12,eeg_alpha_ts,4,FixedVideo,5,118,55,0.4661016949152542,0.48635449583453033
12,eeg_alpha_ts,4,FixedVideo,10,58,30,0.5172413793103449,0.48156956004756246
12,eeg_alpha_ts,4,FixedVideo,30,18,9,0.5,0.4938271604938272
12,eeg_alpha_ts,4,FixedVideo,60,8,3,0.375,0.5
12,eeg_alpha_ts,5,MovingVideo,1,596,261,0.43791946308724833,0.4136975811900365
12,eeg_alpha_ts,5,MovingVideo,2,298,124,0.4161073825503356,0.38894644385388044
12,eeg_alpha_ts,5,MovingVideo,5,118,52,0.4406779661016949,0.38465958058029304
12,eeg_alpha_ts,5,MovingVideo,10,58,21,0.3620689655172414,0.3329369797859691
12,eeg_alpha_ts,5,MovingVideo,30,18,5,0.2777777777777778,0.11111111111111112
12,eeg_alpha_ts,5,MovingVideo,60,8,1,0.125,0.0
12,eeg_alpha_ts,6,NoVisuals,1,596,311,0.5218120805369127,0.5357754155218233
12,eeg_alpha_ts,6,NoVisuals,2,298,165,0.5536912751677853,0.5578127111391379
12,eeg_alpha_ts,6,NoVisuals,5,118,59,0.5,0.5561620224073542
12,eeg_alpha_ts,6,NoVisuals,10,58,34,0.5862068965517241,0.5719381688466112
12,eeg_alpha_ts,6,NoVisuals,30,18,10,0.5555555555555556,0.6049382716049383
12,eeg_alpha_ts,6,NoVisuals,60,8,4,0.5,0.5
12,eeg_alpha_ts,7,FixedVideo,1,596,261,0.43791946308724833,0.43599387414981305
12,eeg_alpha_ts,7,FixedVideo,2,298,130,0.436241610738255,0.42146750146389805
12,eeg_alpha_ts,7,FixedVideo,5,118,45,0.3813559322033898,0.3194484343579431
12,eeg_alpha_ts,7,FixedVideo,10,58,21,0.3620689655172414,0.2806183115338883
12,eeg_alpha_ts,7,FixedVideo,30,18,4,0.2222222222222222,0.1358024691358025
12,eeg_alpha_ts,7,FixedVideo,60,8,0,0.0,0.0
12,gazectrl_ts,0,MovingVideo,1,596,316,0.5302013422818792,0.5485000675645241
12,gazectrl_ts,0,MovingVideo,2,298,159,0.5335570469798657,0.5704697986577181
12,gazectrl_ts,0,MovingVideo,5,118,67,0.5677966101694916,0.5690893421430624
12,gazectrl_ts,0,MovingVideo,10,58,27,0.46551724137931033,0.6206896551724138
12,gazectrl_ts,0,MovingVideo,30,18,11,0.6111111111111112,0.6790123456790124
12,gazectrl_ts,0,MovingVideo,60,8,6,0.75,0.8125
12,gazectrl_ts,1,MovingTargetNoise,1,596,293,0.49161073825503354,0.49942570154497545
12,gazectrl_ts,1,MovingTargetNoise,2,298,138,0.46308724832214765,0.48250078825278137
12,gazectrl_ts,1,MovingTargetNoise,5,118,51,0.4322033898305085,0.4495834530307383
12,gazectrl_ts,1,MovingTargetNoise,10,58,26,0.4482758620689655,0.4328180737217598
12,gazectrl_ts,1,MovingTargetNoise,30,18,6,0.3333333333333333,0.41975308641975306
12,gazectrl_ts,1,MovingTargetNoise,60,8,4,0.5,0.4375
12,gazectrl_ts,2,MovingTargetNoise,1,596,321,0.5385906040268457,0.5680487365433989
12,gazectrl_ts,2,MovingTargetNoise,2,298,155,0.5201342281879194,0.5808296923562002
12,gazectrl_ts,2,MovingTargetNoise,5,118,65,0.5508474576271186,0.6118931341568514
12,gazectrl_ts,2,MovingTargetNoise,10,58,35,0.603448275862069,0.6420927467300833
12,gazectrl_ts,2,MovingTargetNoise,30,18,11,0.6111111111111112,0.691358024691358
12,gazectrl_ts,2,MovingTargetNoise,60,8,4,0.5,0.875
12,gazectrl_ts,3,NoVisuals,1,596,323,0.5419463087248322,0.5467996937074906
12,gazectrl_ts,3,NoVisuals,2,298,160,0.5369127516778524,0.5381739561281023
12,gazectrl_ts,3,NoVisuals,5,118,57,0.4830508474576271,0.5458201666187876
12,gazectrl_ts,3,NoVisuals,10,58,30,0.5172413793103449,0.5481569560047562
12,gazectrl_ts,3,NoVisuals,30,18,9,0.5,0.5308641975308642
12,gazectrl_ts,3,NoVisuals,60,8,3,0.375,0.5625
12,gazectrl_ts,4,FixedVideo,1,596,294,0.49328859060402686,0.49704968244673664
12,gazectrl_ts,4,FixedVideo,2,298,139,0.4664429530201342,0.4755191207603261
12,gazectrl_ts,4,FixedVideo,5,118,57,0.4830508474576271,0.4286124676817007
12,gazectrl_ts,4,FixedVideo,10,58,20,0.3448275862068966,0.3697978596908442
12,gazectrl_ts,4,FixedVideo,30,18,7,0.3888888888888889,0.28395061728395066
12,gazectrl_ts,4,FixedVideo,60,8,2,0.25,0.0625
12,gazectrl_ts,5,MovingVideo,1,596,311,0.5218120805369127,0.5184000720688258
12,gazectrl_ts,5,MovingVideo,2,298,151,0.5067114093959731,0.512994910139183
12,gazectrl_ts,5,MovingVideo,5,118,58,0.4915254237288136,0.5372019534616489
12,gazectrl_ts,5,MovingVideo,10,58,31,0.5344827586206896,0.5636147443519619
12,gazectrl_ts,5,MovingVideo,30,18,12,0.6666666666666666,0.6790123456790124
12,gazectrl_ts,5,MovingVideo,60,8,5,0.625,0.5625
12,gazectrl_ts,6,NoVisuals,1,596,306,0.5134228187919463,0.5298184766451961
12,gazectrl_ts,6,NoVisuals,2,298,163,0.5469798657718121,0.5714607450114859
12,gazectrl_ts,6,NoVisuals,5,118,63,0.5338983050847458,0.5515656420568802
12,gazectrl_ts,6,NoVisuals,10,58,31,0.5344827586206896,0.5707491082045184
12,gazectrl_ts,6,NoVisuals,30,18,10,0.5555555555555556,0.5679012345679013
12,gazectrl_ts,6,NoVisuals,60,8,4,0.5,0.75
12,gazectrl_ts,7,FixedVideo,1,596,279,0.46812080536912754,0.4744043061123373
12,gazectrl_ts,7,FixedVideo,2,298,137,0.4597315436241611,0.42907977118147833
12,gazectrl_ts,7,FixedVideo,5,118,51,0.4322033898305085,0.41482332663027865
12,gazectrl_ts,7,FixedVideo,10,58,24,0.41379310344827586,0.3804994054696789
12,gazectrl_ts,7,FixedVideo,30,18,7,0.3888888888888889,0.308641975308642
12,gazectrl_ts,7,FixedVideo,60,8,2,0.25,0.0625
12,gazectrl_csp,0,MovingVideo,1,596,348,0.5838926174496645,0.6278658618981127
12,gazectrl_csp,0,MovingVideo,2,298,171,0.5738255033557047,0.6378091076978514
12,gazectrl_csp,0,MovingVideo,5,118,64,0.5423728813559322,0.6271186440677966
12,gazectrl_csp,0,MovingVideo,10,58,33,0.5689655172413793,0.6718192627824019
12,gazectrl_csp,0,MovingVideo,30,18,9,0.5,0.7530864197530864
12,gazectrl_csp,0,MovingVideo,60,8,4,0.5,0.9375
12,gazectrl_csp,1,MovingTargetNoise,1,596,322,0.540268456375839,0.5450767983424171
12,gazectrl_csp,1,MovingTargetNoise,2,298,152,0.5100671140939598,0.5681726048376199
12,gazectrl_csp,1,MovingTargetNoise,5,118,66,0.559322033898305,0.6443550703820741
12,gazectrl_csp,1,MovingTargetNoise,10,58,32,0.5517241379310345,0.7086801426872771
12,gazectrl_csp,1,MovingTargetNoise,30,18,10,0.5555555555555556,0.8765432098765432
12,gazectrl_csp,1,MovingTargetNoise,60,8,4,0.5,1.0
12,gazectrl_csp,2,MovingTargetNoise,1,596,317,0.5318791946308725,0.5506170893203008
12,gazectrl_csp,2,MovingTargetNoise,2,298,167,0.5604026845637584,0.5754695734426378
12,gazectrl_csp,2,MovingTargetNoise,5,118,69,0.5847457627118644,0.6374604998563631
12,gazectrl_csp,2,MovingTargetNoise,10,58,37,0.6379310344827587,0.6956004756242569
12,gazectrl_csp,2,MovingTargetNoise,30,18,14,0.7777777777777778,0.691358024691358
12,gazectrl_csp,2,MovingTargetNoise,60,8,4,0.5,0.8125
12,gazectrl_csp,3,NoVisuals,1,596,312,0.5234899328859061,0.5853790369803162
12,gazectrl_csp,3,NoVisuals,2,298,154,0.5167785234899329,0.6169992342687266
12,gazectrl_csp,3,NoVisuals,5,118,62,0.5254237288135594,0.6265440965239873
12,gazectrl_csp,3,NoVisuals,10,58,29,0.5,0.667063020214031
12,gazectrl_csp,3,NoVisuals,30,18,9,0.5,0.7777777777777778
12,gazectrl_csp,3,NoVisuals,60,8,4,0.5,0.625
12,gazectrl_csp,4,FixedVideo,1,596,265,0.4446308724832215,0.4459033376874916
12,gazectrl_csp,4,FixedVideo,2,298,128,0.42953020134228187,0.40930588712220173
12,gazectrl_csp,4,FixedVideo,5,118,54,0.4576271186440678,0.42114334961218036
12,gazectrl_csp,4,FixedVideo,10,58,24,0.41379310344827586,0.37931034482758624
12,gazectrl_csp,4,FixedVideo,30,18,6,0.3333333333333333,0.37037037037037035
12,gazectrl_csp,4,FixedVideo,60,8,2,0.25,0.25
12,gazectrl_csp,5,MovingVideo,1,596,275,0.46140939597315433,0.45018242421512544
12,gazectrl_csp,5,MovingVideo,2,298,136,0.4563758389261745,0.43142200801765684
12,gazectrl_csp,5,MovingVideo,5,118,59,0.5,0.44268888250502725
12,gazectrl_csp,5,MovingVideo,10,58,22,0.3793103448275862,0.4078478002378121
12,gazectrl_csp,5,MovingVideo,30,18,8,0.4444444444444444,0.38271604938271603
12,gazectrl_csp,5,MovingVideo,60,8,3,0.375,0.3125
12,gazectrl_csp,6,NoVisuals,1,596,304,0.5100671140939598,0.49116030809422995
12,gazectrl_csp,6,NoVisuals,2,298,147,0.49328859060402686,0.5005630377010045
12,gazectrl_csp,6,NoVisuals,5,118,57,0.4830508474576271,0.4923872450445274
12,gazectrl_csp,6,NoVisuals,10,58,30,0.5172413793103449,0.4898929845422117
12,gazectrl_csp,6,NoVisuals,30,18,10,0.5555555555555556,0.5308641975308642
12,gazectrl_csp,6,NoVisuals,60,8,5,0.625,0.625
12,gazectrl_csp,7,FixedVideo,1,596,269,0.4513422818791946,0.44204089905860094
12,gazectrl_csp,7,FixedVideo,2,298,133,0.4463087248322148,0.43178235214629973
12,gazectrl_csp,7,FixedVideo,5,118,54,0.4576271186440678,0.4199942545245619
12,gazectrl_csp,7,FixedVideo,10,58,26,0.4482758620689655,0.40546967895362673
12,gazectrl_csp,7,FixedVideo,30,18,7,0.3888888888888889,0.35802469135802467
12,gazectrl_csp,7,FixedVideo,60,8,2,0.25,0.3125
