subject,model,train_condition,test_condition,window_s,n_windows,n_correct,accuracy,auc
01,eeg_alpha_ts,FixedVideo,FixedVideo,1,1192,465,0.3901006711409396,0.34961263006170895
01,eeg_alpha_ts,FixedVideo,FixedVideo,2,596,222,0.3724832214765101,0.32298094680419803
01,eeg_alpha_ts,FixedVideo,FixedVideo,5,236,74,0.3135593220338983,0.2483481758115484
01,eeg_alpha_ts,FixedVideo,FixedVideo,10,116,35,0.3017241379310345,0.1854934601664685
01,eeg_alpha_ts,FixedVideo,FixedVideo,30,36,9,0.25,0.12962962962962965
01,eeg_alpha_ts,FixedVideo,FixedVideo,60,16,4,0.25,0.09375
01,eeg_alpha_ts,FixedVideo,MovingVideo,1,1192,600,0.5033557046979866,0.5131863429575244
01,eeg_alpha_ts,FixedVideo,MovingVideo,2,596,311,0.5218120805369127,0.5393675960542318
01,eeg_alpha_ts,FixedVideo,MovingVideo,5,236,124,0.5254237288135594,0.5711720769893709
01,eeg_alpha_ts,FixedVideo,MovingVideo,10,116,63,0.5431034482758621,0.6019619500594531
01,eeg_alpha_ts,FixedVideo,MovingVideo,30,36,21,0.5833333333333334,0.7191358024691359
01,eeg_alpha_ts,FixedVideo,MovingVideo,60,16,9,0.5625,0.9375
01,eeg_alpha_ts,FixedVideo,NoVisuals,1,1192,592,0.4966442953020134,0.47987421737759567
01,eeg_alpha_ts,FixedVideo,NoVisuals,2,596,297,0.4983221476510067,0.4767915859645962
01,eeg_alpha_ts,FixedVideo,NoVisuals,5,236,114,0.4830508474576271,0.45540074691180693
01,eeg_alpha_ts,FixedVideo,NoVisuals,10,116,55,0.47413793103448276,0.4310344827586206
01,eeg_alpha_ts,FixedVideo,NoVisuals,30,36,16,0.4444444444444444,0.35802469135802467
01,eeg_alpha_ts,FixedVideo,NoVisuals,60,16,7,0.4375,0.3125
01,eeg_alpha_ts,MovingVideo,FixedVideo,1,1192,582,0.48825503355704697,0.5218711994955183
01,eeg_alpha_ts,MovingVideo,FixedVideo,2,596,300,0.5033557046979866,0.5289626593396695
01,eeg_alpha_ts,MovingVideo,FixedVideo,5,236,125,0.5296610169491526,0.5662884228669923
01,eeg_alpha_ts,MovingVideo,FixedVideo,10,116,61,0.5258620689655172,0.5653983353151011
01,eeg_alpha_ts,MovingVideo,FixedVideo,30,36,15,0.4166666666666667,0.5864197530864197
01,eeg_alpha_ts,MovingVideo,FixedVideo,60,16,6,0.375,0.609375
01,eeg_alpha_ts,MovingVideo,MovingVideo,1,1192,581,0.4874161073825503,0.47680847709562635
01,eeg_alpha_ts,MovingVideo,MovingVideo,2,596,301,0.5050335570469798,0.5047069951803972
01,eeg_alpha_ts,MovingVideo,MovingVideo,5,236,118,0.5,0.467825337546682
01,eeg_alpha_ts,MovingVideo,MovingVideo,10,116,60,0.5172413793103449,0.43638525564803804
01,eeg_alpha_ts,MovingVideo,MovingVideo,30,36,18,0.5,0.46296296296296297
01,eeg_alpha_ts,MovingVideo,MovingVideo,60,16,8,0.5,0.40625
01,eeg_alpha_ts,MovingVideo,NoVisuals,1,1192,566,0.4748322147651007,0.46971701725147513
01,eeg_alpha_ts,MovingVideo,NoVisuals,2,596,279,0.46812080536912754,0.48813116526282607
01,eeg_alpha_ts,MovingVideo,NoVisuals,5,236,107,0.4533898305084746,0.4759408216029877
01,eeg_alpha_ts,MovingVideo,NoVisuals,10,116,56,0.4827586206896552,0.48305588585017833
01,eeg_alpha_ts,MovingVideo,NoVisuals,30,36,15,0.4166666666666667,0.5
01,eeg_alpha_ts,MovingVideo,NoVisuals,60,16,7,0.4375,0.421875
01,eeg_alpha_ts,NoVisuals,FixedVideo,1,1192,623,0.5226510067114094,0.524866560064862
01,eeg_alpha_ts,NoVisuals,FixedVideo,2,596,320,0.5369127516778524,0.5181072924643034
01,eeg_alpha_ts,NoVisuals,FixedVideo,5,236,129,0.5466101694915254,0.4782390117782246
01,eeg_alpha_ts,NoVisuals,FixedVideo,10,116,66,0.5689655172413793,0.47770511296076096
01,eeg_alpha_ts,NoVisuals,FixedVideo,30,36,21,0.5833333333333334,0.49382716049382713
01,eeg_alpha_ts,NoVisuals,FixedVideo,60,16,11,0.6875,0.515625
01,eeg_alpha_ts,NoVisuals,MovingVideo,1,1192,589,0.4941275167785235,0.4898540606278996
01,eeg_alpha_ts,NoVisuals,MovingVideo,2,596,286,0.4798657718120805,0.4897414530876987
01,eeg_alpha_ts,NoVisuals,MovingVideo,5,236,113,0.4788135593220339,0.49030451019821886
01,eeg_alpha_ts,NoVisuals,MovingVideo,10,116,61,0.5258620689655172,0.5023781212841856
01,eeg_alpha_ts,NoVisuals,MovingVideo,30,36,19,0.5277777777777778,0.5246913580246914
01,eeg_alpha_ts,NoVisuals,MovingVideo,60,16,11,0.6875,0.609375
01,eeg_alpha_ts,NoVisuals,NoVisuals,1,1192,676,0.5671140939597316,0.596594747984325
01,eeg_alpha_ts,NoVisuals,NoVisuals,2,596,349,0.5855704697986577,0.6408945542993558
01,eeg_alpha_ts,NoVisuals,NoVisuals,5,236,146,0.6186440677966102,0.70496983625395
01,eeg_alpha_ts,NoVisuals,NoVisuals,10,116,75,0.646551724137931,0.7592152199762188
01,eeg_alpha_ts,NoVisuals,NoVisuals,30,36,27,0.75,0.9012345679012346
01,eeg_alpha_ts,NoVisuals,NoVisuals,60,16,10,0.625,1.0
01,eeg_csp,FixedVideo,FixedVideo,1,1192,550,0.46140939597315433,0.5197682536822665
01,eeg_csp,FixedVideo,FixedVideo,2,596,272,0.4563758389261745,0.5352011170667988
01,eeg_csp,FixedVideo,FixedVideo,5,236,86,0.3644067796610169,0.17839701235277217
01,eeg_csp,FixedVideo,FixedVideo,10,116,41,0.35344827586206895,0.15160523186682523
01,eeg_csp,FixedVideo,FixedVideo,30,36,12,0.3333333333333333,0.09876543209876543
01,eeg_csp,FixedVideo,FixedVideo,60,16,5,0.3125,0.0
01,eeg_csp,FixedVideo,MovingVideo,1,1192,580,0.4865771812080537,0.46957625782622403
01,eeg_csp,FixedVideo,MovingVideo,2,596,274,0.4597315436241611,0.4717692896716364
01,eeg_csp,FixedVideo,MovingVideo,5,236,106,0.4491525423728814,0.47608445848893993
01,eeg_csp,FixedVideo,MovingVideo,10,116,52,0.4482758620689655,0.4815695600475624
01,eeg_csp,FixedVideo,MovingVideo,30,36,16,0.4444444444444444,0.45987654320987653
01,eeg_csp,FixedVideo,MovingVideo,60,16,9,0.5625,0.5625
01,eeg_csp,FixedVideo,NoVisuals,1,1192,657,0.5511744966442953,0.551523580018918
01,eeg_csp,FixedVideo,NoVisuals,2,596,350,0.587248322147651,0.6157492905724967
01,eeg_csp,FixedVideo,NoVisuals,5,236,129,0.5466101694915254,0.5715311692042517
01,eeg_csp,FixedVideo,NoVisuals,10,116,66,0.5689655172413793,0.5888822829964329
01,eeg_csp,FixedVideo,NoVisuals,30,36,20,0.5555555555555556,0.6172839506172839
01,eeg_csp,FixedVideo,NoVisuals,60,16,10,0.625,0.703125
01,eeg_csp,MovingVideo,FixedVideo,1,1192,518,0.43456375838926176,0.43714247105986215
01,eeg_csp,MovingVideo,FixedVideo,2,596,263,0.4412751677852349,0.4183707941083735
01,eeg_csp,MovingVideo,FixedVideo,5,236,111,0.4703389830508475,0.44276070094800346
01,eeg_csp,MovingVideo,FixedVideo,10,116,54,0.46551724137931033,0.43252080856123665
01,eeg_csp,MovingVideo,FixedVideo,30,36,18,0.5,0.4444444444444444
01,eeg_csp,MovingVideo,FixedVideo,60,16,7,0.4375,0.453125
01,eeg_csp,MovingVideo,MovingVideo,1,1192,587,0.4924496644295302,0.4545178145128598
01,eeg_csp,MovingVideo,MovingVideo,2,596,292,0.4899328859060403,0.42124228638349626
01,eeg_csp,MovingVideo,MovingVideo,5,236,116,0.4915254237288136,0.39959781671933353
01,eeg_csp,MovingVideo,MovingVideo,10,116,57,0.49137931034482757,0.3929845422116528
01,eeg_csp,MovingVideo,MovingVideo,30,36,17,0.4722222222222222,0.35185185185185186
01,eeg_csp,MovingVideo,MovingVideo,60,16,9,0.5625,0.3125
01,eeg_csp,MovingVideo,NoVisuals,1,1192,588,0.49328859060402686,0.5570441646772668
01,eeg_csp,MovingVideo,NoVisuals,2,596,290,0.4865771812080537,0.5178370343678214
01,eeg_csp,MovingVideo,NoVisuals,5,236,111,0.4703389830508475,0.47163171502441825
01,eeg_csp,MovingVideo,NoVisuals,10,116,52,0.4482758620689655,0.4667063020214031
01,eeg_csp,MovingVideo,NoVisuals,30,36,15,0.4166666666666667,0.46913580246913583
01,eeg_csp,MovingVideo,NoVisuals,60,16,7,0.4375,0.484375
01,eeg_csp,NoVisuals,FixedVideo,1,1192,509,0.42701342281879195,0.5307671951713887
01,eeg_csp,NoVisuals,FixedVideo,2,596,249,0.41778523489932884,0.5655601099049592
01,eeg_csp,NoVisuals,FixedVideo,5,236,94,0.3983050847457627,0.5494110887675956
01,eeg_csp,NoVisuals,FixedVideo,10,116,47,0.4051724137931034,0.5425089179548157
01,eeg_csp,NoVisuals,FixedVideo,30,36,14,0.3888888888888889,0.5432098765432098
01,eeg_csp,NoVisuals,FixedVideo,60,16,6,0.375,0.5625
01,eeg_csp,NoVisuals,MovingVideo,1,1192,699,0.5864093959731543,0.6279897301923336
01,eeg_csp,NoVisuals,MovingVideo,2,596,357,0.5989932885906041,0.6422908877978469
01,eeg_csp,NoVisuals,MovingVideo,5,236,146,0.6186440677966102,0.664033323757541
01,eeg_csp,NoVisuals,MovingVideo,10,116,73,0.6293103448275862,0.6685493460166468
01,eeg_csp,NoVisuals,MovingVideo,30,36,24,0.6666666666666666,0.712962962962963
01,eeg_csp,NoVisuals,MovingVideo,60,16,11,0.6875,0.78125
01,eeg_csp,NoVisuals,NoVisuals,1,1192,797,0.6686241610738255,0.7485079500923382
01,eeg_csp,NoVisuals,NoVisuals,2,596,414,0.6946308724832215,0.77778028016756
01,eeg_csp,NoVisuals,NoVisuals,5,236,176,0.7457627118644068,0.8151393277793737
01,eeg_csp,NoVisuals,NoVisuals,10,116,87,0.75,0.8495838287752676
01,eeg_csp,NoVisuals,NoVisuals,30,36,28,0.7777777777777778,0.9135802469135802
01,eeg_csp,NoVisuals,NoVisuals,60,16,15,0.9375,1.0
01,eeg_eogreg_ts,FixedVideo,FixedVideo,1,1192,459,0.3850671140939597,0.27914846178100083
01,eeg_eogreg_ts,FixedVideo,FixedVideo,2,596,201,0.337248322147651,0.21478762217918113
01,eeg_eogreg_ts,FixedVideo,FixedVideo,5,236,77,0.326271186440678,0.1868715886239586
01,eeg_eogreg_ts,FixedVideo,FixedVideo,10,116,37,0.31896551724137934,0.1492271105826397
01,eeg_eogreg_ts,FixedVideo,FixedVideo,30,36,11,0.3055555555555556,0.055555555555555566
01,eeg_eogreg_ts,FixedVideo,FixedVideo,60,16,5,0.3125,0.03125
01,eeg_eogreg_ts,FixedVideo,MovingVideo,1,1192,466,0.39093959731543626,0.3668641052204855
01,eeg_eogreg_ts,FixedVideo,MovingVideo,2,596,252,0.4228187919463087,0.3877190216656907
01,eeg_eogreg_ts,FixedVideo,MovingVideo,5,236,106,0.4491525423728814,0.43442976156276936
01,eeg_eogreg_ts,FixedVideo,MovingVideo,10,116,49,0.4224137931034483,0.4215219976218787
01,eeg_eogreg_ts,FixedVideo,MovingVideo,30,36,16,0.4444444444444444,0.41666666666666663
01,eeg_eogreg_ts,FixedVideo,MovingVideo,60,16,8,0.5,0.515625
01,eeg_eogreg_ts,FixedVideo,NoVisuals,1,1192,609,0.5109060402684564,0.5302520156749696
01,eeg_eogreg_ts,FixedVideo,NoVisuals,2,596,309,0.5184563758389261,0.5177807305977208
01,eeg_eogreg_ts,FixedVideo,NoVisuals,5,236,128,0.5423728813559322,0.5111318586613043
01,eeg_eogreg_ts,FixedVideo,NoVisuals,10,116,60,0.5172413793103449,0.5136741973840666
01,eeg_eogreg_ts,FixedVideo,NoVisuals,30,36,19,0.5277777777777778,0.537037037037037
01,eeg_eogreg_ts,FixedVideo,NoVisuals,60,16,8,0.5,0.546875
01,eeg_eogreg_ts,MovingVideo,FixedVideo,1,1192,518,0.43456375838926176,0.4358221476510067
01,eeg_eogreg_ts,MovingVideo,FixedVideo,2,596,253,0.42449664429530204,0.46538444214224584
01,eeg_eogreg_ts,MovingVideo,FixedVideo,5,236,102,0.4322033898305085,0.5043809250215455
01,eeg_eogreg_ts,MovingVideo,FixedVideo,10,116,55,0.47413793103448276,0.5029726516052319
01,eeg_eogreg_ts,MovingVideo,FixedVideo,30,36,16,0.4444444444444444,0.4876543209876543
01,eeg_eogreg_ts,MovingVideo,FixedVideo,60,16,7,0.4375,0.5
01,eeg_eogreg_ts,MovingVideo,MovingVideo,1,1192,543,0.45553691275167785,0.41605107878023506
01,eeg_eogreg_ts,MovingVideo,MovingVideo,2,596,274,0.4597315436241611,0.33289041034187644
01,eeg_eogreg_ts,MovingVideo,MovingVideo,5,236,107,0.4533898305084746,0.2424590634875036
01,eeg_eogreg_ts,MovingVideo,MovingVideo,10,116,52,0.4482758620689655,0.20868014268727708
01,eeg_eogreg_ts,MovingVideo,MovingVideo,30,36,18,0.5,0.12962962962962965
01,eeg_eogreg_ts,MovingVideo,MovingVideo,60,16,8,0.5,0.0625
01,eeg_eogreg_ts,MovingVideo,NoVisuals,1,1192,560,0.4697986577181208,0.5140815729021215
01,eeg_eogreg_ts,MovingVideo,NoVisuals,2,596,295,0.4949664429530201,0.5354150713931805
01,eeg_eogreg_ts,MovingVideo,NoVisuals,5,236,115,0.4872881355932203,0.5280091927607009
01,eeg_eogreg_ts,MovingVideo,NoVisuals,10,116,56,0.4827586206896552,0.5383472057074911
01,eeg_eogreg_ts,MovingVideo,NoVisuals,30,36,17,0.4722222222222222,0.5030864197530864
01,eeg_eogreg_ts,MovingVideo,NoVisuals,60,16,6,0.375,0.4375
01,eeg_eogreg_ts,NoVisuals,FixedVideo,1,1192,601,0.5041946308724832,0.5307165217782983
01,eeg_eogreg_ts,NoVisuals,FixedVideo,2,596,279,0.46812080536912754,0.5164519616233503
01,eeg_eogreg_ts,NoVisuals,FixedVideo,5,236,104,0.4406779661016949,0.4810399310542947
01,eeg_eogreg_ts,NoVisuals,FixedVideo,10,116,50,0.43103448275862066,0.4833531510107016
01,eeg_eogreg_ts,NoVisuals,FixedVideo,30,36,16,0.4444444444444444,0.4691358024691358
01,eeg_eogreg_ts,NoVisuals,FixedVideo,60,16,6,0.375,0.390625
01,eeg_eogreg_ts,NoVisuals,MovingVideo,1,1192,688,0.5771812080536913,0.5930898382955723
01,eeg_eogreg_ts,NoVisuals,MovingVideo,2,596,348,0.5838926174496645,0.5996013693076888
01,eeg_eogreg_ts,NoVisuals,MovingVideo,5,236,140,0.5932203389830508,0.5672938810686584
01,eeg_eogreg_ts,NoVisuals,MovingVideo,10,116,71,0.6120689655172413,0.5713436385255648
01,eeg_eogreg_ts,NoVisuals,MovingVideo,30,36,24,0.6666666666666666,0.5802469135802469
01,eeg_eogreg_ts,NoVisuals,MovingVideo,60,16,11,0.6875,0.640625
01,eeg_eogreg_ts,NoVisuals,NoVisuals,1,1192,762,0.639261744966443,0.8313364262871041
01,eeg_eogreg_ts,NoVisuals,NoVisuals,2,596,361,0.6057046979865772,0.8229359037881178
01,eeg_eogreg_ts,NoVisuals,NoVisuals,5,236,149,0.6313559322033898,0.7759264579143924
01,eeg_eogreg_ts,NoVisuals,NoVisuals,10,116,71,0.6120689655172413,0.7984542211652794
01,eeg_eogreg_ts,NoVisuals,NoVisuals,30,36,22,0.6111111111111112,0.8950617283950617
01,eeg_eogreg_ts,NoVisuals,NoVisuals,60,16,9,0.5625,0.90625
01,eeg_post_ts,FixedVideo,FixedVideo,1,1192,521,0.43708053691275167,0.47431985045718666
01,eeg_post_ts,FixedVideo,FixedVideo,2,596,256,0.42953020134228187,0.46392054411963424
01,eeg_post_ts,FixedVideo,FixedVideo,5,236,98,0.4152542372881356,0.46739442688882504
01,eeg_post_ts,FixedVideo,FixedVideo,10,116,44,0.3793103448275862,0.450653983353151
01,eeg_post_ts,FixedVideo,FixedVideo,30,36,11,0.3055555555555556,0.48148148148148145
01,eeg_post_ts,FixedVideo,FixedVideo,60,16,5,0.3125,0.46875
01,eeg_post_ts,FixedVideo,MovingVideo,1,1192,632,0.5302013422818792,0.5308206837529842
01,eeg_post_ts,FixedVideo,MovingVideo,2,596,308,0.5167785234899329,0.5476892932750776
01,eeg_post_ts,FixedVideo,MovingVideo,5,236,127,0.538135593220339,0.5515656420568802
01,eeg_post_ts,FixedVideo,MovingVideo,10,116,69,0.5948275862068966,0.5454815695600475
01,eeg_post_ts,FixedVideo,MovingVideo,30,36,19,0.5277777777777778,0.5555555555555556
01,eeg_post_ts,FixedVideo,MovingVideo,60,16,10,0.625,0.65625
01,eeg_post_ts,FixedVideo,NoVisuals,1,1192,759,0.636744966442953,0.6836826043871898
01,eeg_post_ts,FixedVideo,NoVisuals,2,596,390,0.6543624161073825,0.709100941399036
01,eeg_post_ts,FixedVideo,NoVisuals,5,236,162,0.6864406779661016,0.7449008905486929
01,eeg_post_ts,FixedVideo,NoVisuals,10,116,89,0.7672413793103449,0.7910225921521997
01,eeg_post_ts,FixedVideo,NoVisuals,30,36,30,0.8333333333333334,0.888888888888889
01,eeg_post_ts,FixedVideo,NoVisuals,60,16,13,0.8125,0.90625
01,eeg_post_ts,MovingVideo,FixedVideo,1,1192,656,0.5503355704697986,0.5687215665960993
01,eeg_post_ts,MovingVideo,FixedVideo,2,596,339,0.5687919463087249,0.5907954596639791
01,eeg_post_ts,MovingVideo,FixedVideo,5,236,131,0.5550847457627118,0.600689457052571
01,eeg_post_ts,MovingVideo,FixedVideo,10,116,66,0.5689655172413793,0.6316884661117717
01,eeg_post_ts,MovingVideo,FixedVideo,30,36,19,0.5277777777777778,0.7037037037037037
01,eeg_post_ts,MovingVideo,FixedVideo,60,16,9,0.5625,0.75
01,eeg_post_ts,MovingVideo,MovingVideo,1,1192,662,0.5553691275167785,0.5743209765325886
01,eeg_post_ts,MovingVideo,MovingVideo,2,596,327,0.5486577181208053,0.5766857348768073
01,eeg_post_ts,MovingVideo,MovingVideo,5,236,133,0.5635593220338984,0.5884803217466246
01,eeg_post_ts,MovingVideo,MovingVideo,10,116,69,0.5948275862068966,0.6165279429250892
01,eeg_post_ts,MovingVideo,MovingVideo,30,36,21,0.5833333333333334,0.5987654320987654
01,eeg_post_ts,MovingVideo,MovingVideo,60,16,12,0.75,0.65625
01,eeg_post_ts,MovingVideo,NoVisuals,1,1192,604,0.5067114093959731,0.5269160172965182
01,eeg_post_ts,MovingVideo,NoVisuals,2,596,307,0.5151006711409396,0.5238164947524886
01,eeg_post_ts,MovingVideo,NoVisuals,5,236,124,0.5254237288135594,0.4934645216891698
01,eeg_post_ts,MovingVideo,NoVisuals,10,116,56,0.4827586206896552,0.4958382877526754
01,eeg_post_ts,MovingVideo,NoVisuals,30,36,22,0.6111111111111112,0.5740740740740741
01,eeg_post_ts,MovingVideo,NoVisuals,60,16,8,0.5,0.484375
01,eeg_post_ts,NoVisuals,FixedVideo,1,1192,704,0.5906040268456376,0.6497342462051259
01,eeg_post_ts,NoVisuals,FixedVideo,2,596,348,0.5838926174496645,0.6615129949101393
01,eeg_post_ts,NoVisuals,FixedVideo,5,236,136,0.576271186440678,0.6828497558172939
01,eeg_post_ts,NoVisuals,FixedVideo,10,116,67,0.5775862068965517,0.7045184304399524
01,eeg_post_ts,NoVisuals,FixedVideo,30,36,20,0.5555555555555556,0.691358024691358
01,eeg_post_ts,NoVisuals,FixedVideo,60,16,9,0.5625,0.6875
01,eeg_post_ts,NoVisuals,MovingVideo,1,1192,604,0.5067114093959731,0.49940881041394536
01,eeg_post_ts,NoVisuals,MovingVideo,2,596,304,0.5100671140939598,0.5069816674924553
01,eeg_post_ts,NoVisuals,MovingVideo,5,236,118,0.5,0.5148664176960643
01,eeg_post_ts,NoVisuals,MovingVideo,10,116,65,0.5603448275862069,0.5214030915576694
01,eeg_post_ts,NoVisuals,MovingVideo,30,36,19,0.5277777777777778,0.5246913580246914
01,eeg_post_ts,NoVisuals,MovingVideo,60,16,10,0.625,0.625
01,eeg_post_ts,NoVisuals,NoVisuals,1,1192,736,0.6174496644295302,0.7877291563443087
01,eeg_post_ts,NoVisuals,NoVisuals,2,596,369,0.6191275167785235,0.8033421917931625
01,eeg_post_ts,NoVisuals,NoVisuals,5,236,143,0.6059322033898306,0.7855501292731972
01,eeg_post_ts,NoVisuals,NoVisuals,10,116,77,0.6637931034482759,0.8293697978596909
01,eeg_post_ts,NoVisuals,NoVisuals,30,36,24,0.6666666666666666,0.9814814814814814
01,eeg_post_ts,NoVisuals,NoVisuals,60,16,9,0.5625,1.0
01,eeg_ts,FixedVideo,FixedVideo,1,1192,604,0.5067114093959731,0.5672379622539525
01,eeg_ts,FixedVideo,FixedVideo,2,596,299,0.5016778523489933,0.5744786270888699
01,eeg_ts,FixedVideo,FixedVideo,5,236,112,0.4745762711864407,0.5565929330652111
01,eeg_ts,FixedVideo,FixedVideo,10,116,55,0.47413793103448276,0.5523186682520809
01,eeg_ts,FixedVideo,FixedVideo,30,36,19,0.5277777777777778,0.5493827160493827
01,eeg_ts,FixedVideo,FixedVideo,60,16,8,0.5,0.5
01,eeg_ts,FixedVideo,MovingVideo,1,1192,476,0.39932885906040266,0.37660184225935767
01,eeg_ts,FixedVideo,MovingVideo,2,596,250,0.41946308724832215,0.3937773073284987
01,eeg_ts,FixedVideo,MovingVideo,5,236,104,0.4406779661016949,0.4431197931628842
01,eeg_ts,FixedVideo,MovingVideo,10,116,52,0.4482758620689655,0.4233055885850178
01,eeg_ts,FixedVideo,MovingVideo,30,36,14,0.3888888888888889,0.37037037037037035
01,eeg_ts,FixedVideo,MovingVideo,60,16,6,0.375,0.453125
01,eeg_ts,FixedVideo,NoVisuals,1,1192,628,0.5268456375838926,0.5545696139813522
01,eeg_ts,FixedVideo,NoVisuals,2,596,303,0.5083892617449665,0.5346718616278546
01,eeg_ts,FixedVideo,NoVisuals,5,236,123,0.5211864406779662,0.5203246193622522
01,eeg_ts,FixedVideo,NoVisuals,10,116,62,0.5344827586206896,0.5208085612366231
01,eeg_ts,FixedVideo,NoVisuals,30,36,21,0.5833333333333334,0.5524691358024691
01,eeg_ts,FixedVideo,NoVisuals,60,16,8,0.5,0.609375
01,eeg_ts,MovingVideo,FixedVideo,1,1192,541,0.4538590604026846,0.4299299581099951
01,eeg_ts,MovingVideo,FixedVideo,2,596,272,0.4563758389261745,0.4535944326832125
01,eeg_ts,MovingVideo,FixedVideo,5,236,108,0.4576271186440678,0.5200373455903476
01,eeg_ts,MovingVideo,FixedVideo,10,116,54,0.46551724137931033,0.5184304399524375
01,eeg_ts,MovingVideo,FixedVideo,30,36,17,0.4722222222222222,0.537037037037037
01,eeg_ts,MovingVideo,FixedVideo,60,16,7,0.4375,0.53125
01,eeg_ts,MovingVideo,MovingVideo,1,1192,587,0.4924496644295302,0.47384689878834285
01,eeg_ts,MovingVideo,MovingVideo,2,596,282,0.47315436241610737,0.39284266474483126
01,eeg_ts,MovingVideo,MovingVideo,5,236,107,0.4533898305084746,0.2823901177822465
01,eeg_ts,MovingVideo,MovingVideo,10,116,55,0.47413793103448276,0.23543400713436385
01,eeg_ts,MovingVideo,MovingVideo,30,36,16,0.4444444444444444,0.1419753086419753
01,eeg_ts,MovingVideo,MovingVideo,60,16,8,0.5,0.09375
01,eeg_ts,MovingVideo,NoVisuals,1,1192,547,0.4588926174496644,0.4838830458087473
01,eeg_ts,MovingVideo,NoVisuals,2,596,296,0.4966442953020134,0.5116323589027522
01,eeg_ts,MovingVideo,NoVisuals,5,236,113,0.4788135593220339,0.5235564492961793
01,eeg_ts,MovingVideo,NoVisuals,10,116,60,0.5172413793103449,0.5413198573127228
01,eeg_ts,MovingVideo,NoVisuals,30,36,15,0.4166666666666667,0.5401234567901235
01,eeg_ts,MovingVideo,NoVisuals,60,16,6,0.375,0.46875
01,eeg_ts,NoVisuals,FixedVideo,1,1192,623,0.5226510067114094,0.5418421467501464
01,eeg_ts,NoVisuals,FixedVideo,2,596,299,0.5016778523489933,0.5418224404306112
01,eeg_ts,NoVisuals,FixedVideo,5,236,115,0.4872881355932203,0.5240591783970123
01,eeg_ts,NoVisuals,FixedVideo,10,116,57,0.49137931034482757,0.531807372175981
01,eeg_ts,NoVisuals,FixedVideo,30,36,18,0.5,0.5277777777777778
01,eeg_ts,NoVisuals,FixedVideo,60,16,8,0.5,0.4375
01,eeg_ts,NoVisuals,MovingVideo,1,1192,706,0.5922818791946308,0.6063606369082474
01,eeg_ts,NoVisuals,MovingVideo,2,596,350,0.587248322147651,0.6311427413179587
01,eeg_ts,NoVisuals,MovingVideo,5,236,138,0.5847457627118644,0.6146222349899454
01,eeg_ts,NoVisuals,MovingVideo,10,116,69,0.5948275862068966,0.629013079667063
01,eeg_ts,NoVisuals,MovingVideo,30,36,25,0.6944444444444444,0.6604938271604939
01,eeg_ts,NoVisuals,MovingVideo,60,16,10,0.625,0.75
01,eeg_ts,NoVisuals,NoVisuals,1,1192,782,0.6560402684563759,0.8122663393540832
01,eeg_ts,NoVisuals,NoVisuals,2,596,387,0.6493288590604027,0.8298274852484122
01,eeg_ts,NoVisuals,NoVisuals,5,236,156,0.6610169491525424,0.750502729100833
01,eeg_ts,NoVisuals,NoVisuals,10,116,74,0.6379310344827587,0.7901307966706301
01,eeg_ts,NoVisuals,NoVisuals,30,36,26,0.7222222222222222,0.9074074074074074
01,eeg_ts,NoVisuals,NoVisuals,60,16,10,0.625,0.9375
01,eog_ts,FixedVideo,FixedVideo,1,1192,920,0.7718120805369127,0.8531766587090671
01,eog_ts,FixedVideo,FixedVideo,2,596,493,0.8271812080536913,0.9235169586955543
01,eog_ts,FixedVideo,FixedVideo,5,236,206,0.8728813559322034,0.9546107440390692
01,eog_ts,FixedVideo,FixedVideo,10,116,109,0.9396551724137931,0.9881093935790725
01,eog_ts,FixedVideo,FixedVideo,30,36,36,1.0,1.0
01,eog_ts,FixedVideo,FixedVideo,60,16,16,1.0,1.0
01,eog_ts,FixedVideo,MovingVideo,1,1192,575,0.4823825503355705,0.4825345705148417
01,eog_ts,FixedVideo,MovingVideo,2,596,294,0.49328859060402686,0.47831178775730826
01,eog_ts,FixedVideo,MovingVideo,5,236,110,0.4661016949152542,0.475653547831083
01,eog_ts,FixedVideo,MovingVideo,10,116,53,0.45689655172413796,0.469678953626635
01,eog_ts,FixedVideo,MovingVideo,30,36,16,0.4444444444444444,0.4506172839506173
01,eog_ts,FixedVideo,MovingVideo,60,16,6,0.375,0.5
01,eog_ts,FixedVideo,NoVisuals,1,1192,553,0.4639261744966443,0.47341617494707444
01,eog_ts,FixedVideo,NoVisuals,2,596,266,0.4463087248322148,0.4653619206342057
01,eog_ts,FixedVideo,NoVisuals,5,236,109,0.461864406779661,0.46064349324906634
01,eog_ts,FixedVideo,NoVisuals,10,116,58,0.5,0.45689655172413796
01,eog_ts,FixedVideo,NoVisuals,30,36,18,0.5,0.4907407407407407
01,eog_ts,FixedVideo,NoVisuals,60,16,8,0.5,0.515625
01,eog_ts,MovingVideo,FixedVideo,1,1192,511,0.4286912751677852,0.3837270843655691
01,eog_ts,MovingVideo,FixedVideo,2,596,247,0.41442953020134227,0.34359938741498125
01,eog_ts,MovingVideo,FixedVideo,5,236,116,0.4915254237288136,0.38875323182993393
01,eog_ts,MovingVideo,FixedVideo,10,116,59,0.5086206896551724,0.38079667063020206
01,eog_ts,MovingVideo,FixedVideo,30,36,20,0.5555555555555556,0.3950617283950617
01,eog_ts,MovingVideo,FixedVideo,60,16,8,0.5,0.3125
01,eog_ts,MovingVideo,MovingVideo,1,1192,571,0.4790268456375839,0.44193955227242016
01,eog_ts,MovingVideo,MovingVideo,2,596,296,0.4966442953020134,0.4263771902166569
01,eog_ts,MovingVideo,MovingVideo,5,236,112,0.4745762711864407,0.4001723642631428
01,eog_ts,MovingVideo,MovingVideo,10,116,54,0.46551724137931033,0.3888228299643282
01,eog_ts,MovingVideo,MovingVideo,30,36,17,0.4722222222222222,0.29012345679012347
01,eog_ts,MovingVideo,MovingVideo,60,16,6,0.375,0.3125
01,eog_ts,MovingVideo,NoVisuals,1,1192,604,0.5067114093959731,0.5062525336696545
01,eog_ts,MovingVideo,NoVisuals,2,596,297,0.4983221476510067,0.49568713121030583
01,eog_ts,MovingVideo,NoVisuals,5,236,113,0.4788135593220339,0.5733984487216317
01,eog_ts,MovingVideo,NoVisuals,10,116,55,0.47413793103448276,0.5986920332936979
01,eog_ts,MovingVideo,NoVisuals,30,36,17,0.4722222222222222,0.6203703703703705
01,eog_ts,MovingVideo,NoVisuals,60,16,8,0.5,0.53125
01,eog_ts,NoVisuals,FixedVideo,1,1192,614,0.5151006711409396,0.5053291518400073
01,eog_ts,NoVisuals,FixedVideo,2,596,294,0.49328859060402686,0.4374239899103644
01,eog_ts,NoVisuals,FixedVideo,5,236,130,0.5508474576271186,0.5202528009192761
01,eog_ts,NoVisuals,FixedVideo,10,116,63,0.5431034482758621,0.5303210463733651
01,eog_ts,NoVisuals,FixedVideo,30,36,22,0.6111111111111112,0.49999999999999994
01,eog_ts,NoVisuals,FixedVideo,60,16,10,0.625,0.5
01,eog_ts,NoVisuals,MovingVideo,1,1192,621,0.5209731543624161,0.5307277825323183
01,eog_ts,NoVisuals,MovingVideo,2,596,323,0.5419463087248322,0.5492883203459303
01,eog_ts,NoVisuals,MovingVideo,5,236,132,0.559322033898305,0.5769175524274636
01,eog_ts,NoVisuals,MovingVideo,10,116,65,0.5603448275862069,0.6126634958382877
01,eog_ts,NoVisuals,MovingVideo,30,36,22,0.6111111111111112,0.7037037037037037
01,eog_ts,NoVisuals,MovingVideo,60,16,12,0.75,0.828125
01,eog_ts,NoVisuals,NoVisuals,1,1192,557,0.4672818791946309,0.457192243592631
01,eog_ts,NoVisuals,NoVisuals,2,596,299,0.5016778523489933,0.48867168145579026
01,eog_ts,NoVisuals,NoVisuals,5,236,122,0.5169491525423728,0.5374892272335536
01,eog_ts,NoVisuals,NoVisuals,10,116,57,0.49137931034482757,0.5499405469678953
01,eog_ts,NoVisuals,NoVisuals,30,36,18,0.5,0.5802469135802469
01,eog_ts,NoVisuals,NoVisuals,60,16,8,0.5,0.59375
01,gazectrl_csp,FixedVideo,FixedVideo,1,1192,436,0.36577181208053694,0.3437514075942525
01,gazectrl_csp,FixedVideo,FixedVideo,2,596,206,0.34563758389261745,0.30462591775145265
01,gazectrl_csp,FixedVideo,FixedVideo,5,236,79,0.3347457627118644,0.2652973283539213
01,gazectrl_csp,FixedVideo,FixedVideo,10,116,36,0.3103448275862069,0.23900118906064208
01,gazectrl_csp,FixedVideo,FixedVideo,30,36,9,0.25,0.15432098765432098
01,gazectrl_csp,FixedVideo,FixedVideo,60,16,5,0.3125,0.1875
01,gazectrl_csp,FixedVideo,MovingVideo,1,1192,656,0.5503355704697986,0.5670859420746813
01,gazectrl_csp,FixedVideo,MovingVideo,2,596,348,0.5838926174496645,0.5848610422953922
01,gazectrl_csp,FixedVideo,MovingVideo,5,236,136,0.576271186440678,0.6182849755817295
01,gazectrl_csp,FixedVideo,MovingVideo,10,116,71,0.6120689655172413,0.6358501783590963
01,gazectrl_csp,FixedVideo,MovingVideo,30,36,22,0.6111111111111112,0.6882716049382717
01,gazectrl_csp,FixedVideo,MovingVideo,60,16,11,0.6875,0.78125
01,gazectrl_csp,FixedVideo,NoVisuals,1,1192,699,0.5864093959731543,0.6033202333228233
01,gazectrl_csp,FixedVideo,NoVisuals,2,596,344,0.5771812080536913,0.609218053240845
01,gazectrl_csp,FixedVideo,NoVisuals,5,236,129,0.5466101694915254,0.6087331226659005
01,gazectrl_csp,FixedVideo,NoVisuals,10,116,64,0.5517241379310345,0.6278240190249702
01,gazectrl_csp,FixedVideo,NoVisuals,30,36,21,0.5833333333333334,0.6450617283950617
01,gazectrl_csp,FixedVideo,NoVisuals,60,16,10,0.625,0.6875
01,gazectrl_csp,MovingVideo,FixedVideo,1,1192,661,0.5545302013422819,0.5785775415521823
01,gazectrl_csp,MovingVideo,FixedVideo,2,596,339,0.5687919463087249,0.6075852439079321
01,gazectrl_csp,MovingVideo,FixedVideo,5,236,140,0.5932203389830508,0.6623814995690893
01,gazectrl_csp,MovingVideo,FixedVideo,10,116,70,0.603448275862069,0.724435196195006
01,gazectrl_csp,MovingVideo,FixedVideo,30,36,24,0.6666666666666666,0.8179012345679012
01,gazectrl_csp,MovingVideo,FixedVideo,60,16,10,0.625,1.0
01,gazectrl_csp,MovingVideo,MovingVideo,1,1192,592,0.4966442953020134,0.49307463627764514
01,gazectrl_csp,MovingVideo,MovingVideo,2,596,297,0.4983221476510067,0.4867123102562948
01,gazectrl_csp,MovingVideo,MovingVideo,5,236,118,0.5,0.4784544671071531
01,gazectrl_csp,MovingVideo,MovingVideo,10,116,53,0.45689655172413796,0.4488703923900119
01,gazectrl_csp,MovingVideo,MovingVideo,30,36,15,0.4166666666666667,0.47530864197530864
01,gazectrl_csp,MovingVideo,MovingVideo,60,16,8,0.5,0.59375
01,gazectrl_csp,MovingVideo,NoVisuals,1,1192,579,0.48573825503355705,0.473739921625152
01,gazectrl_csp,MovingVideo,NoVisuals,2,596,300,0.5033557046979866,0.4731431016620873
01,gazectrl_csp,MovingVideo,NoVisuals,5,236,114,0.4830508474576271,0.45461074403906926
01,gazectrl_csp,MovingVideo,NoVisuals,10,116,54,0.46551724137931033,0.4221165279429251
01,gazectrl_csp,MovingVideo,NoVisuals,30,36,19,0.5277777777777778,0.3765432098765432
01,gazectrl_csp,MovingVideo,NoVisuals,60,16,8,0.5,0.234375
01,gazectrl_csp,NoVisuals,FixedVideo,1,1192,631,0.5293624161073825,0.5476892932750778
01,gazectrl_csp,NoVisuals,FixedVideo,2,596,324,0.5436241610738255,0.5489167154632675
01,gazectrl_csp,NoVisuals,FixedVideo,5,236,128,0.5423728813559322,0.54503016374605
01,gazectrl_csp,NoVisuals,FixedVideo,10,116,59,0.5086206896551724,0.5401307966706301
01,gazectrl_csp,NoVisuals,FixedVideo,30,36,17,0.4722222222222222,0.537037037037037
01,gazectrl_csp,NoVisuals,FixedVideo,60,16,7,0.4375,0.578125
01,gazectrl_csp,NoVisuals,MovingVideo,1,1192,552,0.46308724832214765,0.44166929417593803
01,gazectrl_csp,NoVisuals,MovingVideo,2,596,269,0.4513422818791946,0.42298770325661006
01,gazectrl_csp,NoVisuals,MovingVideo,5,236,100,0.423728813559322,0.39615053145647794
01,gazectrl_csp,NoVisuals,MovingVideo,10,116,51,0.4396551724137931,0.3986325802615933
01,gazectrl_csp,NoVisuals,MovingVideo,30,36,18,0.5,0.36419753086419754
01,gazectrl_csp,NoVisuals,MovingVideo,60,16,7,0.4375,0.421875
01,gazectrl_csp,NoVisuals,NoVisuals,1,1192,719,0.6031879194630873,0.685487140218909
01,gazectrl_csp,NoVisuals,NoVisuals,2,596,375,0.6291946308724832,0.751655330840953
01,gazectrl_csp,NoVisuals,NoVisuals,5,236,146,0.6186440677966102,0.7951738006320023
01,gazectrl_csp,NoVisuals,NoVisuals,10,116,70,0.603448275862069,0.8418549346016647
01,gazectrl_csp,NoVisuals,NoVisuals,30,36,23,0.6388888888888888,0.9629629629629629
01,gazectrl_csp,NoVisuals,NoVisuals,60,16,11,0.6875,1.0
01,gazectrl_ts,FixedVideo,FixedVideo,1,1192,515,0.4320469798657718,0.40760551326516825
01,gazectrl_ts,FixedVideo,FixedVideo,2,596,250,0.41946308724832215,0.38288815819107247
01,gazectrl_ts,FixedVideo,FixedVideo,5,236,86,0.3644067796610169,0.3178684286124677
01,gazectrl_ts,FixedVideo,FixedVideo,10,116,34,0.29310344827586204,0.2764565992865636
01,gazectrl_ts,FixedVideo,FixedVideo,30,36,11,0.3055555555555556,0.2037037037037037
01,gazectrl_ts,FixedVideo,FixedVideo,60,16,3,0.1875,0.21875
01,gazectrl_ts,FixedVideo,MovingVideo,1,1192,626,0.5251677852348994,0.535102585469123
01,gazectrl_ts,FixedVideo,MovingVideo,2,596,321,0.5385906040268457,0.5379712625557407
01,gazectrl_ts,FixedVideo,MovingVideo,5,236,128,0.5423728813559322,0.5765584602125826
01,gazectrl_ts,FixedVideo,MovingVideo,10,116,72,0.6206896551724138,0.6236623067776457
01,gazectrl_ts,FixedVideo,MovingVideo,30,36,19,0.5277777777777778,0.6419753086419753
01,gazectrl_ts,FixedVideo,MovingVideo,60,16,11,0.6875,0.75
01,gazectrl_ts,FixedVideo,NoVisuals,1,1192,637,0.5343959731543624,0.55239910364398
01,gazectrl_ts,FixedVideo,NoVisuals,2,596,311,0.5218120805369127,0.5581730552677807
01,gazectrl_ts,FixedVideo,NoVisuals,5,236,130,0.5508474576271186,0.5803648376903189
01,gazectrl_ts,FixedVideo,NoVisuals,10,116,61,0.5258620689655172,0.5969084423305588
01,gazectrl_ts,FixedVideo,NoVisuals,30,36,21,0.5833333333333334,0.6728395061728395
01,gazectrl_ts,FixedVideo,NoVisuals,60,16,11,0.6875,0.703125
01,gazectrl_ts,MovingVideo,FixedVideo,1,1192,633,0.5310402684563759,0.5481650601324265
01,gazectrl_ts,MovingVideo,FixedVideo,2,596,311,0.5218120805369127,0.5500653123733166
01,gazectrl_ts,MovingVideo,FixedVideo,5,236,128,0.5423728813559322,0.5871875897730537
01,gazectrl_ts,MovingVideo,FixedVideo,10,116,66,0.5689655172413793,0.6087990487514863
01,gazectrl_ts,MovingVideo,FixedVideo,30,36,24,0.6666666666666666,0.6450617283950617
01,gazectrl_ts,MovingVideo,FixedVideo,60,16,13,0.8125,0.796875
01,gazectrl_ts,MovingVideo,MovingVideo,1,1192,605,0.5075503355704698,0.5053939011756228
01,gazectrl_ts,MovingVideo,MovingVideo,2,596,319,0.535234899328859,0.5208549164452052
01,gazectrl_ts,MovingVideo,MovingVideo,5,236,119,0.5042372881355932,0.5244182706118932
01,gazectrl_ts,MovingVideo,MovingVideo,10,116,62,0.5344827586206896,0.5219976218787158
01,gazectrl_ts,MovingVideo,MovingVideo,30,36,17,0.4722222222222222,0.5617283950617284
01,gazectrl_ts,MovingVideo,MovingVideo,60,16,10,0.625,0.625
01,gazectrl_ts,MovingVideo,NoVisuals,1,1192,570,0.47818791946308725,0.45103542633214716
01,gazectrl_ts,MovingVideo,NoVisuals,2,596,267,0.44798657718120805,0.3997342462051259
01,gazectrl_ts,MovingVideo,NoVisuals,5,236,92,0.3898305084745763,0.3606004021832807
01,gazectrl_ts,MovingVideo,NoVisuals,10,116,43,0.3706896551724138,0.31153388822829964
01,gazectrl_ts,MovingVideo,NoVisuals,30,36,9,0.25,0.24074074074074073
01,gazectrl_ts,MovingVideo,NoVisuals,60,16,4,0.25,0.234375
01,gazectrl_ts,NoVisuals,FixedVideo,1,1192,639,0.5360738255033557,0.5543641052204855
01,gazectrl_ts,NoVisuals,FixedVideo,2,596,306,0.5134228187919463,0.5449641908022161
01,gazectrl_ts,NoVisuals,FixedVideo,5,236,122,0.5169491525423728,0.5581011203677103
01,gazectrl_ts,NoVisuals,FixedVideo,10,116,60,0.5172413793103449,0.5639120095124851
01,gazectrl_ts,NoVisuals,FixedVideo,30,36,21,0.5833333333333334,0.5740740740740741
01,gazectrl_ts,NoVisuals,FixedVideo,60,16,7,0.4375,0.609375
01,gazectrl_ts,NoVisuals,MovingVideo,1,1192,560,0.4697986577181208,0.4548331156254223
01,gazectrl_ts,NoVisuals,MovingVideo,2,596,274,0.4597315436241611,0.4360839601819738
01,gazectrl_ts,NoVisuals,MovingVideo,5,236,100,0.423728813559322,0.40455328928468826
01,gazectrl_ts,NoVisuals,MovingVideo,10,116,50,0.43103448275862066,0.4001189060642093
01,gazectrl_ts,NoVisuals,MovingVideo,30,36,16,0.4444444444444444,0.3117283950617284
01,gazectrl_ts,NoVisuals,MovingVideo,60,16,7,0.4375,0.34375
01,gazectrl_ts,NoVisuals,NoVisuals,1,1192,688,0.5771812080536913,0.6244369622989956
01,gazectrl_ts,NoVisuals,NoVisuals,2,596,342,0.5738255033557047,0.6329219404531328
01,gazectrl_ts,NoVisuals,NoVisuals,5,236,150,0.635593220338983,0.7256535478310828
01,gazectrl_ts,NoVisuals,NoVisuals,10,116,72,0.6206896551724138,0.7966706302021402
01,gazectrl_ts,NoVisuals,NoVisuals,30,36,25,0.6944444444444444,0.9382716049382716
01,gazectrl_ts,NoVisuals,NoVisuals,60,16,10,0.625,1.0
03,eeg_alpha_ts,FixedVideo,FixedVideo,1,1192,512,0.42953020134228187,0.3987996036214585
03,eeg_alpha_ts,FixedVideo,FixedVideo,2,596,258,0.43288590604026844,0.3919418044232242
03,eeg_alpha_ts,FixedVideo,FixedVideo,5,236,100,0.423728813559322,0.32821028440103417
03,eeg_alpha_ts,FixedVideo,FixedVideo,10,116,51,0.4396551724137931,0.2794292508917955
03,eeg_alpha_ts,FixedVideo,FixedVideo,30,36,16,0.4444444444444444,0.19135802469135804
03,eeg_alpha_ts,FixedVideo,FixedVideo,60,16,7,0.4375,0.15625
03,eeg_alpha_ts,FixedVideo,MovingVideo,1,1192,594,0.4983221476510067,0.5052306202423313
03,eeg_alpha_ts,FixedVideo,MovingVideo,2,596,301,0.5050335570469798,0.5091775145263727
03,eeg_alpha_ts,FixedVideo,MovingVideo,5,236,126,0.5338983050847458,0.5553720195346166
03,eeg_alpha_ts,FixedVideo,MovingVideo,10,116,63,0.5431034482758621,0.5879904875148633
03,eeg_alpha_ts,FixedVideo,MovingVideo,30,36,20,0.5555555555555556,0.5833333333333333
03,eeg_alpha_ts,FixedVideo,MovingVideo,60,16,7,0.4375,0.5625
03,eeg_alpha_ts,FixedVideo,NoVisuals,1,1192,556,0.4664429530201342,0.4666850592315661
03,eeg_alpha_ts,FixedVideo,NoVisuals,2,596,280,0.4697986577181208,0.46433719201837753
03,eeg_alpha_ts,FixedVideo,NoVisuals,5,236,116,0.4915254237288136,0.46344441252513646
03,eeg_alpha_ts,FixedVideo,NoVisuals,10,116,52,0.4482758620689655,0.44530321046373367
03,eeg_alpha_ts,FixedVideo,NoVisuals,30,36,15,0.4166666666666667,0.4228395061728395
03,eeg_alpha_ts,FixedVideo,NoVisuals,60,16,7,0.4375,0.359375
03,eeg_alpha_ts,MovingVideo,FixedVideo,1,1192,609,0.5109060402684564,0.5133355479482906
03,eeg_alpha_ts,MovingVideo,FixedVideo,2,596,301,0.5050335570469798,0.5119589207693347
03,eeg_alpha_ts,MovingVideo,FixedVideo,5,236,123,0.5211864406779662,0.54503016374605
03,eeg_alpha_ts,MovingVideo,FixedVideo,10,116,64,0.5517241379310345,0.5618311533888228
03,eeg_alpha_ts,MovingVideo,FixedVideo,30,36,20,0.5555555555555556,0.5740740740740742
03,eeg_alpha_ts,MovingVideo,FixedVideo,60,16,7,0.4375,0.609375
03,eeg_alpha_ts,MovingVideo,MovingVideo,1,1192,513,0.4303691275167785,0.3910972478717175
03,eeg_alpha_ts,MovingVideo,MovingVideo,2,596,238,0.39932885906040266,0.3487680735102022
03,eeg_alpha_ts,MovingVideo,MovingVideo,5,236,88,0.3728813559322034,0.26860097673082445
03,eeg_alpha_ts,MovingVideo,MovingVideo,10,116,40,0.3448275862068966,0.2033293697978597
03,eeg_alpha_ts,MovingVideo,MovingVideo,30,36,14,0.3888888888888889,0.06790123456790123
03,eeg_alpha_ts,MovingVideo,MovingVideo,60,16,6,0.375,0.0
03,eeg_alpha_ts,MovingVideo,NoVisuals,1,1192,544,0.4563758389261745,0.4524739876582136
03,eeg_alpha_ts,MovingVideo,NoVisuals,2,596,267,0.44798657718120805,0.44580199090131073
03,eeg_alpha_ts,MovingVideo,NoVisuals,5,236,104,0.4406779661016949,0.39787417408790576
03,eeg_alpha_ts,MovingVideo,NoVisuals,10,116,49,0.4224137931034483,0.3617717003567182
03,eeg_alpha_ts,MovingVideo,NoVisuals,30,36,11,0.3055555555555556,0.2623456790123457
03,eeg_alpha_ts,MovingVideo,NoVisuals,60,16,5,0.3125,0.203125
03,eeg_alpha_ts,NoVisuals,FixedVideo,1,1192,596,0.5,0.48282735011936406
03,eeg_alpha_ts,NoVisuals,FixedVideo,2,596,300,0.5033557046979866,0.48923471915679473
03,eeg_alpha_ts,NoVisuals,FixedVideo,5,236,119,0.5042372881355932,0.4822608445848894
03,eeg_alpha_ts,NoVisuals,FixedVideo,10,116,52,0.4482758620689655,0.46670630202140306
03,eeg_alpha_ts,NoVisuals,FixedVideo,30,36,16,0.4444444444444444,0.45061728395061734
03,eeg_alpha_ts,NoVisuals,FixedVideo,60,16,7,0.4375,0.40625
03,eeg_alpha_ts,NoVisuals,MovingVideo,1,1192,566,0.4748322147651007,0.46877392910229265
03,eeg_alpha_ts,NoVisuals,MovingVideo,2,596,292,0.4899328859060403,0.47250123868294225
03,eeg_alpha_ts,NoVisuals,MovingVideo,5,236,105,0.4449152542372881,0.4316288422866992
03,eeg_alpha_ts,NoVisuals,MovingVideo,10,116,47,0.4051724137931034,0.4173602853745541
03,eeg_alpha_ts,NoVisuals,MovingVideo,30,36,14,0.3888888888888889,0.39814814814814814
03,eeg_alpha_ts,NoVisuals,MovingVideo,60,16,6,0.375,0.359375
03,eeg_alpha_ts,NoVisuals,NoVisuals,1,1192,499,0.4186241610738255,0.3620332417458673
03,eeg_alpha_ts,NoVisuals,NoVisuals,2,596,245,0.4110738255033557,0.3143326877167695
03,eeg_alpha_ts,NoVisuals,NoVisuals,5,236,97,0.4110169491525424,0.23872450445274349
03,eeg_alpha_ts,NoVisuals,NoVisuals,10,116,48,0.41379310344827586,0.18846611177170036
03,eeg_alpha_ts,NoVisuals,NoVisuals,30,36,16,0.4444444444444444,0.09259259259259259
03,eeg_alpha_ts,NoVisuals,NoVisuals,60,16,6,0.375,0.0625
03,eeg_csp,FixedVideo,FixedVideo,1,1192,476,0.39932885906040266,0.28222827800549527
03,eeg_csp,FixedVideo,FixedVideo,2,596,235,0.39429530201342283,0.33095356065042114
03,eeg_csp,FixedVideo,FixedVideo,5,236,111,0.4703389830508475,0.36311404768744604
03,eeg_csp,FixedVideo,FixedVideo,10,116,56,0.4827586206896552,0.32520808561236625
03,eeg_csp,FixedVideo,FixedVideo,30,36,18,0.5,0.25308641975308643
03,eeg_csp,FixedVideo,FixedVideo,60,16,8,0.5,0.1875
03,eeg_csp,FixedVideo,MovingVideo,1,1192,506,0.42449664429530204,0.5126852394036304
03,eeg_csp,FixedVideo,MovingVideo,2,596,252,0.4228187919463087,0.5116323589027522
03,eeg_csp,FixedVideo,MovingVideo,5,236,91,0.3855932203389831,0.5232691755242747
03,eeg_csp,FixedVideo,MovingVideo,10,116,46,0.39655172413793105,0.5347800237812128
03,eeg_csp,FixedVideo,MovingVideo,30,36,13,0.3611111111111111,0.5339506172839507
03,eeg_csp,FixedVideo,MovingVideo,60,16,5,0.3125,0.5
03,eeg_csp,FixedVideo,NoVisuals,1,1192,578,0.4848993288590604,0.4547880726093419
03,eeg_csp,FixedVideo,NoVisuals,2,596,279,0.46812080536912754,0.4471645421377416
03,eeg_csp,FixedVideo,NoVisuals,5,236,103,0.4364406779661017,0.41331513932777936
03,eeg_csp,FixedVideo,NoVisuals,10,116,54,0.46551724137931033,0.40963139120095127
03,eeg_csp,FixedVideo,NoVisuals,30,36,17,0.4722222222222222,0.4012345679012346
03,eeg_csp,FixedVideo,NoVisuals,60,16,8,0.5,0.359375
03,eeg_csp,MovingVideo,FixedVideo,1,1192,592,0.4966442953020134,0.4300819782892662
03,eeg_csp,MovingVideo,FixedVideo,2,596,284,0.47651006711409394,0.41297689293275075
03,eeg_csp,MovingVideo,FixedVideo,5,236,111,0.4703389830508475,0.3884659580580293
03,eeg_csp,MovingVideo,FixedVideo,10,116,52,0.4482758620689655,0.3819857312722949
03,eeg_csp,MovingVideo,FixedVideo,30,36,13,0.3611111111111111,0.32716049382716045
03,eeg_csp,MovingVideo,FixedVideo,60,16,5,0.3125,0.34375
03,eeg_csp,MovingVideo,MovingVideo,1,1192,587,0.4924496644295302,0.0954911940903563
03,eeg_csp,MovingVideo,MovingVideo,2,596,296,0.4966442953020134,0.07853249853610197
03,eeg_csp,MovingVideo,MovingVideo,5,236,118,0.5,0.0675093363975869
03,eeg_csp,MovingVideo,MovingVideo,10,116,58,0.5,0.05112960760998811
03,eeg_csp,MovingVideo,MovingVideo,30,36,18,0.5,0.04320987654320988
03,eeg_csp,MovingVideo,MovingVideo,60,16,8,0.5,0.0
03,eeg_csp,MovingVideo,NoVisuals,1,1192,621,0.5209731543624161,0.5354741903517859
03,eeg_csp,MovingVideo,NoVisuals,2,596,313,0.5251677852348994,0.5414733570559885
03,eeg_csp,MovingVideo,NoVisuals,5,236,124,0.5254237288135594,0.5693047974719909
03,eeg_csp,MovingVideo,NoVisuals,10,116,59,0.5086206896551724,0.5651010701545779
03,eeg_csp,MovingVideo,NoVisuals,30,36,18,0.5,0.537037037037037
03,eeg_csp,MovingVideo,NoVisuals,60,16,8,0.5,0.5625
03,eeg_csp,NoVisuals,FixedVideo,1,1192,597,0.5008389261744967,0.5200328814017386
03,eeg_csp,NoVisuals,FixedVideo,2,596,240,0.40268456375838924,0.43299851358046926
03,eeg_csp,NoVisuals,FixedVideo,5,236,119,0.5042372881355932,0.49497270899166906
03,eeg_csp,NoVisuals,FixedVideo,10,116,58,0.5,0.4845422116527942
03,eeg_csp,NoVisuals,FixedVideo,30,36,17,0.4722222222222222,0.48456790123456794
03,eeg_csp,NoVisuals,FixedVideo,60,16,7,0.4375,0.5
03,eeg_csp,NoVisuals,MovingVideo,1,1192,615,0.5159395973154363,0.48042317913607496
03,eeg_csp,NoVisuals,MovingVideo,2,596,295,0.4949664429530201,0.4138552317463177
03,eeg_csp,NoVisuals,MovingVideo,5,236,127,0.538135593220339,0.5120654984199943
03,eeg_csp,NoVisuals,MovingVideo,10,116,65,0.5603448275862069,0.522294887039239
03,eeg_csp,NoVisuals,MovingVideo,30,36,21,0.5833333333333334,0.5246913580246914
03,eeg_csp,NoVisuals,MovingVideo,60,16,9,0.5625,0.578125
03,eeg_csp,NoVisuals,NoVisuals,1,1192,277,0.23238255033557048,0.04500923381829648
03,eeg_csp,NoVisuals,NoVisuals,2,596,132,0.2214765100671141,0.03833160668438358
03,eeg_csp,NoVisuals,NoVisuals,5,236,42,0.17796610169491525,0.034185578856650384
03,eeg_csp,NoVisuals,NoVisuals,10,116,20,0.1724137931034483,0.025564803804994055
03,eeg_csp,NoVisuals,NoVisuals,30,36,6,0.16666666666666666,0.012345679012345684
03,eeg_csp,NoVisuals,NoVisuals,60,16,3,0.1875,0.0
03,eeg_eogreg_ts,FixedVideo,FixedVideo,1,1192,471,0.3951342281879195,0.3469888743750281
03,eeg_eogreg_ts,FixedVideo,FixedVideo,2,596,235,0.39429530201342283,0.27748750056303767
03,eeg_eogreg_ts,FixedVideo,FixedVideo,5,236,93,0.3940677966101695,0.2575409365124964
03,eeg_eogreg_ts,FixedVideo,FixedVideo,10,116,48,0.41379310344827586,0.22948870392390014
03,eeg_eogreg_ts,FixedVideo,FixedVideo,30,36,14,0.3888888888888889,0.15432098765432098
03,eeg_eogreg_ts,FixedVideo,FixedVideo,60,16,6,0.375,0.09375
03,eeg_eogreg_ts,FixedVideo,MovingVideo,1,1192,466,0.39093959731543626,0.5197485473627315
03,eeg_eogreg_ts,FixedVideo,MovingVideo,2,596,220,0.3691275167785235,0.5114296653303906
03,eeg_eogreg_ts,FixedVideo,MovingVideo,5,236,78,0.3305084745762712,0.5012209135305946
03,eeg_eogreg_ts,FixedVideo,MovingVideo,10,116,35,0.3017241379310345,0.49227110582639716
03,eeg_eogreg_ts,FixedVideo,MovingVideo,30,36,10,0.2777777777777778,0.5
03,eeg_eogreg_ts,FixedVideo,MovingVideo,60,16,4,0.25,0.5
03,eeg_eogreg_ts,FixedVideo,NoVisuals,1,1192,542,0.4546979865771812,0.3831950137381199
03,eeg_eogreg_ts,FixedVideo,NoVisuals,2,596,259,0.43456375838926176,0.3720890950858069
03,eeg_eogreg_ts,FixedVideo,NoVisuals,5,236,94,0.3983050847457627,0.35025854639471415
03,eeg_eogreg_ts,FixedVideo,NoVisuals,10,116,48,0.41379310344827586,0.34036860879904873
03,eeg_eogreg_ts,FixedVideo,NoVisuals,30,36,16,0.4444444444444444,0.3395061728395062
03,eeg_eogreg_ts,FixedVideo,NoVisuals,60,16,6,0.375,0.296875
03,eeg_eogreg_ts,MovingVideo,FixedVideo,1,1192,557,0.4672818791946309,0.4533973694878609
03,eeg_eogreg_ts,MovingVideo,FixedVideo,2,596,286,0.4798657718120805,0.46180352236385747
03,eeg_eogreg_ts,MovingVideo,FixedVideo,5,236,116,0.4915254237288136,0.44182706118931336
03,eeg_eogreg_ts,MovingVideo,FixedVideo,10,116,57,0.49137931034482757,0.44530321046373367
03,eeg_eogreg_ts,MovingVideo,FixedVideo,30,36,17,0.4722222222222222,0.47530864197530864
03,eeg_eogreg_ts,MovingVideo,FixedVideo,60,16,8,0.5,0.546875
03,eeg_eogreg_ts,MovingVideo,MovingVideo,1,1192,496,0.4161073825503356,0.061827169947299684
03,eeg_eogreg_ts,MovingVideo,MovingVideo,2,596,255,0.4278523489932886,0.04425476329895049
03,eeg_eogreg_ts,MovingVideo,MovingVideo,5,236,98,0.4152542372881356,0.03289284688307957
03,eeg_eogreg_ts,MovingVideo,MovingVideo,10,116,46,0.39655172413793105,0.019024970273483943
03,eeg_eogreg_ts,MovingVideo,MovingVideo,30,36,14,0.3888888888888889,0.006172839506172842
03,eeg_eogreg_ts,MovingVideo,MovingVideo,60,16,7,0.4375,0.0
03,eeg_eogreg_ts,MovingVideo,NoVisuals,1,1192,561,0.47063758389261745,0.47087405972703933
03,eeg_eogreg_ts,MovingVideo,NoVisuals,2,596,276,0.46308724832214765,0.47721949461735963
03,eeg_eogreg_ts,MovingVideo,NoVisuals,5,236,98,0.4152542372881356,0.48563631140476876
03,eeg_eogreg_ts,MovingVideo,NoVisuals,10,116,44,0.3793103448275862,0.4997027348394768
03,eeg_eogreg_ts,MovingVideo,NoVisuals,30,36,14,0.3888888888888889,0.4907407407407407
03,eeg_eogreg_ts,MovingVideo,NoVisuals,60,16,6,0.375,0.5
03,eeg_eogreg_ts,NoVisuals,FixedVideo,1,1192,443,0.3716442953020134,0.27837428494211974
03,eeg_eogreg_ts,NoVisuals,FixedVideo,2,596,212,0.35570469798657717,0.27306202423314263
03,eeg_eogreg_ts,NoVisuals,FixedVideo,5,236,91,0.3855932203389831,0.28569376615914965
03,eeg_eogreg_ts,NoVisuals,FixedVideo,10,116,48,0.41379310344827586,0.2666468489892984
03,eeg_eogreg_ts,NoVisuals,FixedVideo,30,36,15,0.4166666666666667,0.27469135802469136
03,eeg_eogreg_ts,NoVisuals,FixedVideo,60,16,6,0.375,0.296875
03,eeg_eogreg_ts,NoVisuals,MovingVideo,1,1192,621,0.5209731543624161,0.43792790865276343
03,eeg_eogreg_ts,NoVisuals,MovingVideo,2,596,306,0.5134228187919463,0.43829106796991124
03,eeg_eogreg_ts,NoVisuals,MovingVideo,5,236,119,0.5042372881355932,0.4202097098534903
03,eeg_eogreg_ts,NoVisuals,MovingVideo,10,116,62,0.5344827586206896,0.4146848989298454
03,eeg_eogreg_ts,NoVisuals,MovingVideo,30,36,20,0.5555555555555556,0.3950617283950617
03,eeg_eogreg_ts,NoVisuals,MovingVideo,60,16,8,0.5,0.390625
03,eeg_eogreg_ts,NoVisuals,NoVisuals,1,1192,250,0.20973154362416108,0.031991802171073384
03,eeg_eogreg_ts,NoVisuals,NoVisuals,2,596,120,0.20134228187919462,0.024818701860276564
03,eeg_eogreg_ts,NoVisuals,NoVisuals,5,236,48,0.2033898305084746,0.01924734271760988
03,eeg_eogreg_ts,NoVisuals,NoVisuals,10,116,22,0.1896551724137931,0.013674197384066587
03,eeg_eogreg_ts,NoVisuals,NoVisuals,30,36,8,0.2222222222222222,0.006172839506172842
03,eeg_eogreg_ts,NoVisuals,NoVisuals,60,16,4,0.25,0.0
03,eeg_post_ts,FixedVideo,FixedVideo,1,1192,609,0.5109060402684564,0.5271778298274853
03,eeg_post_ts,FixedVideo,FixedVideo,2,596,308,0.5167785234899329,0.5361920634205666
03,eeg_post_ts,FixedVideo,FixedVideo,5,236,120,0.5084745762711864,0.5567365699511635
03,eeg_post_ts,FixedVideo,FixedVideo,10,116,60,0.5172413793103449,0.5612366230677764
03,eeg_post_ts,FixedVideo,FixedVideo,30,36,19,0.5277777777777778,0.5987654320987654
03,eeg_post_ts,FixedVideo,FixedVideo,60,16,8,0.5,0.59375
03,eeg_post_ts,FixedVideo,MovingVideo,1,1192,604,0.5067114093959731,0.5226566370884194
03,eeg_post_ts,FixedVideo,MovingVideo,2,596,292,0.4899328859060403,0.5080964821404441
03,eeg_post_ts,FixedVideo,MovingVideo,5,236,117,0.4957627118644068,0.4923872450445274
03,eeg_post_ts,FixedVideo,MovingVideo,10,116,54,0.46551724137931033,0.48602853745541025
03,eeg_post_ts,FixedVideo,MovingVideo,30,36,15,0.4166666666666667,0.4567901234567901
03,eeg_post_ts,FixedVideo,MovingVideo,60,16,7,0.4375,0.421875
03,eeg_post_ts,FixedVideo,NoVisuals,1,1192,506,0.42449664429530204,0.39075942525111484
03,eeg_post_ts,FixedVideo,NoVisuals,2,596,245,0.4110738255033557,0.383462456646097
03,eeg_post_ts,FixedVideo,NoVisuals,5,236,92,0.3898305084745763,0.3720195346164895
03,eeg_post_ts,FixedVideo,NoVisuals,10,116,46,0.39655172413793105,0.34066587395957193
03,eeg_post_ts,FixedVideo,NoVisuals,30,36,13,0.3611111111111111,0.34259259259259256
03,eeg_post_ts,FixedVideo,NoVisuals,60,16,5,0.3125,0.328125
03,eeg_post_ts,MovingVideo,FixedVideo,1,1192,580,0.4865771812080537,0.48146198369442816
03,eeg_post_ts,MovingVideo,FixedVideo,2,596,263,0.4412751677852349,0.45780595468672586
03,eeg_post_ts,MovingVideo,FixedVideo,5,236,102,0.4322033898305085,0.3904050560183855
03,eeg_post_ts,MovingVideo,FixedVideo,10,116,52,0.4482758620689655,0.37425683709869206
03,eeg_post_ts,MovingVideo,FixedVideo,30,36,13,0.3611111111111111,0.25617283950617287
03,eeg_post_ts,MovingVideo,FixedVideo,60,16,7,0.4375,0.203125
03,eeg_post_ts,MovingVideo,MovingVideo,1,1192,577,0.48406040268456374,0.43159091932795823
03,eeg_post_ts,MovingVideo,MovingVideo,2,596,274,0.4597315436241611,0.4045538489257241
03,eeg_post_ts,MovingVideo,MovingVideo,5,236,106,0.4491525423728814,0.3307957483481758
03,eeg_post_ts,MovingVideo,MovingVideo,10,116,57,0.49137931034482757,0.23959571938168847
03,eeg_post_ts,MovingVideo,MovingVideo,30,36,18,0.5,0.1111111111111111
03,eeg_post_ts,MovingVideo,MovingVideo,60,16,8,0.5,0.03125
03,eeg_post_ts,MovingVideo,NoVisuals,1,1192,532,0.4463087248322148,0.40663990360794555
03,eeg_post_ts,MovingVideo,NoVisuals,2,596,255,0.4278523489932886,0.40432863384532236
03,eeg_post_ts,MovingVideo,NoVisuals,5,236,101,0.4279661016949153,0.4036914679689744
03,eeg_post_ts,MovingVideo,NoVisuals,10,116,52,0.4482758620689655,0.39625445897740785
03,eeg_post_ts,MovingVideo,NoVisuals,30,36,17,0.4722222222222222,0.37037037037037035
03,eeg_post_ts,MovingVideo,NoVisuals,60,16,7,0.4375,0.390625
03,eeg_post_ts,NoVisuals,FixedVideo,1,1192,578,0.4848993288590604,0.4522994459709022
03,eeg_post_ts,NoVisuals,FixedVideo,2,596,286,0.4798657718120805,0.44254763298950495
03,eeg_post_ts,NoVisuals,FixedVideo,5,236,110,0.4661016949152542,0.438882505027291
03,eeg_post_ts,NoVisuals,FixedVideo,10,116,54,0.46551724137931033,0.41409036860879905
03,eeg_post_ts,NoVisuals,FixedVideo,30,36,18,0.5,0.4104938271604938
03,eeg_post_ts,NoVisuals,FixedVideo,60,16,8,0.5,0.296875
03,eeg_post_ts,NoVisuals,MovingVideo,1,1192,586,0.49161073825503354,0.4408641502635017
03,eeg_post_ts,NoVisuals,MovingVideo,2,596,294,0.49328859060402686,0.4238998243322373
03,eeg_post_ts,NoVisuals,MovingVideo,5,236,110,0.4661016949152542,0.4072823901177822
03,eeg_post_ts,NoVisuals,MovingVideo,10,116,59,0.5086206896551724,0.37187871581450654
03,eeg_post_ts,NoVisuals,MovingVideo,30,36,18,0.5,0.3055555555555556
03,eeg_post_ts,NoVisuals,MovingVideo,60,16,8,0.5,0.265625
03,eeg_post_ts,NoVisuals,NoVisuals,1,1192,543,0.45553691275167785,0.3818521688212243
03,eeg_post_ts,NoVisuals,NoVisuals,2,596,260,0.436241610738255,0.33602089995946127
03,eeg_post_ts,NoVisuals,NoVisuals,5,236,108,0.4576271186440678,0.3287848319448434
03,eeg_post_ts,NoVisuals,NoVisuals,10,116,55,0.47413793103448276,0.2740784780023781
03,eeg_post_ts,NoVisuals,NoVisuals,30,36,18,0.5,0.08641975308641978
03,eeg_post_ts,NoVisuals,NoVisuals,60,16,8,0.5,0.0
03,eeg_ts,FixedVideo,FixedVideo,1,1192,519,0.4354026845637584,0.4499121661186433
03,eeg_ts,FixedVideo,FixedVideo,2,596,256,0.42953020134228187,0.42525111481464795
03,eeg_ts,FixedVideo,FixedVideo,5,236,110,0.4661016949152542,0.4153978741740879
03,eeg_ts,FixedVideo,FixedVideo,10,116,53,0.45689655172413796,0.39655172413793105
03,eeg_ts,FixedVideo,FixedVideo,30,36,16,0.4444444444444444,0.3765432098765432
03,eeg_ts,FixedVideo,FixedVideo,60,16,7,0.4375,0.3125
03,eeg_ts,FixedVideo,MovingVideo,1,1192,478,0.401006711409396,0.5091634385838476
03,eeg_ts,FixedVideo,MovingVideo,2,596,230,0.3859060402684564,0.5027701454889419
03,eeg_ts,FixedVideo,MovingVideo,5,236,96,0.4067796610169492,0.488509049123815
03,eeg_ts,FixedVideo,MovingVideo,10,116,46,0.39655172413793105,0.49732461355529134
03,eeg_ts,FixedVideo,MovingVideo,30,36,13,0.3611111111111111,0.5
03,eeg_ts,FixedVideo,MovingVideo,60,16,5,0.3125,0.5
03,eeg_ts,FixedVideo,NoVisuals,1,1192,514,0.4312080536912752,0.3992303274627269
03,eeg_ts,FixedVideo,NoVisuals,2,596,253,0.42449664429530204,0.3946218638800054
03,eeg_ts,FixedVideo,NoVisuals,5,236,97,0.4110169491525424,0.39485779948290717
03,eeg_ts,FixedVideo,NoVisuals,10,116,50,0.43103448275862066,0.39595719381688466
03,eeg_ts,FixedVideo,NoVisuals,30,36,17,0.4722222222222222,0.38580246913580246
03,eeg_ts,FixedVideo,NoVisuals,60,16,8,0.5,0.40625
03,eeg_ts,MovingVideo,FixedVideo,1,1192,516,0.43288590604026844,0.41439011756227195
03,eeg_ts,MovingVideo,FixedVideo,2,596,269,0.4513422818791946,0.43100536011891355
03,eeg_ts,MovingVideo,FixedVideo,5,236,114,0.4830508474576271,0.42990519965527146
03,eeg_ts,MovingVideo,FixedVideo,10,116,57,0.49137931034482757,0.42181926278240195
03,eeg_ts,MovingVideo,FixedVideo,30,36,17,0.4722222222222222,0.41975308641975306
03,eeg_ts,MovingVideo,FixedVideo,60,16,9,0.5625,0.421875
03,eeg_ts,MovingVideo,MovingVideo,1,1192,506,0.42449664429530204,0.08329579748659971
03,eeg_ts,MovingVideo,MovingVideo,2,596,257,0.4312080536912752,0.05817305526778073
03,eeg_ts,MovingVideo,MovingVideo,5,236,100,0.423728813559322,0.060758402757828206
03,eeg_ts,MovingVideo,MovingVideo,10,116,51,0.4396551724137931,0.03983353151010702
03,eeg_ts,MovingVideo,MovingVideo,30,36,17,0.4722222222222222,0.030864197530864196
03,eeg_ts,MovingVideo,MovingVideo,60,16,8,0.5,0.0
03,eeg_ts,MovingVideo,NoVisuals,1,1192,589,0.4941275167785235,0.49565053375974055
03,eeg_ts,MovingVideo,NoVisuals,2,596,287,0.4815436241610738,0.4956758704562857
03,eeg_ts,MovingVideo,NoVisuals,5,236,112,0.4745762711864407,0.49655271473714446
03,eeg_ts,MovingVideo,NoVisuals,10,116,54,0.46551724137931033,0.5002972651605232
03,eeg_ts,MovingVideo,NoVisuals,30,36,14,0.3888888888888889,0.49074074074074076
03,eeg_ts,MovingVideo,NoVisuals,60,16,5,0.3125,0.484375
03,eeg_ts,NoVisuals,FixedVideo,1,1192,471,0.3951342281879195,0.3306157380298185
03,eeg_ts,NoVisuals,FixedVideo,2,596,220,0.3691275167785235,0.32747398765821356
03,eeg_ts,NoVisuals,FixedVideo,5,236,100,0.423728813559322,0.3314421143349612
03,eeg_ts,NoVisuals,FixedVideo,10,116,45,0.3879310344827586,0.30737217598097505
03,eeg_ts,NoVisuals,FixedVideo,30,36,13,0.3611111111111111,0.29012345679012347
03,eeg_ts,NoVisuals,FixedVideo,60,16,8,0.5,0.28125
03,eeg_ts,NoVisuals,MovingVideo,1,1192,606,0.5083892617449665,0.4582169722084591
03,eeg_ts,NoVisuals,MovingVideo,2,596,310,0.5201342281879194,0.4546079005450204
03,eeg_ts,NoVisuals,MovingVideo,5,236,125,0.5296610169491526,0.4420425165182419
03,eeg_ts,NoVisuals,MovingVideo,10,116,62,0.5344827586206896,0.44114149821640897
03,eeg_ts,NoVisuals,MovingVideo,30,36,20,0.5555555555555556,0.41666666666666663
03,eeg_ts,NoVisuals,MovingVideo,60,16,8,0.5,0.453125
03,eeg_ts,NoVisuals,NoVisuals,1,1192,245,0.20553691275167785,0.03319107247421288
03,eeg_ts,NoVisuals,NoVisuals,2,596,118,0.19798657718120805,0.02403044907887032
03,eeg_ts,NoVisuals,NoVisuals,5,236,55,0.2330508474576271,0.017810973858086755
03,eeg_ts,NoVisuals,NoVisuals,10,116,25,0.21551724137931033,0.011296076099881095
03,eeg_ts,NoVisuals,NoVisuals,30,36,8,0.2222222222222222,0.006172839506172842
03,eeg_ts,NoVisuals,NoVisuals,60,16,3,0.1875,0.0
03,eog_ts,FixedVideo,FixedVideo,1,1192,645,0.5411073825503355,0.5636063690824737
03,eog_ts,FixedVideo,FixedVideo,2,596,390,0.6543624161073825,0.6982568352776902
03,eog_ts,FixedVideo,FixedVideo,5,236,178,0.7542372881355932,0.8503303648376903
03,eog_ts,FixedVideo,FixedVideo,10,116,91,0.7844827586206896,0.8888228299643282
03,eog_ts,FixedVideo,FixedVideo,30,36,28,0.7777777777777778,0.9691358024691358
03,eog_ts,FixedVideo,FixedVideo,60,16,12,0.75,1.0
03,eog_ts,FixedVideo,MovingVideo,1,1192,650,0.5453020134228188,0.5610952209359938
03,eog_ts,FixedVideo,MovingVideo,2,596,318,0.5335570469798657,0.5647943786315931
03,eog_ts,FixedVideo,MovingVideo,5,236,137,0.5805084745762712,0.5867566791151968
03,eog_ts,FixedVideo,MovingVideo,10,116,66,0.5689655172413793,0.5921521997621878
03,eog_ts,FixedVideo,MovingVideo,30,36,20,0.5555555555555556,0.6543209876543209
03,eog_ts,FixedVideo,MovingVideo,60,16,10,0.625,0.671875
03,eog_ts,FixedVideo,NoVisuals,1,1192,611,0.5125838926174496,0.5064805639385612
03,eog_ts,FixedVideo,NoVisuals,2,596,305,0.511744966442953,0.5225440295482185
03,eog_ts,FixedVideo,NoVisuals,5,236,123,0.5211864406779662,0.5129991381786843
03,eog_ts,FixedVideo,NoVisuals,10,116,60,0.5172413793103449,0.5377526753864447
03,eog_ts,FixedVideo,NoVisuals,30,36,17,0.4722222222222222,0.5555555555555555
03,eog_ts,FixedVideo,NoVisuals,60,16,9,0.5625,0.625
03,eog_ts,MovingVideo,FixedVideo,1,1192,781,0.6552013422818792,0.7091572451691365
03,eog_ts,MovingVideo,FixedVideo,2,596,408,0.6845637583892618,0.7468807711364354
03,eog_ts,MovingVideo,FixedVideo,5,236,171,0.7245762711864406,0.8040074691180695
03,eog_ts,MovingVideo,FixedVideo,10,116,88,0.7586206896551724,0.8376932223543401
03,eog_ts,MovingVideo,FixedVideo,30,36,29,0.8055555555555556,0.867283950617284
03,eog_ts,MovingVideo,FixedVideo,60,16,11,0.6875,0.953125
03,eog_ts,MovingVideo,MovingVideo,1,1192,556,0.4664429530201342,0.4416580334219179
03,eog_ts,MovingVideo,MovingVideo,2,596,289,0.4848993288590604,0.4473672357101032
03,eog_ts,MovingVideo,MovingVideo,5,236,111,0.4703389830508475,0.41080149382361386
03,eog_ts,MovingVideo,MovingVideo,10,116,57,0.49137931034482757,0.3745541022592152
03,eog_ts,MovingVideo,MovingVideo,30,36,17,0.4722222222222222,0.2654320987654321
03,eog_ts,MovingVideo,MovingVideo,60,16,7,0.4375,0.3125
03,eog_ts,MovingVideo,NoVisuals,1,1192,591,0.49580536912751677,0.47011677401918833
03,eog_ts,MovingVideo,NoVisuals,2,596,307,0.5151006711409396,0.4985698842394487
03,eog_ts,MovingVideo,NoVisuals,5,236,113,0.4788135593220339,0.5040936512496409
03,eog_ts,MovingVideo,NoVisuals,10,116,54,0.46551724137931033,0.49673008323424495
03,eog_ts,MovingVideo,NoVisuals,30,36,17,0.4722222222222222,0.558641975308642
03,eog_ts,MovingVideo,NoVisuals,60,16,8,0.5,0.515625
03,eog_ts,NoVisuals,FixedVideo,1,1192,593,0.4974832214765101,0.5094900004504301
03,eog_ts,NoVisuals,FixedVideo,2,596,320,0.5369127516778524,0.5845344804288095
03,eog_ts,NoVisuals,FixedVideo,5,236,125,0.5296610169491526,0.5807239299051997
03,eog_ts,NoVisuals,FixedVideo,10,116,64,0.5517241379310345,0.5888822829964329
03,eog_ts,NoVisuals,FixedVideo,30,36,18,0.5,0.6172839506172839
03,eog_ts,NoVisuals,FixedVideo,60,16,7,0.4375,0.578125
03,eog_ts,NoVisuals,MovingVideo,1,1192,585,0.49077181208053694,0.46958188820323404
03,eog_ts,NoVisuals,MovingVideo,2,596,314,0.5268456375838926,0.490901310751768
03,eog_ts,NoVisuals,MovingVideo,5,236,118,0.5,0.4954754380925022
03,eog_ts,NoVisuals,MovingVideo,10,116,62,0.5344827586206896,0.4913793103448276
03,eog_ts,NoVisuals,MovingVideo,30,36,19,0.5277777777777778,0.5246913580246914
03,eog_ts,NoVisuals,MovingVideo,60,16,8,0.5,0.515625
03,eog_ts,NoVisuals,NoVisuals,1,1192,548,0.4597315436241611,0.4130163055718211
03,eog_ts,NoVisuals,NoVisuals,2,596,278,0.4664429530201342,0.4260844106121346
03,eog_ts,NoVisuals,NoVisuals,5,236,115,0.4872881355932203,0.43751795461074405
03,eog_ts,NoVisuals,NoVisuals,10,116,55,0.47413793103448276,0.4131985731272295
03,eog_ts,NoVisuals,NoVisuals,30,36,17,0.4722222222222222,0.2654320987654321
03,eog_ts,NoVisuals,NoVisuals,60,16,8,0.5,0.25
03,gazectrl_csp,FixedVideo,FixedVideo,1,1192,634,0.5318791946308725,0.547092473312013
03,gazectrl_csp,FixedVideo,FixedVideo,2,596,320,0.5369127516778524,0.5617539750461691
03,gazectrl_csp,FixedVideo,FixedVideo,5,236,122,0.5169491525423728,0.5354783108302212
03,gazectrl_csp,FixedVideo,FixedVideo,10,116,58,0.5,0.5648038049940547
03,gazectrl_csp,FixedVideo,FixedVideo,30,36,19,0.5277777777777778,0.6172839506172839
03,gazectrl_csp,FixedVideo,FixedVideo,60,16,8,0.5,0.59375
03,gazectrl_csp,FixedVideo,MovingVideo,1,1192,586,0.49161073825503354,0.4917543128687897
03,gazectrl_csp,FixedVideo,MovingVideo,2,596,288,0.48322147651006714,0.4892009368947345
03,gazectrl_csp,FixedVideo,MovingVideo,5,236,104,0.4406779661016949,0.4421861534041942
03,gazectrl_csp,FixedVideo,MovingVideo,10,116,58,0.5,0.45481569560047563
03,gazectrl_csp,FixedVideo,MovingVideo,30,36,18,0.5,0.4104938271604938
03,gazectrl_csp,FixedVideo,MovingVideo,60,16,6,0.375,0.3125
03,gazectrl_csp,FixedVideo,NoVisuals,1,1192,590,0.4949664429530201,0.4832242916985722
03,gazectrl_csp,FixedVideo,NoVisuals,2,596,292,0.4899328859060403,0.46634160623395343
03,gazectrl_csp,FixedVideo,NoVisuals,5,236,109,0.461864406779661,0.4360815857512209
03,gazectrl_csp,FixedVideo,NoVisuals,10,116,51,0.4396551724137931,0.41082045184304405
03,gazectrl_csp,FixedVideo,NoVisuals,30,36,11,0.3055555555555556,0.3395061728395062
03,gazectrl_csp,FixedVideo,NoVisuals,60,16,5,0.3125,0.265625
03,gazectrl_csp,MovingVideo,FixedVideo,1,1192,565,0.473993288590604,0.4527217242466555
03,gazectrl_csp,MovingVideo,FixedVideo,2,596,280,0.4697986577181208,0.4567812260708977
03,gazectrl_csp,MovingVideo,FixedVideo,5,236,99,0.4194915254237288,0.43385521401896004
03,gazectrl_csp,MovingVideo,FixedVideo,10,116,51,0.4396551724137931,0.414090368608799
03,gazectrl_csp,MovingVideo,FixedVideo,30,36,11,0.3055555555555556,0.33641975308641975
03,gazectrl_csp,MovingVideo,FixedVideo,60,16,4,0.25,0.25
03,gazectrl_csp,MovingVideo,MovingVideo,1,1192,533,0.4471476510067114,0.4223965136705554
03,gazectrl_csp,MovingVideo,MovingVideo,2,596,257,0.4312080536912752,0.3961983694428179
03,gazectrl_csp,MovingVideo,MovingVideo,5,236,92,0.3898305084745763,0.33826486641769604
03,gazectrl_csp,MovingVideo,MovingVideo,10,116,49,0.4224137931034483,0.2972651605231867
03,gazectrl_csp,MovingVideo,MovingVideo,30,36,13,0.3611111111111111,0.14814814814814814
03,gazectrl_csp,MovingVideo,MovingVideo,60,16,7,0.4375,0.125
03,gazectrl_csp,MovingVideo,NoVisuals,1,1192,568,0.47651006711409394,0.4581691140038737
03,gazectrl_csp,MovingVideo,NoVisuals,2,596,284,0.47651006711409394,0.4548781586415026
03,gazectrl_csp,MovingVideo,NoVisuals,5,236,101,0.4279661016949153,0.4396725079000287
03,gazectrl_csp,MovingVideo,NoVisuals,10,116,50,0.43103448275862066,0.4215219976218787
03,gazectrl_csp,MovingVideo,NoVisuals,30,36,13,0.3611111111111111,0.3580246913580247
03,gazectrl_csp,MovingVideo,NoVisuals,60,16,5,0.3125,0.25
03,gazectrl_csp,NoVisuals,FixedVideo,1,1192,564,0.47315436241610737,0.4179119183820549
03,gazectrl_csp,NoVisuals,FixedVideo,2,596,266,0.4463087248322148,0.3925386243862889
03,gazectrl_csp,NoVisuals,FixedVideo,5,236,93,0.3940677966101695,0.3439385234128124
03,gazectrl_csp,NoVisuals,FixedVideo,10,116,42,0.3620689655172414,0.30439952437574314
03,gazectrl_csp,NoVisuals,FixedVideo,30,36,14,0.3888888888888889,0.23765432098765432
03,gazectrl_csp,NoVisuals,FixedVideo,60,16,5,0.3125,0.203125
03,gazectrl_csp,NoVisuals,MovingVideo,1,1192,599,0.50251677852349,0.48508231611188685
03,gazectrl_csp,NoVisuals,MovingVideo,2,596,300,0.5033557046979866,0.4731994054321877
03,gazectrl_csp,NoVisuals,MovingVideo,5,236,119,0.5042372881355932,0.4518816432059753
03,gazectrl_csp,NoVisuals,MovingVideo,10,116,59,0.5086206896551724,0.43697978596908443
03,gazectrl_csp,NoVisuals,MovingVideo,30,36,18,0.5,0.39197530864197533
03,gazectrl_csp,NoVisuals,MovingVideo,60,16,8,0.5,0.3125
03,gazectrl_csp,NoVisuals,NoVisuals,1,1192,578,0.4848993288590604,0.4662064771857124
03,gazectrl_csp,NoVisuals,NoVisuals,2,596,294,0.49328859060402686,0.4695283996216386
03,gazectrl_csp,NoVisuals,NoVisuals,5,236,107,0.4533898305084746,0.45101982189026146
03,gazectrl_csp,NoVisuals,NoVisuals,10,116,59,0.5086206896551724,0.42687277051129613
03,gazectrl_csp,NoVisuals,NoVisuals,30,36,16,0.4444444444444444,0.3395061728395061
03,gazectrl_csp,NoVisuals,NoVisuals,60,16,8,0.5,0.34375
03,gazectrl_ts,FixedVideo,FixedVideo,1,1192,639,0.5360738255033557,0.5502736363226881
03,gazectrl_ts,FixedVideo,FixedVideo,2,596,322,0.540268456375839,0.5537137966758254
03,gazectrl_ts,FixedVideo,FixedVideo,5,236,124,0.5254237288135594,0.5293019247342718
03,gazectrl_ts,FixedVideo,FixedVideo,10,116,57,0.49137931034482757,0.5546967895362664
03,gazectrl_ts,FixedVideo,FixedVideo,30,36,20,0.5555555555555556,0.5740740740740741
03,gazectrl_ts,FixedVideo,FixedVideo,60,16,8,0.5,0.5
03,gazectrl_ts,FixedVideo,MovingVideo,1,1192,624,0.5234899328859061,0.5237264087203279
03,gazectrl_ts,FixedVideo,MovingVideo,2,596,310,0.5201342281879194,0.5342552137291113
03,gazectrl_ts,FixedVideo,MovingVideo,5,236,129,0.5466101694915254,0.5618356794024706
03,gazectrl_ts,FixedVideo,MovingVideo,10,116,61,0.5258620689655172,0.5769916765755053
03,gazectrl_ts,FixedVideo,MovingVideo,30,36,18,0.5,0.5925925925925927
03,gazectrl_ts,FixedVideo,MovingVideo,60,16,6,0.375,0.515625
03,gazectrl_ts,FixedVideo,NoVisuals,1,1192,573,0.48070469798657717,0.4596893157965858
03,gazectrl_ts,FixedVideo,NoVisuals,2,596,259,0.43456375838926176,0.41140038736993834
03,gazectrl_ts,FixedVideo,NoVisuals,5,236,107,0.4533898305084746,0.389686871588624
03,gazectrl_ts,FixedVideo,NoVisuals,10,116,50,0.43103448275862066,0.35315101070154575
03,gazectrl_ts,FixedVideo,NoVisuals,30,36,10,0.2777777777777778,0.2716049382716049
03,gazectrl_ts,FixedVideo,NoVisuals,60,16,3,0.1875,0.140625
03,gazectrl_ts,MovingVideo,FixedVideo,1,1192,590,0.4949664429530201,0.4958729336516373
03,gazectrl_ts,MovingVideo,FixedVideo,2,596,305,0.511744966442953,0.5149655420926985
03,gazectrl_ts,MovingVideo,FixedVideo,5,236,126,0.5338983050847458,0.550560183855214
03,gazectrl_ts,MovingVideo,FixedVideo,10,116,64,0.5517241379310345,0.5737217598097503
03,gazectrl_ts,MovingVideo,FixedVideo,30,36,23,0.6388888888888888,0.697530864197531
03,gazectrl_ts,MovingVideo,FixedVideo,60,16,11,0.6875,0.65625
03,gazectrl_ts,MovingVideo,MovingVideo,1,1192,567,0.47567114093959734,0.4542700779244178
03,gazectrl_ts,MovingVideo,MovingVideo,2,596,281,0.4714765100671141,0.46344759245079054
03,gazectrl_ts,MovingVideo,MovingVideo,5,236,91,0.3855932203389831,0.3934214306233841
03,gazectrl_ts,MovingVideo,MovingVideo,10,116,45,0.3879310344827586,0.3573127229488704
03,gazectrl_ts,MovingVideo,MovingVideo,30,36,11,0.3055555555555556,0.2716049382716049
03,gazectrl_ts,MovingVideo,MovingVideo,60,16,6,0.375,0.3125
03,gazectrl_ts,MovingVideo,NoVisuals,1,1192,562,0.4714765100671141,0.4596076753299401
03,gazectrl_ts,MovingVideo,NoVisuals,2,596,276,0.46308724832214765,0.4439890095040764
03,gazectrl_ts,MovingVideo,NoVisuals,5,236,111,0.4703389830508475,0.427391554151106
03,gazectrl_ts,MovingVideo,NoVisuals,10,116,54,0.46551724137931033,0.39655172413793105
03,gazectrl_ts,MovingVideo,NoVisuals,30,36,16,0.4444444444444444,0.3179012345679012
03,gazectrl_ts,MovingVideo,NoVisuals,60,16,3,0.1875,0.125
03,gazectrl_ts,NoVisuals,FixedVideo,1,1192,569,0.4773489932885906,0.4605029052745372
03,gazectrl_ts,NoVisuals,FixedVideo,2,596,274,0.4597315436241611,0.41895635331741815
03,gazectrl_ts,NoVisuals,FixedVideo,5,236,110,0.4661016949152542,0.42530881930479747
03,gazectrl_ts,NoVisuals,FixedVideo,10,116,54,0.46551724137931033,0.3971462544589774
03,gazectrl_ts,NoVisuals,FixedVideo,30,36,17,0.4722222222222222,0.2901234567901235
03,gazectrl_ts,NoVisuals,FixedVideo,60,16,8,0.5,0.28125
03,gazectrl_ts,NoVisuals,MovingVideo,1,1192,581,0.4874161073825503,0.4775432412954371
03,gazectrl_ts,NoVisuals,MovingVideo,2,596,286,0.4798657718120805,0.46810954461510745
03,gazectrl_ts,NoVisuals,MovingVideo,5,236,113,0.4788135593220339,0.4472852628555013
03,gazectrl_ts,NoVisuals,MovingVideo,10,116,54,0.46551724137931033,0.44173602853745547
03,gazectrl_ts,NoVisuals,MovingVideo,30,36,19,0.5277777777777778,0.3950617283950617
03,gazectrl_ts,NoVisuals,MovingVideo,60,16,8,0.5,0.328125
03,gazectrl_ts,NoVisuals,NoVisuals,1,1192,599,0.50251677852349,0.49868812215665964
03,gazectrl_ts,NoVisuals,NoVisuals,2,596,288,0.48322147651006714,0.4804513310211252
03,gazectrl_ts,NoVisuals,NoVisuals,5,236,111,0.4703389830508475,0.48305084745762705
03,gazectrl_ts,NoVisuals,NoVisuals,10,116,55,0.47413793103448276,0.48513674197384066
03,gazectrl_ts,NoVisuals,NoVisuals,30,36,18,0.5,0.38888888888888884
03,gazectrl_ts,NoVisuals,NoVisuals,60,16,8,0.5,0.5625
04,eeg_alpha_ts,FixedVideo,FixedVideo,1,1192,599,0.50251677852349,0.48906580784649345
04,eeg_alpha_ts,FixedVideo,FixedVideo,2,596,274,0.4597315436241611,0.46074501148596914
04,eeg_alpha_ts,FixedVideo,FixedVideo,5,236,102,0.4322033898305085,0.380063200229819
04,eeg_alpha_ts,FixedVideo,FixedVideo,10,116,54,0.46551724137931033,0.3519619500594531
04,eeg_alpha_ts,FixedVideo,FixedVideo,30,36,18,0.5,0.2222222222222222
04,eeg_alpha_ts,FixedVideo,FixedVideo,60,16,8,0.5,0.09375
04,eeg_alpha_ts,FixedVideo,MovingTargetNoise,1,1192,604,0.5067114093959731,0.4971679203639476
04,eeg_alpha_ts,FixedVideo,MovingTargetNoise,2,596,319,0.535234899328859,0.5223751182379173
04,eeg_alpha_ts,FixedVideo,MovingTargetNoise,5,236,124,0.5254237288135594,0.5150818730249929
04,eeg_alpha_ts,FixedVideo,MovingTargetNoise,10,116,56,0.4827586206896552,0.5163495838287753
04,eeg_alpha_ts,FixedVideo,MovingTargetNoise,30,36,17,0.4722222222222222,0.5401234567901234
04,eeg_alpha_ts,FixedVideo,MovingTargetNoise,60,16,8,0.5,0.53125
04,eeg_alpha_ts,FixedVideo,MovingVideo,1,1192,585,0.49077181208053694,0.48527374893022834
04,eeg_alpha_ts,FixedVideo,MovingVideo,2,596,303,0.5083892617449665,0.4891108508625738
04,eeg_alpha_ts,FixedVideo,MovingVideo,5,236,130,0.5508474576271186,0.5302355644929617
04,eeg_alpha_ts,FixedVideo,MovingVideo,10,116,61,0.5258620689655172,0.5383472057074911
04,eeg_alpha_ts,FixedVideo,MovingVideo,30,36,21,0.5833333333333334,0.6172839506172839
04,eeg_alpha_ts,FixedVideo,MovingVideo,60,16,8,0.5,0.5625
04,eeg_alpha_ts,FixedVideo,NoVisuals,1,1192,593,0.4974832214765101,0.5037526462771946
04,eeg_alpha_ts,FixedVideo,NoVisuals,2,596,307,0.5151006711409396,0.5114296653303905
04,eeg_alpha_ts,FixedVideo,NoVisuals,5,236,123,0.5211864406779662,0.5299482907210572
04,eeg_alpha_ts,FixedVideo,NoVisuals,10,116,58,0.5,0.5380499405469679
04,eeg_alpha_ts,FixedVideo,NoVisuals,30,36,17,0.4722222222222222,0.5617283950617284
04,eeg_alpha_ts,FixedVideo,NoVisuals,60,16,8,0.5,0.59375
04,eeg_alpha_ts,MovingTargetNoise,FixedVideo,1,1192,616,0.5167785234899329,0.5153512229178866
04,eeg_alpha_ts,MovingTargetNoise,FixedVideo,2,596,309,0.5184563758389261,0.5199878383856583
04,eeg_alpha_ts,MovingTargetNoise,FixedVideo,5,236,128,0.5423728813559322,0.5196782533754669
04,eeg_alpha_ts,MovingTargetNoise,FixedVideo,10,116,58,0.5,0.5130796670630202
04,eeg_alpha_ts,MovingTargetNoise,FixedVideo,30,36,20,0.5555555555555556,0.5432098765432098
04,eeg_alpha_ts,MovingTargetNoise,FixedVideo,60,16,10,0.625,0.53125
04,eeg_alpha_ts,MovingTargetNoise,MovingTargetNoise,1,1192,537,0.45050335570469796,0.42117472185937577
04,eeg_alpha_ts,MovingTargetNoise,MovingTargetNoise,2,596,264,0.4429530201342282,0.3874149813071483
04,eeg_alpha_ts,MovingTargetNoise,MovingTargetNoise,5,236,110,0.4661016949152542,0.35349037632864116
04,eeg_alpha_ts,MovingTargetNoise,MovingTargetNoise,10,116,52,0.4482758620689655,0.29488703923900117
04,eeg_alpha_ts,MovingTargetNoise,MovingTargetNoise,30,36,15,0.4166666666666667,0.20987654320987653
04,eeg_alpha_ts,MovingTargetNoise,MovingTargetNoise,60,16,8,0.5,0.1875
04,eeg_alpha_ts,MovingTargetNoise,MovingVideo,1,1192,639,0.5360738255033557,0.5512167244718706
04,eeg_alpha_ts,MovingTargetNoise,MovingVideo,2,596,321,0.5385906040268457,0.5497837935228143
04,eeg_alpha_ts,MovingTargetNoise,MovingVideo,5,236,135,0.5720338983050848,0.5728239011778224
04,eeg_alpha_ts,MovingTargetNoise,MovingVideo,10,116,63,0.5431034482758621,0.5870986920332937
04,eeg_alpha_ts,MovingTargetNoise,MovingVideo,30,36,21,0.5833333333333334,0.7345679012345679
04,eeg_alpha_ts,MovingTargetNoise,MovingVideo,60,16,8,0.5,0.671875
04,eeg_alpha_ts,MovingTargetNoise,NoVisuals,1,1192,606,0.5083892617449665,0.5148613801180127
04,eeg_alpha_ts,MovingTargetNoise,NoVisuals,2,596,310,0.5201342281879194,0.5233435430836448
04,eeg_alpha_ts,MovingTargetNoise,NoVisuals,5,236,125,0.5296610169491526,0.528942832519391
04,eeg_alpha_ts,MovingTargetNoise,NoVisuals,10,116,54,0.46551724137931033,0.5243757431629013
04,eeg_alpha_ts,MovingTargetNoise,NoVisuals,30,36,16,0.4444444444444444,0.5524691358024691
04,eeg_alpha_ts,MovingTargetNoise,NoVisuals,60,16,7,0.4375,0.546875
04,eeg_alpha_ts,MovingVideo,FixedVideo,1,1192,610,0.511744966442953,0.5236447682536822
04,eeg_alpha_ts,MovingVideo,FixedVideo,2,596,297,0.4983221476510067,0.5035133552542679
04,eeg_alpha_ts,MovingVideo,FixedVideo,5,236,116,0.4915254237288136,0.5217609882217753
04,eeg_alpha_ts,MovingVideo,FixedVideo,10,116,59,0.5086206896551724,0.5133769322235434
04,eeg_alpha_ts,MovingVideo,FixedVideo,30,36,20,0.5555555555555556,0.5185185185185185
04,eeg_alpha_ts,MovingVideo,FixedVideo,60,16,7,0.4375,0.46875
04,eeg_alpha_ts,MovingVideo,MovingTargetNoise,1,1192,630,0.5285234899328859,0.5454793702986351
04,eeg_alpha_ts,MovingVideo,MovingTargetNoise,2,596,314,0.5268456375838926,0.5573735417323544
04,eeg_alpha_ts,MovingVideo,MovingTargetNoise,5,236,121,0.5127118644067796,0.5709566216604424
04,eeg_alpha_ts,MovingVideo,MovingTargetNoise,10,116,70,0.603448275862069,0.6105826397146255
04,eeg_alpha_ts,MovingVideo,MovingTargetNoise,30,36,24,0.6666666666666666,0.6388888888888888
04,eeg_alpha_ts,MovingVideo,MovingTargetNoise,60,16,10,0.625,0.65625
04,eeg_alpha_ts,MovingVideo,MovingVideo,1,1192,516,0.43288590604026844,0.35965159227061844
04,eeg_alpha_ts,MovingVideo,MovingVideo,2,596,266,0.4463087248322148,0.32021080131525603
04,eeg_alpha_ts,MovingVideo,MovingVideo,5,236,110,0.4661016949152542,0.26615914966963516
04,eeg_alpha_ts,MovingVideo,MovingVideo,10,116,55,0.47413793103448276,0.1920332936979786
04,eeg_alpha_ts,MovingVideo,MovingVideo,30,36,18,0.5,0.13580246913580246
04,eeg_alpha_ts,MovingVideo,MovingVideo,60,16,8,0.5,0.0625
04,eeg_alpha_ts,MovingVideo,NoVisuals,1,1192,610,0.511744966442953,0.5151203774604747
04,eeg_alpha_ts,MovingVideo,NoVisuals,2,596,299,0.5016778523489933,0.5127584343047611
04,eeg_alpha_ts,MovingVideo,NoVisuals,5,236,127,0.538135593220339,0.5420137891410515
04,eeg_alpha_ts,MovingVideo,NoVisuals,10,116,62,0.5344827586206896,0.5671819262782403
04,eeg_alpha_ts,MovingVideo,NoVisuals,30,36,20,0.5555555555555556,0.5987654320987654
04,eeg_alpha_ts,MovingVideo,NoVisuals,60,16,10,0.625,0.625
04,eeg_alpha_ts,NoVisuals,FixedVideo,1,1192,631,0.5293624161073825,0.5355248637448763
04,eeg_alpha_ts,NoVisuals,FixedVideo,2,596,319,0.535234899328859,0.5259447772622855
04,eeg_alpha_ts,NoVisuals,FixedVideo,5,236,124,0.5254237288135594,0.5467538063774777
04,eeg_alpha_ts,NoVisuals,FixedVideo,10,116,58,0.5,0.5594530321046374
04,eeg_alpha_ts,NoVisuals,FixedVideo,30,36,21,0.5833333333333334,0.5864197530864197
04,eeg_alpha_ts,NoVisuals,FixedVideo,60,16,12,0.75,0.734375
04,eeg_alpha_ts,NoVisuals,MovingTargetNoise,1,1192,625,0.5243288590604027,0.5293877528039278
04,eeg_alpha_ts,NoVisuals,MovingTargetNoise,2,596,320,0.5369127516778524,0.5336471330120265
04,eeg_alpha_ts,NoVisuals,MovingTargetNoise,5,236,124,0.5254237288135594,0.5504165469692617
04,eeg_alpha_ts,NoVisuals,MovingTargetNoise,10,116,61,0.5258620689655172,0.5481569560047562
04,eeg_alpha_ts,NoVisuals,MovingTargetNoise,30,36,18,0.5,0.5648148148148148
04,eeg_alpha_ts,NoVisuals,MovingTargetNoise,60,16,8,0.5,0.59375
04,eeg_alpha_ts,NoVisuals,MovingVideo,1,1192,610,0.511744966442953,0.4965513940813477
04,eeg_alpha_ts,NoVisuals,MovingVideo,2,596,288,0.48322147651006714,0.4922863834962389
04,eeg_alpha_ts,NoVisuals,MovingVideo,5,236,118,0.5,0.5214018960068945
04,eeg_alpha_ts,NoVisuals,MovingVideo,10,116,59,0.5086206896551724,0.5261593341260404
04,eeg_alpha_ts,NoVisuals,MovingVideo,30,36,16,0.4444444444444444,0.5308641975308642
04,eeg_alpha_ts,NoVisuals,MovingVideo,60,16,7,0.4375,0.53125
04,eeg_alpha_ts,NoVisuals,NoVisuals,1,1192,563,0.47231543624161076,0.429535831719292
04,eeg_alpha_ts,NoVisuals,NoVisuals,2,596,267,0.44798657718120805,0.38117652358001886
04,eeg_alpha_ts,NoVisuals,NoVisuals,5,236,109,0.461864406779661,0.3099683998850905
04,eeg_alpha_ts,NoVisuals,NoVisuals,10,116,54,0.46551724137931033,0.262782401902497
04,eeg_alpha_ts,NoVisuals,NoVisuals,30,36,16,0.4444444444444444,0.15432098765432098
04,eeg_alpha_ts,NoVisuals,NoVisuals,60,16,8,0.5,0.09375
04,eeg_csp,FixedVideo,FixedVideo,1,1192,517,0.4337248322147651,0.45991171568848255
04,eeg_csp,FixedVideo,FixedVideo,2,596,261,0.43791946308724833,0.47301923336786633
04,eeg_csp,FixedVideo,FixedVideo,5,236,105,0.4449152542372881,0.45719620798621086
04,eeg_csp,FixedVideo,FixedVideo,10,116,52,0.4482758620689655,0.4310344827586207
04,eeg_csp,FixedVideo,FixedVideo,30,36,16,0.4444444444444444,0.4135802469135803
04,eeg_csp,FixedVideo,FixedVideo,60,16,8,0.5,0.375
04,eeg_csp,FixedVideo,MovingTargetNoise,1,1192,638,0.535234899328859,0.6006683257510923
04,eeg_csp,FixedVideo,MovingTargetNoise,2,596,332,0.5570469798657718,0.6165037610918427
04,eeg_csp,FixedVideo,MovingTargetNoise,5,236,131,0.5550847457627118,0.6029876472278081
04,eeg_csp,FixedVideo,MovingTargetNoise,10,116,60,0.5172413793103449,0.6391200951248514
04,eeg_csp,FixedVideo,MovingTargetNoise,30,36,19,0.5277777777777778,0.6944444444444444
04,eeg_csp,FixedVideo,MovingTargetNoise,60,16,9,0.5625,0.6875
04,eeg_csp,FixedVideo,MovingVideo,1,1192,561,0.47063758389261745,0.43941151299491016
04,eeg_csp,FixedVideo,MovingVideo,2,596,292,0.4899328859060403,0.44976577631638215
04,eeg_csp,FixedVideo,MovingVideo,5,236,119,0.5042372881355932,0.43995978167193334
04,eeg_csp,FixedVideo,MovingVideo,10,116,59,0.5086206896551724,0.42627824019024974
04,eeg_csp,FixedVideo,MovingVideo,30,36,18,0.5,0.39814814814814814
04,eeg_csp,FixedVideo,MovingVideo,60,16,8,0.5,0.453125
04,eeg_csp,FixedVideo,NoVisuals,1,1192,609,0.5109060402684564,0.4569726588892392
04,eeg_csp,FixedVideo,NoVisuals,2,596,315,0.5285234899328859,0.5067226701499932
04,eeg_csp,FixedVideo,NoVisuals,5,236,120,0.5084745762711864,0.5090491238149957
04,eeg_csp,FixedVideo,NoVisuals,10,116,64,0.5517241379310345,0.4943519619500594
04,eeg_csp,FixedVideo,NoVisuals,30,36,21,0.5833333333333334,0.4938271604938272
04,eeg_csp,FixedVideo,NoVisuals,60,16,9,0.5625,0.515625
04,eeg_csp,MovingTargetNoise,FixedVideo,1,1192,582,0.48825503355704697,0.48462344038556826
04,eeg_csp,MovingTargetNoise,FixedVideo,2,596,289,0.4848993288590604,0.4731543624161074
04,eeg_csp,MovingTargetNoise,FixedVideo,5,236,108,0.4576271186440678,0.44721344441252514
04,eeg_csp,MovingTargetNoise,FixedVideo,10,116,51,0.4396551724137931,0.44054696789536263
04,eeg_csp,MovingTargetNoise,FixedVideo,30,36,16,0.4444444444444444,0.4907407407407408
04,eeg_csp,MovingTargetNoise,FixedVideo,60,16,7,0.4375,0.4375
04,eeg_csp,MovingTargetNoise,MovingTargetNoise,1,1192,524,0.4395973154362416,0.29776811855321833
04,eeg_csp,MovingTargetNoise,MovingTargetNoise,2,596,260,0.436241610738255,0.259470294130895
04,eeg_csp,MovingTargetNoise,MovingTargetNoise,5,236,96,0.4067796610169492,0.22479172651536913
04,eeg_csp,MovingTargetNoise,MovingTargetNoise,10,116,48,0.41379310344827586,0.2390011890606421
04,eeg_csp,MovingTargetNoise,MovingTargetNoise,30,36,13,0.3611111111111111,0.154320987654321
04,eeg_csp,MovingTargetNoise,MovingTargetNoise,60,16,5,0.3125,0.125
04,eeg_csp,MovingTargetNoise,MovingVideo,1,1192,572,0.4798657718120805,0.5005574073239945
04,eeg_csp,MovingTargetNoise,MovingVideo,2,596,270,0.45302013422818793,0.5029728390613035
04,eeg_csp,MovingTargetNoise,MovingVideo,5,236,110,0.4661016949152542,0.5057454754380925
04,eeg_csp,MovingTargetNoise,MovingVideo,10,116,56,0.4827586206896552,0.4925683709869203
04,eeg_csp,MovingTargetNoise,MovingVideo,30,36,18,0.5,0.5277777777777777
04,eeg_csp,MovingTargetNoise,MovingVideo,60,16,6,0.375,0.515625
04,eeg_csp,MovingTargetNoise,NoVisuals,1,1192,718,0.6023489932885906,0.7013197603711545
04,eeg_csp,MovingTargetNoise,NoVisuals,2,596,364,0.610738255033557,0.6967816765010585
04,eeg_csp,MovingTargetNoise,NoVisuals,5,236,143,0.6059322033898306,0.7056162022407354
04,eeg_csp,MovingTargetNoise,NoVisuals,10,116,72,0.6206896551724138,0.7137336504161713
04,eeg_csp,MovingTargetNoise,NoVisuals,30,36,20,0.5555555555555556,0.7006172839506173
04,eeg_csp,MovingTargetNoise,NoVisuals,60,16,8,0.5,0.6875
04,eeg_csp,MovingVideo,FixedVideo,1,1192,551,0.462248322147651,0.47571899914418264
04,eeg_csp,MovingVideo,FixedVideo,2,596,266,0.4463087248322148,0.49310841853970544
04,eeg_csp,MovingVideo,FixedVideo,5,236,106,0.4491525423728814,0.47809537489227233
04,eeg_csp,MovingVideo,FixedVideo,10,116,50,0.43103448275862066,0.4393579072532699
04,eeg_csp,MovingVideo,FixedVideo,30,36,15,0.4166666666666667,0.41358024691358025
04,eeg_csp,MovingVideo,FixedVideo,60,16,7,0.4375,0.296875
04,eeg_csp,MovingVideo,MovingTargetNoise,1,1192,573,0.48070469798657717,0.4654323003468312
04,eeg_csp,MovingVideo,MovingTargetNoise,2,596,285,0.47818791946308725,0.4753502094500248
04,eeg_csp,MovingVideo,MovingTargetNoise,5,236,117,0.4957627118644068,0.510126400459638
04,eeg_csp,MovingVideo,MovingTargetNoise,10,116,57,0.49137931034482757,0.5089179548156956
04,eeg_csp,MovingVideo,MovingTargetNoise,30,36,17,0.4722222222222222,0.521604938271605
04,eeg_csp,MovingVideo,MovingTargetNoise,60,16,7,0.4375,0.46875
04,eeg_csp,MovingVideo,MovingVideo,1,1192,347,0.2911073825503356,0.1903180036935273
04,eeg_csp,MovingVideo,MovingVideo,2,596,163,0.27348993288590606,0.15913697581190037
04,eeg_csp,MovingVideo,MovingVideo,5,236,71,0.3008474576271186,0.15728239011778222
04,eeg_csp,MovingVideo,MovingVideo,10,116,31,0.2672413793103448,0.14090368608799048
04,eeg_csp,MovingVideo,MovingVideo,30,36,11,0.3055555555555556,0.12345679012345681
04,eeg_csp,MovingVideo,MovingVideo,60,16,5,0.3125,0.09375
04,eeg_csp,MovingVideo,NoVisuals,1,1192,533,0.4471476510067114,0.43738176208278906
04,eeg_csp,MovingVideo,NoVisuals,2,596,274,0.4597315436241611,0.4779514436286653
04,eeg_csp,MovingVideo,NoVisuals,5,236,109,0.461864406779661,0.5412956047112899
04,eeg_csp,MovingVideo,NoVisuals,10,116,50,0.43103448275862066,0.5240784780023782
04,eeg_csp,MovingVideo,NoVisuals,30,36,16,0.4444444444444444,0.5092592592592593
04,eeg_csp,MovingVideo,NoVisuals,60,16,6,0.375,0.5625
04,eeg_csp,NoVisuals,FixedVideo,1,1192,684,0.5738255033557047,0.5380585333993964
04,eeg_csp,NoVisuals,FixedVideo,2,596,341,0.5721476510067114,0.5313499391919283
04,eeg_csp,NoVisuals,FixedVideo,5,236,131,0.5550847457627118,0.5186727951738006
04,eeg_csp,NoVisuals,FixedVideo,10,116,63,0.5431034482758621,0.5098097502972652
04,eeg_csp,NoVisuals,FixedVideo,30,36,20,0.5555555555555556,0.558641975308642
04,eeg_csp,NoVisuals,FixedVideo,60,16,8,0.5,0.546875
04,eeg_csp,NoVisuals,MovingTargetNoise,1,1192,632,0.5302013422818792,0.7023839016260529
04,eeg_csp,NoVisuals,MovingTargetNoise,2,596,315,0.5285234899328859,0.6987973514706546
04,eeg_csp,NoVisuals,MovingTargetNoise,5,236,123,0.5211864406779662,0.6924016087331227
04,eeg_csp,NoVisuals,MovingTargetNoise,10,116,61,0.5258620689655172,0.6920332936979786
04,eeg_csp,NoVisuals,MovingTargetNoise,30,36,19,0.5277777777777778,0.6666666666666667
04,eeg_csp,NoVisuals,MovingTargetNoise,60,16,8,0.5,0.65625
04,eeg_csp,NoVisuals,MovingVideo,1,1192,614,0.5151006711409396,0.5333656141615243
04,eeg_csp,NoVisuals,MovingVideo,2,596,312,0.5234899328859061,0.5442547632989505
04,eeg_csp,NoVisuals,MovingVideo,5,236,127,0.538135593220339,0.5911376041367423
04,eeg_csp,NoVisuals,MovingVideo,10,116,62,0.5344827586206896,0.6064209274673008
04,eeg_csp,NoVisuals,MovingVideo,30,36,22,0.6111111111111112,0.6419753086419753
04,eeg_csp,NoVisuals,MovingVideo,60,16,10,0.625,0.640625
04,eeg_csp,NoVisuals,NoVisuals,1,1192,589,0.4941275167785235,0.4857607765415972
04,eeg_csp,NoVisuals,NoVisuals,2,596,297,0.4983221476510067,0.4432232782307103
04,eeg_csp,NoVisuals,NoVisuals,5,236,118,0.5,0.4875035909221488
04,eeg_csp,NoVisuals,NoVisuals,10,116,60,0.5172413793103449,0.46076099881093935
04,eeg_csp,NoVisuals,NoVisuals,30,36,20,0.5555555555555556,0.37037037037037035
04,eeg_csp,NoVisuals,NoVisuals,60,16,9,0.5625,0.3125
04,eeg_eogreg_ts,FixedVideo,FixedVideo,1,1192,465,0.3901006711409396,0.22346403315165986
04,eeg_eogreg_ts,FixedVideo,FixedVideo,2,596,235,0.39429530201342283,0.1698121706229449
04,eeg_eogreg_ts,FixedVideo,FixedVideo,5,236,95,0.4025423728813559,0.1338695777075553
04,eeg_eogreg_ts,FixedVideo,FixedVideo,10,116,47,0.4051724137931034,0.09334126040428062
04,eeg_eogreg_ts,FixedVideo,FixedVideo,30,36,14,0.3888888888888889,0.043209876543209874
04,eeg_eogreg_ts,FixedVideo,FixedVideo,60,16,8,0.5,0.03125
04,eeg_eogreg_ts,FixedVideo,MovingTargetNoise,1,1192,620,0.5201342281879194,0.5261587315886672
04,eeg_eogreg_ts,FixedVideo,MovingTargetNoise,2,596,332,0.5570469798657718,0.5523850277014549
04,eeg_eogreg_ts,FixedVideo,MovingTargetNoise,5,236,132,0.559322033898305,0.607081298477449
04,eeg_eogreg_ts,FixedVideo,MovingTargetNoise,10,116,63,0.5431034482758621,0.6400118906064209
04,eeg_eogreg_ts,FixedVideo,MovingTargetNoise,30,36,24,0.6666666666666666,0.6790123456790123
04,eeg_eogreg_ts,FixedVideo,MovingTargetNoise,60,16,11,0.6875,0.71875
04,eeg_eogreg_ts,FixedVideo,MovingVideo,1,1192,551,0.462248322147651,0.4325058555920904
04,eeg_eogreg_ts,FixedVideo,MovingVideo,2,596,284,0.47651006711409394,0.44187198774829967
04,eeg_eogreg_ts,FixedVideo,MovingVideo,5,236,113,0.4788135593220339,0.45619074978454466
04,eeg_eogreg_ts,FixedVideo,MovingVideo,10,116,55,0.47413793103448276,0.44946492271105826
04,eeg_eogreg_ts,FixedVideo,MovingVideo,30,36,18,0.5,0.4753086419753086
04,eeg_eogreg_ts,FixedVideo,MovingVideo,60,16,9,0.5625,0.515625
04,eeg_eogreg_ts,FixedVideo,NoVisuals,1,1192,680,0.5704697986577181,0.5966172694923653
04,eeg_eogreg_ts,FixedVideo,NoVisuals,2,596,339,0.5687919463087249,0.5897031665240304
04,eeg_eogreg_ts,FixedVideo,NoVisuals,5,236,143,0.6059322033898306,0.6181413386957771
04,eeg_eogreg_ts,FixedVideo,NoVisuals,10,116,74,0.6379310344827587,0.6643876337693222
04,eeg_eogreg_ts,FixedVideo,NoVisuals,30,36,25,0.6944444444444444,0.6790123456790124
04,eeg_eogreg_ts,FixedVideo,NoVisuals,60,16,10,0.625,0.75
04,eeg_eogreg_ts,MovingTargetNoise,FixedVideo,1,1192,600,0.5033557046979866,0.5114718931579658
04,eeg_eogreg_ts,MovingTargetNoise,FixedVideo,2,596,298,0.5,0.5125670014864196
04,eeg_eogreg_ts,MovingTargetNoise,FixedVideo,5,236,118,0.5,0.49317724791726514
04,eeg_eogreg_ts,MovingTargetNoise,FixedVideo,10,116,58,0.5,0.49910820451843046
04,eeg_eogreg_ts,MovingTargetNoise,FixedVideo,30,36,18,0.5,0.5277777777777778
04,eeg_eogreg_ts,MovingTargetNoise,FixedVideo,60,16,8,0.5,0.5625
04,eeg_eogreg_ts,MovingTargetNoise,MovingTargetNoise,1,1192,504,0.4228187919463087,0.18402324219629745
04,eeg_eogreg_ts,MovingTargetNoise,MovingTargetNoise,2,596,263,0.4412751677852349,0.13830458087473535
04,eeg_eogreg_ts,MovingTargetNoise,MovingTargetNoise,5,236,110,0.4661016949152542,0.10715311692042516
04,eeg_eogreg_ts,MovingTargetNoise,MovingTargetNoise,10,116,53,0.45689655172413796,0.08739595719381689
04,eeg_eogreg_ts,MovingTargetNoise,MovingTargetNoise,30,36,17,0.4722222222222222,0.024691358024691367
04,eeg_eogreg_ts,MovingTargetNoise,MovingTargetNoise,60,16,8,0.5,0.0
04,eeg_eogreg_ts,MovingTargetNoise,MovingVideo,1,1192,604,0.5067114093959731,0.5561207828476196
04,eeg_eogreg_ts,MovingTargetNoise,MovingVideo,2,596,299,0.5016778523489933,0.5229268951849015
04,eeg_eogreg_ts,MovingTargetNoise,MovingVideo,5,236,122,0.5169491525423728,0.49741453605285835
04,eeg_eogreg_ts,MovingTargetNoise,MovingVideo,10,116,58,0.5,0.5261593341260404
04,eeg_eogreg_ts,MovingTargetNoise,MovingVideo,30,36,18,0.5,0.47530864197530864
04,eeg_eogreg_ts,MovingTargetNoise,MovingVideo,60,16,8,0.5,0.546875
04,eeg_eogreg_ts,MovingTargetNoise,NoVisuals,1,1192,833,0.6988255033557047,0.7731718165848385
04,eeg_eogreg_ts,MovingTargetNoise,NoVisuals,2,596,388,0.6510067114093959,0.7571280572947164
04,eeg_eogreg_ts,MovingTargetNoise,NoVisuals,5,236,146,0.6186440677966102,0.7211289859235852
04,eeg_eogreg_ts,MovingTargetNoise,NoVisuals,10,116,70,0.603448275862069,0.7633769322235434
04,eeg_eogreg_ts,MovingTargetNoise,NoVisuals,30,36,23,0.6388888888888888,0.8024691358024691
04,eeg_eogreg_ts,MovingTargetNoise,NoVisuals,60,16,12,0.75,0.9375
04,eeg_eogreg_ts,MovingVideo,FixedVideo,1,1192,593,0.4974832214765101,0.4814563533174181
04,eeg_eogreg_ts,MovingVideo,FixedVideo,2,596,309,0.5184563758389261,0.5051011215711004
04,eeg_eogreg_ts,MovingVideo,FixedVideo,5,236,115,0.4872881355932203,0.4996409077851192
04,eeg_eogreg_ts,MovingVideo,FixedVideo,10,116,55,0.47413793103448276,0.4842449464922711
04,eeg_eogreg_ts,MovingVideo,FixedVideo,30,36,17,0.4722222222222222,0.4722222222222222
04,eeg_eogreg_ts,MovingVideo,FixedVideo,60,16,7,0.4375,0.46875
04,eeg_eogreg_ts,MovingVideo,MovingTargetNoise,1,1192,591,0.49580536912751677,0.5159508580694563
04,eeg_eogreg_ts,MovingVideo,MovingTargetNoise,2,596,282,0.47315436241610737,0.47180307193369664
04,eeg_eogreg_ts,MovingVideo,MovingTargetNoise,5,236,114,0.4830508474576271,0.43895432347026714
04,eeg_eogreg_ts,MovingVideo,MovingTargetNoise,10,116,59,0.5086206896551724,0.42508917954815695
04,eeg_eogreg_ts,MovingVideo,MovingTargetNoise,30,36,19,0.5277777777777778,0.3765432098765432
04,eeg_eogreg_ts,MovingVideo,MovingTargetNoise,60,16,9,0.5625,0.328125
04,eeg_eogreg_ts,MovingVideo,MovingVideo,1,1192,385,0.32298657718120805,0.1908866717715418
04,eeg_eogreg_ts,MovingVideo,MovingVideo,2,596,195,0.3271812080536913,0.16749245529480655
04,eeg_eogreg_ts,MovingVideo,MovingVideo,5,236,88,0.3728813559322034,0.165900603274921
04,eeg_eogreg_ts,MovingVideo,MovingVideo,10,116,44,0.3793103448275862,0.1539833531510107
04,eeg_eogreg_ts,MovingVideo,MovingVideo,30,36,14,0.3888888888888889,0.11728395061728397
04,eeg_eogreg_ts,MovingVideo,MovingVideo,60,16,6,0.375,0.09375
04,eeg_eogreg_ts,MovingVideo,NoVisuals,1,1192,518,0.43456375838926176,0.5312514075942525
04,eeg_eogreg_ts,MovingVideo,NoVisuals,2,596,256,0.42953020134228187,0.5206634836268637
04,eeg_eogreg_ts,MovingVideo,NoVisuals,5,236,95,0.4025423728813559,0.52391554151106
04,eeg_eogreg_ts,MovingVideo,NoVisuals,10,116,45,0.3879310344827586,0.5190249702734839
04,eeg_eogreg_ts,MovingVideo,NoVisuals,30,36,13,0.3611111111111111,0.5185185185185185
04,eeg_eogreg_ts,MovingVideo,NoVisuals,60,16,5,0.3125,0.515625
04,eeg_eogreg_ts,NoVisuals,FixedVideo,1,1192,641,0.537751677852349,0.5457974865997026
04,eeg_eogreg_ts,NoVisuals,FixedVideo,2,596,330,0.5536912751677853,0.5376897437052386
04,eeg_eogreg_ts,NoVisuals,FixedVideo,5,236,124,0.5254237288135594,0.5449583453030739
04,eeg_eogreg_ts,NoVisuals,FixedVideo,10,116,67,0.5775862068965517,0.5463733650416172
04,eeg_eogreg_ts,NoVisuals,FixedVideo,30,36,22,0.6111111111111112,0.5493827160493827
04,eeg_eogreg_ts,NoVisuals,FixedVideo,60,16,10,0.625,0.484375
04,eeg_eogreg_ts,NoVisuals,MovingTargetNoise,1,1192,634,0.5318791946308725,0.6880742984550245
04,eeg_eogreg_ts,NoVisuals,MovingTargetNoise,2,596,309,0.5184563758389261,0.6496554209269854
04,eeg_eogreg_ts,NoVisuals,MovingTargetNoise,5,236,115,0.4872881355932203,0.6154122378626832
04,eeg_eogreg_ts,NoVisuals,MovingTargetNoise,10,116,59,0.5086206896551724,0.6239595719381688
04,eeg_eogreg_ts,NoVisuals,MovingTargetNoise,30,36,18,0.5,0.6851851851851852
04,eeg_eogreg_ts,NoVisuals,MovingTargetNoise,60,16,8,0.5,0.671875
04,eeg_eogreg_ts,NoVisuals,MovingVideo,1,1192,608,0.5100671140939598,0.5399644160172965
04,eeg_eogreg_ts,NoVisuals,MovingVideo,2,596,284,0.47651006711409394,0.5176343407954598
04,eeg_eogreg_ts,NoVisuals,MovingVideo,5,236,107,0.4533898305084746,0.5248491812697501
04,eeg_eogreg_ts,NoVisuals,MovingVideo,10,116,50,0.43103448275862066,0.508026159334126
04,eeg_eogreg_ts,NoVisuals,MovingVideo,30,36,15,0.4166666666666667,0.49074074074074076
04,eeg_eogreg_ts,NoVisuals,MovingVideo,60,16,7,0.4375,0.484375
04,eeg_eogreg_ts,NoVisuals,NoVisuals,1,1192,611,0.5125838926174496,0.44809918472140897
04,eeg_eogreg_ts,NoVisuals,NoVisuals,2,596,302,0.5067114093959731,0.4067609567136615
04,eeg_eogreg_ts,NoVisuals,NoVisuals,5,236,114,0.4830508474576271,0.33783395575983904
04,eeg_eogreg_ts,NoVisuals,NoVisuals,10,116,59,0.5086206896551724,0.30975029726516046
04,eeg_eogreg_ts,NoVisuals,NoVisuals,30,36,18,0.5,0.25308641975308643
04,eeg_eogreg_ts,NoVisuals,NoVisuals,60,16,8,0.5,0.25
04,eeg_post_ts,FixedVideo,FixedVideo,1,1192,579,0.48573825503355705,0.3649385162830503
04,eeg_post_ts,FixedVideo,FixedVideo,2,596,293,0.49161073825503354,0.33354353407504167
04,eeg_post_ts,FixedVideo,FixedVideo,5,236,117,0.4957627118644068,0.3480321746624533
04,eeg_post_ts,FixedVideo,FixedVideo,10,116,58,0.5,0.3133174791914388
04,eeg_post_ts,FixedVideo,FixedVideo,30,36,18,0.5,0.22839506172839505
04,eeg_post_ts,FixedVideo,FixedVideo,60,16,8,0.5,0.25
04,eeg_post_ts,FixedVideo,MovingTargetNoise,1,1192,606,0.5083892617449665,0.5128203684518715
04,eeg_post_ts,FixedVideo,MovingTargetNoise,2,596,313,0.5251677852348994,0.5222399891896762
04,eeg_post_ts,FixedVideo,MovingTargetNoise,5,236,127,0.538135593220339,0.5346883079574835
04,eeg_post_ts,FixedVideo,MovingTargetNoise,10,116,65,0.5603448275862069,0.5466706302021402
04,eeg_post_ts,FixedVideo,MovingTargetNoise,30,36,20,0.5555555555555556,0.5864197530864198
04,eeg_post_ts,FixedVideo,MovingTargetNoise,60,16,8,0.5,0.59375
04,eeg_post_ts,FixedVideo,MovingVideo,1,1192,607,0.5092281879194631,0.5199371649925679
04,eeg_post_ts,FixedVideo,MovingVideo,2,596,302,0.5067114093959731,0.5211251745416874
04,eeg_post_ts,FixedVideo,MovingVideo,5,236,124,0.5254237288135594,0.5248491812697501
04,eeg_post_ts,FixedVideo,MovingVideo,10,116,62,0.5344827586206896,0.5395362663495838
04,eeg_post_ts,FixedVideo,MovingVideo,30,36,20,0.5555555555555556,0.5216049382716049
04,eeg_post_ts,FixedVideo,MovingVideo,60,16,9,0.5625,0.625
04,eeg_post_ts,FixedVideo,NoVisuals,1,1192,620,0.5201342281879194,0.5223075537137967
04,eeg_post_ts,FixedVideo,NoVisuals,2,596,309,0.5184563758389261,0.5371267060042341
04,eeg_post_ts,FixedVideo,NoVisuals,5,236,131,0.5550847457627118,0.5593938523412813
04,eeg_post_ts,FixedVideo,NoVisuals,10,116,61,0.5258620689655172,0.5850178359096314
04,eeg_post_ts,FixedVideo,NoVisuals,30,36,21,0.5833333333333334,0.632716049382716
04,eeg_post_ts,FixedVideo,NoVisuals,60,16,9,0.5625,0.65625
04,eeg_post_ts,MovingTargetNoise,FixedVideo,1,1192,638,0.535234899328859,0.5307615647943786
04,eeg_post_ts,MovingTargetNoise,FixedVideo,2,596,316,0.5302013422818792,0.5303927751002206
04,eeg_post_ts,MovingTargetNoise,FixedVideo,5,236,126,0.5338983050847458,0.5437374317724792
04,eeg_post_ts,MovingTargetNoise,FixedVideo,10,116,64,0.5517241379310345,0.5538049940546967
04,eeg_post_ts,MovingTargetNoise,FixedVideo,30,36,23,0.6388888888888888,0.5617283950617284
04,eeg_post_ts,MovingTargetNoise,FixedVideo,60,16,10,0.625,0.59375
04,eeg_post_ts,MovingTargetNoise,MovingTargetNoise,1,1192,449,0.3766778523489933,0.12490428359082924
04,eeg_post_ts,MovingTargetNoise,MovingTargetNoise,2,596,235,0.39429530201342283,0.11382370163506147
04,eeg_post_ts,MovingTargetNoise,MovingTargetNoise,5,236,97,0.4110169491525424,0.07856937661591494
04,eeg_post_ts,MovingTargetNoise,MovingTargetNoise,10,116,50,0.43103448275862066,0.051129607609988095
04,eeg_post_ts,MovingTargetNoise,MovingTargetNoise,30,36,16,0.4444444444444444,0.0
04,eeg_post_ts,MovingTargetNoise,MovingTargetNoise,60,16,8,0.5,0.0
04,eeg_post_ts,MovingTargetNoise,MovingVideo,1,1192,594,0.4983221476510067,0.5038061348587901
04,eeg_post_ts,MovingTargetNoise,MovingVideo,2,596,287,0.4815436241610738,0.49101391829196883
04,eeg_post_ts,MovingTargetNoise,MovingVideo,5,236,126,0.5338983050847458,0.5287991956334387
04,eeg_post_ts,MovingTargetNoise,MovingVideo,10,116,62,0.5344827586206896,0.5567776456599286
04,eeg_post_ts,MovingTargetNoise,MovingVideo,30,36,22,0.6111111111111112,0.6419753086419754
04,eeg_post_ts,MovingTargetNoise,MovingVideo,60,16,11,0.6875,0.671875
04,eeg_post_ts,MovingTargetNoise,NoVisuals,1,1192,699,0.5864093959731543,0.5917469933786766
04,eeg_post_ts,MovingTargetNoise,NoVisuals,2,596,349,0.5855704697986577,0.6050177919913517
04,eeg_post_ts,MovingTargetNoise,NoVisuals,5,236,140,0.5932203389830508,0.611677678827923
04,eeg_post_ts,MovingTargetNoise,NoVisuals,10,116,69,0.5948275862068966,0.627526753864447
04,eeg_post_ts,MovingTargetNoise,NoVisuals,30,36,25,0.6944444444444444,0.6697530864197531
04,eeg_post_ts,MovingTargetNoise,NoVisuals,60,16,12,0.75,0.859375
04,eeg_post_ts,MovingVideo,FixedVideo,1,1192,671,0.5629194630872483,0.5738423944867348
04,eeg_post_ts,MovingVideo,FixedVideo,2,596,325,0.5453020134228188,0.5690171613891266
04,eeg_post_ts,MovingVideo,FixedVideo,5,236,143,0.6059322033898306,0.5800057454754382
04,eeg_post_ts,MovingVideo,FixedVideo,10,116,70,0.603448275862069,0.5758026159334125
04,eeg_post_ts,MovingVideo,FixedVideo,30,36,22,0.6111111111111112,0.5709876543209876
04,eeg_post_ts,MovingVideo,FixedVideo,60,16,10,0.625,0.53125
04,eeg_post_ts,MovingVideo,MovingTargetNoise,1,1192,659,0.5528523489932886,0.5495501328768975
04,eeg_post_ts,MovingVideo,MovingTargetNoise,2,596,320,0.5369127516778524,0.5438268546461872
04,eeg_post_ts,MovingVideo,MovingTargetNoise,5,236,136,0.576271186440678,0.5571674806090204
04,eeg_post_ts,MovingVideo,MovingTargetNoise,10,116,75,0.646551724137931,0.5695600475624257
04,eeg_post_ts,MovingVideo,MovingTargetNoise,30,36,25,0.6944444444444444,0.5802469135802469
04,eeg_post_ts,MovingVideo,MovingTargetNoise,60,16,11,0.6875,0.578125
04,eeg_post_ts,MovingVideo,MovingVideo,1,1192,533,0.4471476510067114,0.21964100716183957
04,eeg_post_ts,MovingVideo,MovingVideo,2,596,280,0.4697986577181208,0.19278410882392685
04,eeg_post_ts,MovingVideo,MovingVideo,5,236,114,0.4830508474576271,0.18888250502729104
04,eeg_post_ts,MovingVideo,MovingVideo,10,116,58,0.5,0.14625445897740785
04,eeg_post_ts,MovingVideo,MovingVideo,30,36,18,0.5,0.1111111111111111
04,eeg_post_ts,MovingVideo,MovingVideo,60,16,8,0.5,0.125
04,eeg_post_ts,MovingVideo,NoVisuals,1,1192,655,0.549496644295302,0.5929434484933112
04,eeg_post_ts,MovingVideo,NoVisuals,2,596,336,0.5637583892617449,0.605310571595874
04,eeg_post_ts,MovingVideo,NoVisuals,5,236,137,0.5805084745762712,0.6395432347026717
04,eeg_post_ts,MovingVideo,NoVisuals,10,116,66,0.5689655172413793,0.6569560047562426
04,eeg_post_ts,MovingVideo,NoVisuals,30,36,20,0.5555555555555556,0.6851851851851851
04,eeg_post_ts,MovingVideo,NoVisuals,60,16,9,0.5625,0.65625
04,eeg_post_ts,NoVisuals,FixedVideo,1,1192,626,0.5251677852348994,0.5274143056619071
04,eeg_post_ts,NoVisuals,FixedVideo,2,596,300,0.5033557046979866,0.5253366965452007
04,eeg_post_ts,NoVisuals,FixedVideo,5,236,123,0.5211864406779662,0.539500143636886
04,eeg_post_ts,NoVisuals,FixedVideo,10,116,60,0.5172413793103449,0.5356718192627824
04,eeg_post_ts,NoVisuals,FixedVideo,30,36,17,0.4722222222222222,0.5339506172839505
04,eeg_post_ts,NoVisuals,FixedVideo,60,16,7,0.4375,0.59375
04,eeg_post_ts,NoVisuals,MovingTargetNoise,1,1192,646,0.5419463087248322,0.5782087518580243
04,eeg_post_ts,NoVisuals,MovingTargetNoise,2,596,333,0.5587248322147651,0.58964686275393
04,eeg_post_ts,NoVisuals,MovingTargetNoise,5,236,141,0.597457627118644,0.5943694340706693
04,eeg_post_ts,NoVisuals,MovingTargetNoise,10,116,70,0.603448275862069,0.584423305588585
04,eeg_post_ts,NoVisuals,MovingTargetNoise,30,36,23,0.6388888888888888,0.5401234567901234
04,eeg_post_ts,NoVisuals,MovingTargetNoise,60,16,11,0.6875,0.5
04,eeg_post_ts,NoVisuals,MovingVideo,1,1192,601,0.5041946308724832,0.5148135219134273
04,eeg_post_ts,NoVisuals,MovingVideo,2,596,288,0.48322147651006714,0.5216882122426918
04,eeg_post_ts,NoVisuals,MovingVideo,5,236,121,0.5127118644067796,0.5343292157426028
04,eeg_post_ts,NoVisuals,MovingVideo,10,116,62,0.5344827586206896,0.5341854934601664
04,eeg_post_ts,NoVisuals,MovingVideo,30,36,17,0.4722222222222222,0.5493827160493827
04,eeg_post_ts,NoVisuals,MovingVideo,60,16,8,0.5,0.5625
04,eeg_post_ts,NoVisuals,NoVisuals,1,1192,644,0.540268456375839,0.5577282554839873
04,eeg_post_ts,NoVisuals,NoVisuals,2,596,310,0.5201342281879194,0.5652222872843566
04,eeg_post_ts,NoVisuals,NoVisuals,5,236,132,0.559322033898305,0.615340419419707
04,eeg_post_ts,NoVisuals,NoVisuals,10,116,64,0.5517241379310345,0.638525564803805
04,eeg_post_ts,NoVisuals,NoVisuals,30,36,20,0.5555555555555556,0.654320987654321
04,eeg_post_ts,NoVisuals,NoVisuals,60,16,9,0.5625,0.65625
04,eeg_ts,FixedVideo,FixedVideo,1,1192,566,0.4748322147651007,0.38274739876582137
04,eeg_ts,FixedVideo,FixedVideo,2,596,285,0.47818791946308725,0.34608801405342104
04,eeg_ts,FixedVideo,FixedVideo,5,236,111,0.4703389830508475,0.3513358230393565
04,eeg_ts,FixedVideo,FixedVideo,10,116,58,0.5,0.30023781212841855
04,eeg_ts,FixedVideo,FixedVideo,30,36,18,0.5,0.19135802469135804
04,eeg_ts,FixedVideo,FixedVideo,60,16,8,0.5,0.125
04,eeg_ts,FixedVideo,MovingTargetNoise,1,1192,561,0.47063758389261745,0.4746970857168596
04,eeg_ts,FixedVideo,MovingTargetNoise,2,596,284,0.47651006711409394,0.5060808071708481
04,eeg_ts,FixedVideo,MovingTargetNoise,5,236,131,0.5550847457627118,0.5594656707842574
04,eeg_ts,FixedVideo,MovingTargetNoise,10,116,61,0.5258620689655172,0.5808561236623068
04,eeg_ts,FixedVideo,MovingTargetNoise,30,36,21,0.5833333333333334,0.6327160493827161
04,eeg_ts,FixedVideo,MovingTargetNoise,60,16,9,0.5625,0.59375
04,eeg_ts,FixedVideo,MovingVideo,1,1192,539,0.4521812080536913,0.4293246925814153
04,eeg_ts,FixedVideo,MovingVideo,2,596,259,0.43456375838926176,0.4239786496103779
04,eeg_ts,FixedVideo,MovingVideo,5,236,107,0.4533898305084746,0.44979890835966685
04,eeg_ts,FixedVideo,MovingVideo,10,116,54,0.46551724137931033,0.4381688466111772
04,eeg_ts,FixedVideo,MovingVideo,30,36,17,0.4722222222222222,0.44753086419753085
04,eeg_ts,FixedVideo,MovingVideo,60,16,7,0.4375,0.515625
04,eeg_ts,FixedVideo,NoVisuals,1,1192,661,0.5545302013422819,0.5819219854961488
04,eeg_ts,FixedVideo,NoVisuals,2,596,326,0.5469798657718121,0.5566753749831088
04,eeg_ts,FixedVideo,NoVisuals,5,236,120,0.5084745762711864,0.5225509910945131
04,eeg_ts,FixedVideo,NoVisuals,10,116,68,0.5862068965517241,0.5490487514863258
04,eeg_ts,FixedVideo,NoVisuals,30,36,21,0.5833333333333334,0.5679012345679013
04,eeg_ts,FixedVideo,NoVisuals,60,16,12,0.75,0.546875
04,eeg_ts,MovingTargetNoise,FixedVideo,1,1192,579,0.48573825503355705,0.4750180172064322
04,eeg_ts,MovingTargetNoise,FixedVideo,2,596,292,0.4899328859060403,0.4666231250844556
04,eeg_ts,MovingTargetNoise,FixedVideo,5,236,126,0.5338983050847458,0.49231542660155125
04,eeg_ts,MovingTargetNoise,FixedVideo,10,116,60,0.5172413793103449,0.4863258026159334
04,eeg_ts,MovingTargetNoise,FixedVideo,30,36,18,0.5,0.4783950617283951
04,eeg_ts,MovingTargetNoise,FixedVideo,60,16,8,0.5,0.515625
04,eeg_ts,MovingTargetNoise,MovingTargetNoise,1,1192,510,0.4278523489932886,0.21646547452817444
04,eeg_ts,MovingTargetNoise,MovingTargetNoise,2,596,252,0.4228187919463087,0.17415882167469934
04,eeg_ts,MovingTargetNoise,MovingTargetNoise,5,236,105,0.4449152542372881,0.11534041941970696
04,eeg_ts,MovingTargetNoise,MovingTargetNoise,10,116,54,0.46551724137931033,0.07669441141498215
04,eeg_ts,MovingTargetNoise,MovingTargetNoise,30,36,17,0.4722222222222222,0.01851851851851852
04,eeg_ts,MovingTargetNoise,MovingTargetNoise,60,16,8,0.5,0.0
04,eeg_ts,MovingTargetNoise,MovingVideo,1,1192,604,0.5067114093959731,0.5264740327012297
04,eeg_ts,MovingTargetNoise,MovingVideo,2,596,299,0.5016778523489933,0.5151231926489798
04,eeg_ts,MovingTargetNoise,MovingVideo,5,236,120,0.5084745762711864,0.5571674806090204
04,eeg_ts,MovingTargetNoise,MovingVideo,10,116,59,0.5086206896551724,0.592449464922711
04,eeg_ts,MovingTargetNoise,MovingVideo,30,36,18,0.5,0.6697530864197531
04,eeg_ts,MovingTargetNoise,MovingVideo,60,16,8,0.5,0.78125
04,eeg_ts,MovingTargetNoise,NoVisuals,1,1192,804,0.674496644295302,0.7968165848385208
04,eeg_ts,MovingTargetNoise,NoVisuals,2,596,407,0.6828859060402684,0.7873068780685555
04,eeg_ts,MovingTargetNoise,NoVisuals,5,236,144,0.6101694915254238,0.772479172651537
04,eeg_ts,MovingTargetNoise,NoVisuals,10,116,73,0.6293103448275862,0.8186682520808561
04,eeg_ts,MovingTargetNoise,NoVisuals,30,36,23,0.6388888888888888,0.8858024691358025
04,eeg_ts,MovingTargetNoise,NoVisuals,60,16,12,0.75,1.0
04,eeg_ts,MovingVideo,FixedVideo,1,1192,587,0.4924496644295302,0.46416265033106624
04,eeg_ts,MovingVideo,FixedVideo,2,596,295,0.4949664429530201,0.47699427953695783
04,eeg_ts,MovingVideo,FixedVideo,5,236,119,0.5042372881355932,0.47787991956334386
04,eeg_ts,MovingVideo,FixedVideo,10,116,59,0.5086206896551724,0.46700356718192626
04,eeg_ts,MovingVideo,FixedVideo,30,36,19,0.5277777777777778,0.45987654320987653
04,eeg_ts,MovingVideo,FixedVideo,60,16,8,0.5,0.46875
04,eeg_ts,MovingVideo,MovingTargetNoise,1,1192,626,0.5251677852348994,0.5691156929868024
04,eeg_ts,MovingVideo,MovingTargetNoise,2,596,308,0.5167785234899329,0.5400770235574974
04,eeg_ts,MovingVideo,MovingTargetNoise,5,236,129,0.5466101694915254,0.5566647515081873
04,eeg_ts,MovingVideo,MovingTargetNoise,10,116,64,0.5517241379310345,0.5609393579072532
04,eeg_ts,MovingVideo,MovingTargetNoise,30,36,21,0.5833333333333334,0.5555555555555556
04,eeg_ts,MovingVideo,MovingTargetNoise,60,16,9,0.5625,0.53125
04,eeg_ts,MovingVideo,MovingVideo,1,1192,441,0.3699664429530201,0.21035651547227602
04,eeg_ts,MovingVideo,MovingVideo,2,596,227,0.3808724832214765,0.1844961938651412
04,eeg_ts,MovingVideo,MovingVideo,5,236,100,0.423728813559322,0.19089342143062338
04,eeg_ts,MovingVideo,MovingVideo,10,116,49,0.4224137931034483,0.1670630202140309
04,eeg_ts,MovingVideo,MovingVideo,30,36,16,0.4444444444444444,0.14197530864197533
04,eeg_ts,MovingVideo,MovingVideo,60,16,8,0.5,0.125
04,eeg_ts,MovingVideo,NoVisuals,1,1192,576,0.48322147651006714,0.5753625962794469
04,eeg_ts,MovingVideo,NoVisuals,2,596,293,0.49161073825503354,0.5655826314129995
04,eeg_ts,MovingVideo,NoVisuals,5,236,112,0.4745762711864407,0.5710284401034185
04,eeg_ts,MovingVideo,NoVisuals,10,116,53,0.45689655172413796,0.569857312722949
04,eeg_ts,MovingVideo,NoVisuals,30,36,15,0.4166666666666667,0.5679012345679012
04,eeg_ts,MovingVideo,NoVisuals,60,16,6,0.375,0.546875
04,eeg_ts,NoVisuals,FixedVideo,1,1192,633,0.5310402684563759,0.5515770686005135
04,eeg_ts,NoVisuals,FixedVideo,2,596,334,0.5604026845637584,0.5393112922841313
04,eeg_ts,NoVisuals,FixedVideo,5,236,119,0.5042372881355932,0.5178827923010629
04,eeg_ts,NoVisuals,FixedVideo,10,116,59,0.5086206896551724,0.5178359096313911
04,eeg_ts,NoVisuals,FixedVideo,30,36,18,0.5,0.5154320987654322
04,eeg_ts,NoVisuals,FixedVideo,60,16,9,0.5625,0.46875
04,eeg_ts,NoVisuals,MovingTargetNoise,1,1192,695,0.5830536912751678,0.7166118643304354
04,eeg_ts,NoVisuals,MovingTargetNoise,2,596,337,0.5654362416107382,0.6999797306427639
04,eeg_ts,NoVisuals,MovingTargetNoise,5,236,133,0.5635593220338984,0.6958488939959782
04,eeg_ts,NoVisuals,MovingTargetNoise,10,116,64,0.5517241379310345,0.7247324613555292
04,eeg_ts,NoVisuals,MovingTargetNoise,30,36,19,0.5277777777777778,0.8055555555555555
04,eeg_ts,NoVisuals,MovingTargetNoise,60,16,8,0.5,0.765625
04,eeg_ts,NoVisuals,MovingVideo,1,1192,613,0.514261744966443,0.5439816900139633
04,eeg_ts,NoVisuals,MovingVideo,2,596,309,0.5184563758389261,0.5307756407369038
04,eeg_ts,NoVisuals,MovingVideo,5,236,124,0.5254237288135594,0.5464665326055732
04,eeg_ts,NoVisuals,MovingVideo,10,116,60,0.5172413793103449,0.5451843043995244
04,eeg_ts,NoVisuals,MovingVideo,30,36,21,0.5833333333333334,0.5401234567901234
04,eeg_ts,NoVisuals,MovingVideo,60,16,9,0.5625,0.53125
04,eeg_ts,NoVisuals,NoVisuals,1,1192,637,0.5343959731543624,0.5297340209900454
04,eeg_ts,NoVisuals,NoVisuals,2,596,309,0.5184563758389261,0.5076573127336607
04,eeg_ts,NoVisuals,NoVisuals,5,236,117,0.4957627118644068,0.4472852628555013
04,eeg_ts,NoVisuals,NoVisuals,10,116,57,0.49137931034482757,0.4346016646848989
04,eeg_ts,NoVisuals,NoVisuals,30,36,18,0.5,0.39506172839506176
04,eeg_ts,NoVisuals,NoVisuals,60,16,8,0.5,0.34375
04,eog_ts,FixedVideo,FixedVideo,1,1192,648,0.5436241610738255,0.5468334759695508
04,eog_ts,FixedVideo,FixedVideo,2,596,380,0.6375838926174496,0.6605558308184316
04,eog_ts,FixedVideo,FixedVideo,5,236,185,0.7838983050847458,0.8543521976443551
04,eog_ts,FixedVideo,FixedVideo,10,116,91,0.7844827586206896,0.8983353151010701
04,eog_ts,FixedVideo,FixedVideo,30,36,31,0.8611111111111112,0.9691358024691358
04,eog_ts,FixedVideo,FixedVideo,60,16,14,0.875,1.0
04,eog_ts,FixedVideo,MovingTargetNoise,1,1192,749,0.6283557046979866,0.6870298635196614
04,eog_ts,FixedVideo,MovingTargetNoise,2,596,377,0.6325503355704698,0.6965789829286969
04,eog_ts,FixedVideo,MovingTargetNoise,5,236,154,0.652542372881356,0.7107871301350186
04,eog_ts,FixedVideo,MovingTargetNoise,10,116,80,0.6896551724137931,0.7449464922711059
04,eog_ts,FixedVideo,MovingTargetNoise,30,36,25,0.6944444444444444,0.8209876543209876
04,eog_ts,FixedVideo,MovingTargetNoise,60,16,13,0.8125,0.921875
04,eog_ts,FixedVideo,MovingVideo,1,1192,551,0.462248322147651,0.4624594612855277
04,eog_ts,FixedVideo,MovingVideo,2,596,291,0.48825503355704697,0.46854871402189086
04,eog_ts,FixedVideo,MovingVideo,5,236,112,0.4745762711864407,0.48570812984774486
04,eog_ts,FixedVideo,MovingVideo,10,116,59,0.5086206896551724,0.4765160523186683
04,eog_ts,FixedVideo,MovingVideo,30,36,17,0.4722222222222222,0.4598765432098766
04,eog_ts,FixedVideo,MovingVideo,60,16,6,0.375,0.453125
04,eog_ts,FixedVideo,NoVisuals,1,1192,587,0.4924496644295302,0.49676534840772935
04,eog_ts,FixedVideo,NoVisuals,2,596,305,0.511744966442953,0.5194473221926941
04,eog_ts,FixedVideo,NoVisuals,5,236,130,0.5508474576271186,0.559322033898305
04,eog_ts,FixedVideo,NoVisuals,10,116,62,0.5344827586206896,0.5677764565992865
04,eog_ts,FixedVideo,NoVisuals,30,36,19,0.5277777777777778,0.558641975308642
04,eog_ts,FixedVideo,NoVisuals,60,16,8,0.5,0.5625
04,eog_ts,MovingTargetNoise,FixedVideo,1,1192,765,0.6417785234899329,0.7196438223503445
04,eog_ts,MovingTargetNoise,FixedVideo,2,596,396,0.6644295302013423,0.7457659564884465
04,eog_ts,MovingTargetNoise,FixedVideo,5,236,169,0.7161016949152542,0.7930910657856938
04,eog_ts,MovingTargetNoise,FixedVideo,10,116,83,0.7155172413793104,0.8085612366230677
04,eog_ts,MovingTargetNoise,FixedVideo,30,36,27,0.75,0.8580246913580246
04,eog_ts,MovingTargetNoise,FixedVideo,60,16,13,0.8125,0.890625
04,eog_ts,MovingTargetNoise,MovingTargetNoise,1,1192,725,0.6082214765100671,0.6507364533129139
04,eog_ts,MovingTargetNoise,MovingTargetNoise,2,596,382,0.6409395973154363,0.6880771136435295
04,eog_ts,MovingTargetNoise,MovingTargetNoise,5,236,158,0.6694915254237288,0.702671646078713
04,eog_ts,MovingTargetNoise,MovingTargetNoise,10,116,78,0.6724137931034483,0.7282996432818073
04,eog_ts,MovingTargetNoise,MovingTargetNoise,30,36,27,0.75,0.7962962962962963
04,eog_ts,MovingTargetNoise,MovingTargetNoise,60,16,14,0.875,0.75
04,eog_ts,MovingTargetNoise,MovingVideo,1,1192,553,0.4639261744966443,0.46385297959551375
04,eog_ts,MovingTargetNoise,MovingVideo,2,596,263,0.4412751677852349,0.46287329399576593
04,eog_ts,MovingTargetNoise,MovingVideo,5,236,95,0.4025423728813559,0.48182993392703244
04,eog_ts,MovingTargetNoise,MovingVideo,10,116,47,0.4051724137931034,0.4937574316290131
04,eog_ts,MovingTargetNoise,MovingVideo,30,36,13,0.3611111111111111,0.5
04,eog_ts,MovingTargetNoise,MovingVideo,60,16,7,0.4375,0.546875
04,eog_ts,MovingTargetNoise,NoVisuals,1,1192,579,0.48573825503355705,0.44194236746092513
04,eog_ts,MovingTargetNoise,NoVisuals,2,596,288,0.48322147651006714,0.4500360344128643
04,eog_ts,MovingTargetNoise,NoVisuals,5,236,124,0.5254237288135594,0.4937517954610744
04,eog_ts,MovingTargetNoise,NoVisuals,10,116,54,0.46551724137931033,0.4693816884661118
04,eog_ts,MovingTargetNoise,NoVisuals,30,36,17,0.4722222222222222,0.4907407407407407
04,eog_ts,MovingTargetNoise,NoVisuals,60,16,9,0.5625,0.5625
04,eog_ts,MovingVideo,FixedVideo,1,1192,415,0.34815436241610737,0.3111599702716094
04,eog_ts,MovingVideo,FixedVideo,2,596,192,0.3221476510067114,0.28022386378991937
04,eog_ts,MovingVideo,FixedVideo,5,236,76,0.3220338983050847,0.2796610169491525
04,eog_ts,MovingVideo,FixedVideo,10,116,29,0.25,0.2425683709869203
04,eog_ts,MovingVideo,FixedVideo,30,36,7,0.19444444444444445,0.17901234567901236
04,eog_ts,MovingVideo,FixedVideo,60,16,4,0.25,0.21875
04,eog_ts,MovingVideo,MovingTargetNoise,1,1192,485,0.40687919463087246,0.3427407549209495
04,eog_ts,MovingVideo,MovingTargetNoise,2,596,225,0.3775167785234899,0.33580694563307967
04,eog_ts,MovingVideo,MovingTargetNoise,5,236,95,0.4025423728813559,0.39428325193909797
04,eog_ts,MovingVideo,MovingTargetNoise,10,116,41,0.35344827586206895,0.3760404280618312
04,eog_ts,MovingVideo,MovingTargetNoise,30,36,11,0.3055555555555556,0.3487654320987654
04,eog_ts,MovingVideo,MovingTargetNoise,60,16,4,0.25,0.21875
04,eog_ts,MovingVideo,MovingVideo,1,1192,345,0.28942953020134227,0.22060380163055718
04,eog_ts,MovingVideo,MovingVideo,2,596,183,0.3070469798657718,0.2212963380027927
04,eog_ts,MovingVideo,MovingVideo,5,236,79,0.3347457627118644,0.23470267164607866
04,eog_ts,MovingVideo,MovingVideo,10,116,44,0.3793103448275862,0.18430439952437577
04,eog_ts,MovingVideo,MovingVideo,30,36,12,0.3333333333333333,0.061728395061728406
04,eog_ts,MovingVideo,MovingVideo,60,16,5,0.3125,0.0
04,eog_ts,MovingVideo,NoVisuals,1,1192,558,0.46812080536912754,0.4579157470384217
04,eog_ts,MovingVideo,NoVisuals,2,596,277,0.46476510067114096,0.4538309085176344
04,eog_ts,MovingVideo,NoVisuals,5,236,97,0.4110169491525424,0.3922723355357655
04,eog_ts,MovingVideo,NoVisuals,10,116,38,0.3275862068965517,0.36860879904875143
04,eog_ts,MovingVideo,NoVisuals,30,36,10,0.2777777777777778,0.30864197530864196
04,eog_ts,MovingVideo,NoVisuals,60,16,4,0.25,0.203125
04,eog_ts,NoVisuals,FixedVideo,1,1192,571,0.4790268456375839,0.49398112697626234
04,eog_ts,NoVisuals,FixedVideo,2,596,287,0.4815436241610738,0.48984279987387946
04,eog_ts,NoVisuals,FixedVideo,5,236,120,0.5084745762711864,0.5203964378052284
04,eog_ts,NoVisuals,FixedVideo,10,116,58,0.5,0.5208085612366231
04,eog_ts,NoVisuals,FixedVideo,30,36,20,0.5555555555555556,0.6018518518518519
04,eog_ts,NoVisuals,FixedVideo,60,16,8,0.5,0.59375
04,eog_ts,NoVisuals,MovingTargetNoise,1,1192,544,0.4563758389261745,0.4629830863474618
04,eog_ts,NoVisuals,MovingTargetNoise,2,596,274,0.4597315436241611,0.4722985451105806
04,eog_ts,NoVisuals,MovingTargetNoise,5,236,111,0.4703389830508475,0.4933927032461936
04,eog_ts,NoVisuals,MovingTargetNoise,10,116,54,0.46551724137931033,0.4997027348394768
04,eog_ts,NoVisuals,MovingTargetNoise,30,36,18,0.5,0.5185185185185185
04,eog_ts,NoVisuals,MovingTargetNoise,60,16,7,0.4375,0.515625
04,eog_ts,NoVisuals,MovingVideo,1,1192,579,0.48573825503355705,0.49919485608756364
04,eog_ts,NoVisuals,MovingVideo,2,596,297,0.4983221476510067,0.503535876762308
04,eog_ts,NoVisuals,MovingVideo,5,236,122,0.5169491525423728,0.5080436656133295
04,eog_ts,NoVisuals,MovingVideo,10,116,50,0.43103448275862066,0.5047562425683709
04,eog_ts,NoVisuals,MovingVideo,30,36,16,0.4444444444444444,0.4783950617283951
04,eog_ts,NoVisuals,MovingVideo,60,16,7,0.4375,0.421875
04,eog_ts,NoVisuals,NoVisuals,1,1192,591,0.49580536912751677,0.48336223593531824
04,eog_ts,NoVisuals,NoVisuals,2,596,331,0.5553691275167785,0.5570469798657718
04,eog_ts,NoVisuals,NoVisuals,5,236,136,0.576271186440678,0.6160586038494686
04,eog_ts,NoVisuals,NoVisuals,10,116,71,0.6120689655172413,0.6872770511296076
04,eog_ts,NoVisuals,NoVisuals,30,36,21,0.5833333333333334,0.7962962962962963
04,eog_ts,NoVisuals,NoVisuals,60,16,10,0.625,0.84375
04,gazectrl_csp,FixedVideo,FixedVideo,1,1192,571,0.4790268456375839,0.4826922210711229
04,gazectrl_csp,FixedVideo,FixedVideo,2,596,281,0.4714765100671141,0.475631728300527
04,gazectrl_csp,FixedVideo,FixedVideo,5,236,107,0.4533898305084746,0.4915254237288136
04,gazectrl_csp,FixedVideo,FixedVideo,10,116,53,0.45689655172413796,0.4976218787158144
04,gazectrl_csp,FixedVideo,FixedVideo,30,36,14,0.3888888888888889,0.5185185185185185
04,gazectrl_csp,FixedVideo,FixedVideo,60,16,8,0.5,0.34375
04,gazectrl_csp,FixedVideo,MovingTargetNoise,1,1192,620,0.5201342281879194,0.5198189270753569
04,gazectrl_csp,FixedVideo,MovingTargetNoise,2,596,324,0.5436241610738255,0.5241543173730914
04,gazectrl_csp,FixedVideo,MovingTargetNoise,5,236,129,0.5466101694915254,0.5238437230680839
04,gazectrl_csp,FixedVideo,MovingTargetNoise,10,116,63,0.5431034482758621,0.5121878715814506
04,gazectrl_csp,FixedVideo,MovingTargetNoise,30,36,18,0.5,0.49691358024691357
04,gazectrl_csp,FixedVideo,MovingTargetNoise,60,16,8,0.5,0.453125
04,gazectrl_csp,FixedVideo,MovingVideo,1,1192,590,0.4949664429530201,0.506058285662808
04,gazectrl_csp,FixedVideo,MovingVideo,2,596,306,0.5134228187919463,0.5149430205846584
04,gazectrl_csp,FixedVideo,MovingVideo,5,236,121,0.5127118644067796,0.5282246480896294
04,gazectrl_csp,FixedVideo,MovingVideo,10,116,60,0.5172413793103449,0.5481569560047563
04,gazectrl_csp,FixedVideo,MovingVideo,30,36,19,0.5277777777777778,0.5802469135802468
04,gazectrl_csp,FixedVideo,MovingVideo,60,16,9,0.5625,0.5625
04,gazectrl_csp,FixedVideo,NoVisuals,1,1192,627,0.5260067114093959,0.5322395387595155
04,gazectrl_csp,FixedVideo,NoVisuals,2,596,315,0.5285234899328859,0.5377798297373992
04,gazectrl_csp,FixedVideo,NoVisuals,5,236,129,0.5466101694915254,0.5465383510485493
04,gazectrl_csp,FixedVideo,NoVisuals,10,116,63,0.5431034482758621,0.5338882282996433
04,gazectrl_csp,FixedVideo,NoVisuals,30,36,20,0.5555555555555556,0.5493827160493827
04,gazectrl_csp,FixedVideo,NoVisuals,60,16,8,0.5,0.53125
04,gazectrl_csp,MovingTargetNoise,FixedVideo,1,1192,586,0.49161073825503354,0.4792661366605108
04,gazectrl_csp,MovingTargetNoise,FixedVideo,2,596,299,0.5016778523489933,0.4951466150173416
04,gazectrl_csp,MovingTargetNoise,FixedVideo,5,236,118,0.5,0.5017236426314278
04,gazectrl_csp,MovingTargetNoise,FixedVideo,10,116,60,0.5172413793103449,0.49940546967895366
04,gazectrl_csp,MovingTargetNoise,FixedVideo,30,36,17,0.4722222222222222,0.4876543209876543
04,gazectrl_csp,MovingTargetNoise,FixedVideo,60,16,8,0.5,0.484375
04,gazectrl_csp,MovingTargetNoise,MovingTargetNoise,1,1192,552,0.46308724832214765,0.43199630647268145
04,gazectrl_csp,MovingTargetNoise,MovingTargetNoise,2,596,283,0.4748322147651007,0.4170758073960632
04,gazectrl_csp,MovingTargetNoise,MovingTargetNoise,5,236,116,0.4915254237288136,0.3720195346164895
04,gazectrl_csp,MovingTargetNoise,MovingTargetNoise,10,116,57,0.49137931034482757,0.33828775267538647
04,gazectrl_csp,MovingTargetNoise,MovingTargetNoise,30,36,18,0.5,0.25308641975308643
04,gazectrl_csp,MovingTargetNoise,MovingTargetNoise,60,16,8,0.5,0.15625
04,gazectrl_csp,MovingTargetNoise,MovingVideo,1,1192,610,0.511744966442953,0.531696207378046
04,gazectrl_csp,MovingTargetNoise,MovingVideo,2,596,328,0.5503355704697986,0.540921580109004
04,gazectrl_csp,MovingTargetNoise,MovingVideo,5,236,123,0.5211864406779662,0.575409365124964
04,gazectrl_csp,MovingTargetNoise,MovingVideo,10,116,65,0.5603448275862069,0.6165279429250892
04,gazectrl_csp,MovingTargetNoise,MovingVideo,30,36,19,0.5277777777777778,0.6882716049382716
04,gazectrl_csp,MovingTargetNoise,MovingVideo,60,16,9,0.5625,0.640625
04,gazectrl_csp,MovingTargetNoise,NoVisuals,1,1192,568,0.47651006711409394,0.4697564298905455
04,gazectrl_csp,MovingTargetNoise,NoVisuals,2,596,293,0.49161073825503354,0.47664519616233497
04,gazectrl_csp,MovingTargetNoise,NoVisuals,5,236,113,0.4788135593220339,0.48922723355357656
04,gazectrl_csp,MovingTargetNoise,NoVisuals,10,116,56,0.4827586206896552,0.4890011890606421
04,gazectrl_csp,MovingTargetNoise,NoVisuals,30,36,19,0.5277777777777778,0.5123456790123457
04,gazectrl_csp,MovingTargetNoise,NoVisuals,60,16,8,0.5,0.59375
04,gazectrl_csp,MovingVideo,FixedVideo,1,1192,623,0.5226510067114094,0.5403219449574344
04,gazectrl_csp,MovingVideo,FixedVideo,2,596,315,0.5285234899328859,0.5562812485924058
04,gazectrl_csp,MovingVideo,FixedVideo,5,236,126,0.5338983050847458,0.5512065498419995
04,gazectrl_csp,MovingVideo,FixedVideo,10,116,64,0.5517241379310345,0.570154577883472
04,gazectrl_csp,MovingVideo,FixedVideo,30,36,22,0.6111111111111112,0.6049382716049383
04,gazectrl_csp,MovingVideo,FixedVideo,60,16,10,0.625,0.59375
04,gazectrl_csp,MovingVideo,MovingTargetNoise,1,1192,626,0.5251677852348994,0.5321776046124049
04,gazectrl_csp,MovingVideo,MovingTargetNoise,2,596,301,0.5050335570469798,0.5349083374622765
04,gazectrl_csp,MovingVideo,MovingTargetNoise,5,236,114,0.4830508474576271,0.5156564205688021
04,gazectrl_csp,MovingVideo,MovingTargetNoise,10,116,55,0.47413793103448276,0.5267538644470868
04,gazectrl_csp,MovingVideo,MovingTargetNoise,30,36,22,0.6111111111111112,0.5308641975308641
04,gazectrl_csp,MovingVideo,MovingTargetNoise,60,16,9,0.5625,0.59375
04,gazectrl_csp,MovingVideo,MovingVideo,1,1192,569,0.4773489932885906,0.45330165307869014
04,gazectrl_csp,MovingVideo,MovingVideo,2,596,291,0.48825503355704697,0.42029638304580874
04,gazectrl_csp,MovingVideo,MovingVideo,5,236,116,0.4915254237288136,0.3937087043952887
04,gazectrl_csp,MovingVideo,MovingVideo,10,116,58,0.5,0.3489892984542212
04,gazectrl_csp,MovingVideo,MovingVideo,30,36,18,0.5,0.33333333333333337
04,gazectrl_csp,MovingVideo,MovingVideo,60,16,8,0.5,0.375
04,gazectrl_csp,MovingVideo,NoVisuals,1,1192,586,0.49161073825503354,0.48809456781226074
04,gazectrl_csp,MovingVideo,NoVisuals,2,596,298,0.5,0.49506778973920096
04,gazectrl_csp,MovingVideo,NoVisuals,5,236,115,0.4872881355932203,0.4845590347601264
04,gazectrl_csp,MovingVideo,NoVisuals,10,116,55,0.47413793103448276,0.4800832342449465
04,gazectrl_csp,MovingVideo,NoVisuals,30,36,16,0.4444444444444444,0.5
04,gazectrl_csp,MovingVideo,NoVisuals,60,16,7,0.4375,0.5
04,gazectrl_csp,NoVisuals,FixedVideo,1,1192,609,0.5109060402684564,0.5178426647448313
04,gazectrl_csp,NoVisuals,FixedVideo,2,596,308,0.5167785234899329,0.5195486689788749
04,gazectrl_csp,NoVisuals,FixedVideo,5,236,124,0.5254237288135594,0.5313128411376041
04,gazectrl_csp,NoVisuals,FixedVideo,10,116,65,0.5603448275862069,0.5332936979785969
04,gazectrl_csp,NoVisuals,FixedVideo,30,36,18,0.5,0.5092592592592592
04,gazectrl_csp,NoVisuals,FixedVideo,60,16,7,0.4375,0.5
04,gazectrl_csp,NoVisuals,MovingTargetNoise,1,1192,565,0.473993288590604,0.4664485833971443
04,gazectrl_csp,NoVisuals,MovingTargetNoise,2,596,273,0.45805369127516776,0.45231070672492224
04,gazectrl_csp,NoVisuals,MovingTargetNoise,5,236,115,0.4872881355932203,0.4530307382935938
04,gazectrl_csp,NoVisuals,MovingTargetNoise,10,116,51,0.4396551724137931,0.43162901307966706
04,gazectrl_csp,NoVisuals,MovingTargetNoise,30,36,17,0.4722222222222222,0.44753086419753085
04,gazectrl_csp,NoVisuals,MovingTargetNoise,60,16,6,0.375,0.296875
04,gazectrl_csp,NoVisuals,MovingVideo,1,1192,565,0.473993288590604,0.48484865546597
04,gazectrl_csp,NoVisuals,MovingVideo,2,596,280,0.4697986577181208,0.48386333948921223
04,gazectrl_csp,NoVisuals,MovingVideo,5,236,117,0.4957627118644068,0.49418270611893134
04,gazectrl_csp,NoVisuals,MovingVideo,10,116,55,0.47413793103448276,0.5005945303210464
04,gazectrl_csp,NoVisuals,MovingVideo,30,36,16,0.4444444444444444,0.4938271604938272
04,gazectrl_csp,NoVisuals,MovingVideo,60,16,8,0.5,0.5
04,gazectrl_csp,NoVisuals,NoVisuals,1,1192,628,0.5268456375838926,0.534852033692176
04,gazectrl_csp,NoVisuals,NoVisuals,2,596,322,0.540268456375839,0.5512814738074862
04,gazectrl_csp,NoVisuals,NoVisuals,5,236,134,0.5677966101694916,0.5899166906061477
04,gazectrl_csp,NoVisuals,NoVisuals,10,116,63,0.5431034482758621,0.6010701545778835
04,gazectrl_csp,NoVisuals,NoVisuals,30,36,19,0.5277777777777778,0.6790123456790123
04,gazectrl_csp,NoVisuals,NoVisuals,60,16,8,0.5,0.75
04,gazectrl_ts,FixedVideo,FixedVideo,1,1192,571,0.4790268456375839,0.4656772217467682
04,gazectrl_ts,FixedVideo,FixedVideo,2,596,281,0.4714765100671141,0.4412864285392549
04,gazectrl_ts,FixedVideo,FixedVideo,5,236,111,0.4703389830508475,0.39227233553576557
04,gazectrl_ts,FixedVideo,FixedVideo,10,116,53,0.45689655172413796,0.37395957193816887
04,gazectrl_ts,FixedVideo,FixedVideo,30,36,18,0.5,0.25308641975308643
04,gazectrl_ts,FixedVideo,FixedVideo,60,16,8,0.5,0.21875
04,gazectrl_ts,FixedVideo,MovingTargetNoise,1,1192,593,0.4974832214765101,0.48221082383676406
04,gazectrl_ts,FixedVideo,MovingTargetNoise,2,596,288,0.48322147651006714,0.487624431331922
04,gazectrl_ts,FixedVideo,MovingTargetNoise,5,236,110,0.4661016949152542,0.474288997414536
04,gazectrl_ts,FixedVideo,MovingTargetNoise,10,116,52,0.4482758620689655,0.4901902497027349
04,gazectrl_ts,FixedVideo,MovingTargetNoise,30,36,16,0.4444444444444444,0.4444444444444444
04,gazectrl_ts,FixedVideo,MovingTargetNoise,60,16,6,0.375,0.4375
04,gazectrl_ts,FixedVideo,MovingVideo,1,1192,616,0.5167785234899329,0.5297114994820054
04,gazectrl_ts,FixedVideo,MovingVideo,2,596,330,0.5536912751677853,0.5522611594072339
04,gazectrl_ts,FixedVideo,MovingVideo,5,236,130,0.5508474576271186,0.5837403045101983
04,gazectrl_ts,FixedVideo,MovingVideo,10,116,62,0.5344827586206896,0.5951248513674197
04,gazectrl_ts,FixedVideo,MovingVideo,30,36,20,0.5555555555555556,0.6358024691358025
04,gazectrl_ts,FixedVideo,MovingVideo,60,16,9,0.5625,0.6875
04,gazectrl_ts,FixedVideo,NoVisuals,1,1192,608,0.5100671140939598,0.5032093148957254
04,gazectrl_ts,FixedVideo,NoVisuals,2,596,301,0.5050335570469798,0.4957884779964867
04,gazectrl_ts,FixedVideo,NoVisuals,5,236,122,0.5169491525423728,0.4901608733122666
04,gazectrl_ts,FixedVideo,NoVisuals,10,116,58,0.5,0.4875148632580262
04,gazectrl_ts,FixedVideo,NoVisuals,30,36,19,0.5277777777777778,0.4320987654320988
04,gazectrl_ts,FixedVideo,NoVisuals,60,16,8,0.5,0.421875
04,gazectrl_ts,MovingTargetNoise,FixedVideo,1,1192,594,0.4983221476510067,0.504174924552948
04,gazectrl_ts,MovingTargetNoise,FixedVideo,2,596,292,0.4899328859060403,0.5075672267014999
04,gazectrl_ts,MovingTargetNoise,FixedVideo,5,236,117,0.4957627118644068,0.4867854064923872
04,gazectrl_ts,MovingTargetNoise,FixedVideo,10,116,52,0.4482758620689655,0.47294887039239
04,gazectrl_ts,MovingTargetNoise,FixedVideo,30,36,16,0.4444444444444444,0.4876543209876544
04,gazectrl_ts,MovingTargetNoise,FixedVideo,60,16,10,0.625,0.390625
04,gazectrl_ts,MovingTargetNoise,MovingTargetNoise,1,1192,580,0.4865771812080537,0.47290662582766546
04,gazectrl_ts,MovingTargetNoise,MovingTargetNoise,2,596,293,0.49161073825503354,0.47448313139047793
04,gazectrl_ts,MovingTargetNoise,MovingTargetNoise,5,236,115,0.4872881355932203,0.4501580005745475
04,gazectrl_ts,MovingTargetNoise,MovingTargetNoise,10,116,55,0.47413793103448276,0.40309155766944116
04,gazectrl_ts,MovingTargetNoise,MovingTargetNoise,30,36,18,0.5,0.3827160493827161
04,gazectrl_ts,MovingTargetNoise,MovingTargetNoise,60,16,8,0.5,0.3125
04,gazectrl_ts,MovingTargetNoise,MovingVideo,1,1192,606,0.5083892617449665,0.5067564524120536
04,gazectrl_ts,MovingTargetNoise,MovingVideo,2,596,288,0.48322147651006714,0.500754470519346
04,gazectrl_ts,MovingTargetNoise,MovingVideo,5,236,116,0.4915254237288136,0.5185291582878484
04,gazectrl_ts,MovingTargetNoise,MovingVideo,10,116,62,0.5344827586206896,0.5306183115338883
04,gazectrl_ts,MovingTargetNoise,MovingVideo,30,36,17,0.4722222222222222,0.6018518518518519
04,gazectrl_ts,MovingTargetNoise,MovingVideo,60,16,7,0.4375,0.59375
04,gazectrl_ts,MovingTargetNoise,NoVisuals,1,1192,632,0.5302013422818792,0.5225947029413089
04,gazectrl_ts,MovingTargetNoise,NoVisuals,2,596,306,0.5134228187919463,0.5241655781271114
04,gazectrl_ts,MovingTargetNoise,NoVisuals,5,236,120,0.5084745762711864,0.5173082447572537
04,gazectrl_ts,MovingTargetNoise,NoVisuals,10,116,60,0.5172413793103449,0.5362663495838288
04,gazectrl_ts,MovingTargetNoise,NoVisuals,30,36,20,0.5555555555555556,0.5493827160493827
04,gazectrl_ts,MovingTargetNoise,NoVisuals,60,16,9,0.5625,0.578125
04,gazectrl_ts,MovingVideo,FixedVideo,1,1192,617,0.5176174496644296,0.5309417368587
04,gazectrl_ts,MovingVideo,FixedVideo,2,596,316,0.5302013422818792,0.5422278275753345
04,gazectrl_ts,MovingVideo,FixedVideo,5,236,129,0.5466101694915254,0.5600402183280667
04,gazectrl_ts,MovingVideo,FixedVideo,10,116,67,0.5775862068965517,0.5927467300832343
04,gazectrl_ts,MovingVideo,FixedVideo,30,36,20,0.5555555555555556,0.5740740740740741
04,gazectrl_ts,MovingVideo,FixedVideo,60,16,9,0.5625,0.625
04,gazectrl_ts,MovingVideo,MovingTargetNoise,1,1192,605,0.5075503355704698,0.5123136345209676
04,gazectrl_ts,MovingVideo,MovingTargetNoise,2,596,299,0.5016778523489933,0.5021733255258771
04,gazectrl_ts,MovingVideo,MovingTargetNoise,5,236,124,0.5254237288135594,0.5264291870152256
04,gazectrl_ts,MovingVideo,MovingTargetNoise,10,116,59,0.5086206896551724,0.5353745541022592
04,gazectrl_ts,MovingVideo,MovingTargetNoise,30,36,23,0.6388888888888888,0.5493827160493827
04,gazectrl_ts,MovingVideo,MovingTargetNoise,60,16,10,0.625,0.578125
04,gazectrl_ts,MovingVideo,MovingVideo,1,1192,575,0.4823825503355705,0.47635804693482275
04,gazectrl_ts,MovingVideo,MovingVideo,2,596,292,0.4899328859060403,0.4602495383090852
04,gazectrl_ts,MovingVideo,MovingVideo,5,236,116,0.4915254237288136,0.48046538351048546
04,gazectrl_ts,MovingVideo,MovingVideo,10,116,56,0.4827586206896552,0.4821640903686088
04,gazectrl_ts,MovingVideo,MovingVideo,30,36,18,0.5,0.5246913580246914
04,gazectrl_ts,MovingVideo,MovingVideo,60,16,8,0.5,0.59375
04,gazectrl_ts,MovingVideo,NoVisuals,1,1192,588,0.49328859060402686,0.5065227917661367
04,gazectrl_ts,MovingVideo,NoVisuals,2,596,293,0.49161073825503354,0.5152245394351606
04,gazectrl_ts,MovingVideo,NoVisuals,5,236,124,0.5254237288135594,0.5565211146222351
04,gazectrl_ts,MovingVideo,NoVisuals,10,116,64,0.5517241379310345,0.574910820451843
04,gazectrl_ts,MovingVideo,NoVisuals,30,36,22,0.6111111111111112,0.6111111111111112
04,gazectrl_ts,MovingVideo,NoVisuals,60,16,9,0.5625,0.65625
04,gazectrl_ts,NoVisuals,FixedVideo,1,1192,596,0.5,0.5039750461690915
04,gazectrl_ts,NoVisuals,FixedVideo,2,596,309,0.5184563758389261,0.5095491194090356
04,gazectrl_ts,NoVisuals,FixedVideo,5,236,126,0.5338983050847458,0.5188882505027291
04,gazectrl_ts,NoVisuals,FixedVideo,10,116,57,0.49137931034482757,0.5243757431629013
04,gazectrl_ts,NoVisuals,FixedVideo,30,36,19,0.5277777777777778,0.5925925925925926
04,gazectrl_ts,NoVisuals,FixedVideo,60,16,7,0.4375,0.578125
04,gazectrl_ts,NoVisuals,MovingTargetNoise,1,1192,605,0.5075503355704698,0.5126064141254898
04,gazectrl_ts,NoVisuals,MovingTargetNoise,2,596,308,0.5167785234899329,0.52019053195802
04,gazectrl_ts,NoVisuals,MovingTargetNoise,5,236,115,0.4872881355932203,0.5155127836828497
04,gazectrl_ts,NoVisuals,MovingTargetNoise,10,116,61,0.5258620689655172,0.5190249702734839
04,gazectrl_ts,NoVisuals,MovingTargetNoise,30,36,19,0.5277777777777778,0.5246913580246914
04,gazectrl_ts,NoVisuals,MovingTargetNoise,60,16,8,0.5,0.578125
04,gazectrl_ts,NoVisuals,MovingVideo,1,1192,586,0.49161073825503354,0.4951635061483717
04,gazectrl_ts,NoVisuals,MovingVideo,2,596,299,0.5016778523489933,0.5053601189135625
04,gazectrl_ts,NoVisuals,MovingVideo,5,236,122,0.5169491525423728,0.5349755817293882
04,gazectrl_ts,NoVisuals,MovingVideo,10,116,60,0.5172413793103449,0.5442925089179548
04,gazectrl_ts,NoVisuals,MovingVideo,30,36,20,0.5555555555555556,0.5709876543209877
04,gazectrl_ts,NoVisuals,MovingVideo,60,16,9,0.5625,0.546875
04,gazectrl_ts,NoVisuals,NoVisuals,1,1192,596,0.5,0.49384599792802125
04,gazectrl_ts,NoVisuals,NoVisuals,2,596,303,0.5083892617449665,0.5004954731768839
04,gazectrl_ts,NoVisuals,NoVisuals,5,236,120,0.5084745762711864,0.5170927894283253
04,gazectrl_ts,NoVisuals,NoVisuals,10,116,58,0.5,0.5136741973840666
04,gazectrl_ts,NoVisuals,NoVisuals,30,36,17,0.4722222222222222,0.5123456790123457
04,gazectrl_ts,NoVisuals,NoVisuals,60,16,8,0.5,0.4375
07,eeg_alpha_ts,FixedVideo,FixedVideo,1,1192,521,0.43708053691275167,0.42424327732985
07,eeg_alpha_ts,FixedVideo,FixedVideo,2,596,248,0.4161073825503356,0.3660645916850592
07,eeg_alpha_ts,FixedVideo,FixedVideo,5,236,83,0.3516949152542373,0.2935937948865268
07,eeg_alpha_ts,FixedVideo,FixedVideo,10,116,45,0.3879310344827586,0.262782401902497
07,eeg_alpha_ts,FixedVideo,FixedVideo,30,36,11,0.3055555555555556,0.18518518518518517
07,eeg_alpha_ts,FixedVideo,FixedVideo,60,16,4,0.25,0.125
07,eeg_alpha_ts,FixedVideo,MovingTargetNoise,1,1192,637,0.5343959731543624,0.540153033647133
07,eeg_alpha_ts,FixedVideo,MovingTargetNoise,2,596,310,0.5201342281879194,0.5425206071798567
07,eeg_alpha_ts,FixedVideo,MovingTargetNoise,5,236,135,0.5720338983050848,0.5742602700373456
07,eeg_alpha_ts,FixedVideo,MovingTargetNoise,10,116,60,0.5172413793103449,0.5689655172413792
07,eeg_alpha_ts,FixedVideo,MovingTargetNoise,30,36,21,0.5833333333333334,0.6635802469135802
07,eeg_alpha_ts,FixedVideo,MovingTargetNoise,60,16,11,0.6875,0.90625
07,eeg_alpha_ts,FixedVideo,MovingVideo,1,1192,623,0.5226510067114094,0.5334303634971398
07,eeg_alpha_ts,FixedVideo,MovingVideo,2,596,314,0.5268456375838926,0.5455047069951804
07,eeg_alpha_ts,FixedVideo,MovingVideo,5,236,133,0.5635593220338984,0.5716029876472278
07,eeg_alpha_ts,FixedVideo,MovingVideo,10,116,64,0.5517241379310345,0.5906658739595719
07,eeg_alpha_ts,FixedVideo,MovingVideo,30,36,20,0.5555555555555556,0.6481481481481481
07,eeg_alpha_ts,FixedVideo,MovingVideo,60,16,9,0.5625,0.640625
07,eeg_alpha_ts,FixedVideo,NoVisuals,1,1192,586,0.49161073825503354,0.5044705193459753
07,eeg_alpha_ts,FixedVideo,NoVisuals,2,596,311,0.5218120805369127,0.5173303004369173
07,eeg_alpha_ts,FixedVideo,NoVisuals,5,236,122,0.5169491525423728,0.5278655558747487
07,eeg_alpha_ts,FixedVideo,NoVisuals,10,116,64,0.5517241379310345,0.5502378121284186
07,eeg_alpha_ts,FixedVideo,NoVisuals,30,36,20,0.5555555555555556,0.5956790123456789
07,eeg_alpha_ts,FixedVideo,NoVisuals,60,16,9,0.5625,0.515625
07,eeg_alpha_ts,MovingTargetNoise,FixedVideo,1,1192,623,0.5226510067114094,0.5319720958515382
07,eeg_alpha_ts,MovingTargetNoise,FixedVideo,2,596,297,0.4983221476510067,0.5295707400567542
07,eeg_alpha_ts,MovingTargetNoise,FixedVideo,5,236,130,0.5508474576271186,0.5713875323182994
07,eeg_alpha_ts,MovingTargetNoise,FixedVideo,10,116,65,0.5603448275862069,0.5888822829964329
07,eeg_alpha_ts,MovingTargetNoise,FixedVideo,30,36,18,0.5,0.6018518518518519
07,eeg_alpha_ts,MovingTargetNoise,FixedVideo,60,16,12,0.75,0.71875
07,eeg_alpha_ts,MovingTargetNoise,MovingTargetNoise,1,1192,522,0.43791946308724833,0.3997680284671861
07,eeg_alpha_ts,MovingTargetNoise,MovingTargetNoise,2,596,235,0.39429530201342283,0.330548173505698
07,eeg_alpha_ts,MovingTargetNoise,MovingTargetNoise,5,236,94,0.3983050847457627,0.22234989945417982
07,eeg_alpha_ts,MovingTargetNoise,MovingTargetNoise,10,116,47,0.4051724137931034,0.15338882282996433
07,eeg_alpha_ts,MovingTargetNoise,MovingTargetNoise,30,36,16,0.4444444444444444,0.08024691358024692
07,eeg_alpha_ts,MovingTargetNoise,MovingTargetNoise,60,16,8,0.5,0.03125
07,eeg_alpha_ts,MovingTargetNoise,MovingVideo,1,1192,606,0.5083892617449665,0.5177694698437008
07,eeg_alpha_ts,MovingTargetNoise,MovingVideo,2,596,310,0.5201342281879194,0.5240642313409306
07,eeg_alpha_ts,MovingTargetNoise,MovingVideo,5,236,117,0.4957627118644068,0.5261419132433209
07,eeg_alpha_ts,MovingTargetNoise,MovingVideo,10,116,60,0.5172413793103449,0.544589774078478
07,eeg_alpha_ts,MovingTargetNoise,MovingVideo,30,36,18,0.5,0.5524691358024691
07,eeg_alpha_ts,MovingTargetNoise,MovingVideo,60,16,9,0.5625,0.578125
07,eeg_alpha_ts,MovingTargetNoise,NoVisuals,1,1192,577,0.48406040268456374,0.4774418945092564
07,eeg_alpha_ts,MovingTargetNoise,NoVisuals,2,596,295,0.4949664429530201,0.4988851853520112
07,eeg_alpha_ts,MovingTargetNoise,NoVisuals,5,236,107,0.4533898305084746,0.4952599827635737
07,eeg_alpha_ts,MovingTargetNoise,NoVisuals,10,116,50,0.43103448275862066,0.5017835909631391
07,eeg_alpha_ts,MovingTargetNoise,NoVisuals,30,36,16,0.4444444444444444,0.5864197530864197
07,eeg_alpha_ts,MovingTargetNoise,NoVisuals,60,16,7,0.4375,0.59375
07,eeg_alpha_ts,MovingVideo,FixedVideo,1,1192,620,0.5201342281879194,0.5288753884960136
07,eeg_alpha_ts,MovingVideo,FixedVideo,2,596,304,0.5100671140939598,0.5253366965452007
07,eeg_alpha_ts,MovingVideo,FixedVideo,5,236,131,0.5550847457627118,0.5656420568802067
07,eeg_alpha_ts,MovingVideo,FixedVideo,10,116,58,0.5,0.5755053507728893
07,eeg_alpha_ts,MovingVideo,FixedVideo,30,36,21,0.5833333333333334,0.654320987654321
07,eeg_alpha_ts,MovingVideo,FixedVideo,60,16,12,0.75,0.71875
07,eeg_alpha_ts,MovingVideo,MovingTargetNoise,1,1192,600,0.5033557046979866,0.5153174406558263
07,eeg_alpha_ts,MovingVideo,MovingTargetNoise,2,596,284,0.47651006711409394,0.5106188910409442
07,eeg_alpha_ts,MovingVideo,MovingTargetNoise,5,236,121,0.5127118644067796,0.5101264004596381
07,eeg_alpha_ts,MovingVideo,MovingTargetNoise,10,116,57,0.49137931034482757,0.5181331747919143
07,eeg_alpha_ts,MovingVideo,MovingTargetNoise,30,36,18,0.5,0.5246913580246914
07,eeg_alpha_ts,MovingVideo,MovingTargetNoise,60,16,8,0.5,0.546875
07,eeg_alpha_ts,MovingVideo,MovingVideo,1,1192,546,0.45805369127516776,0.4367933876852394
07,eeg_alpha_ts,MovingVideo,MovingVideo,2,596,285,0.47818791946308725,0.39466690689608575
07,eeg_alpha_ts,MovingVideo,MovingVideo,5,236,120,0.5084745762711864,0.32174662453318015
07,eeg_alpha_ts,MovingVideo,MovingVideo,10,116,59,0.5086206896551724,0.26397146254458975
07,eeg_alpha_ts,MovingVideo,MovingVideo,30,36,18,0.5,0.16666666666666669
07,eeg_alpha_ts,MovingVideo,MovingVideo,60,16,8,0.5,0.125
07,eeg_alpha_ts,MovingVideo,NoVisuals,1,1192,592,0.4966442953020134,0.5068718751407594
07,eeg_alpha_ts,MovingVideo,NoVisuals,2,596,301,0.5050335570469798,0.5310796810954461
07,eeg_alpha_ts,MovingVideo,NoVisuals,5,236,125,0.5296610169491526,0.5786411950588911
07,eeg_alpha_ts,MovingVideo,NoVisuals,10,116,60,0.5172413793103449,0.6079072532699168
07,eeg_alpha_ts,MovingVideo,NoVisuals,30,36,19,0.5277777777777778,0.6604938271604939
07,eeg_alpha_ts,MovingVideo,NoVisuals,60,16,8,0.5,0.640625
07,eeg_alpha_ts,NoVisuals,FixedVideo,1,1192,610,0.511744966442953,0.5231690013963335
07,eeg_alpha_ts,NoVisuals,FixedVideo,2,596,305,0.511744966442953,0.5243119679293725
07,eeg_alpha_ts,NoVisuals,FixedVideo,5,236,125,0.5296610169491526,0.5344010341855788
07,eeg_alpha_ts,NoVisuals,FixedVideo,10,116,62,0.5344827586206896,0.5410225921521997
07,eeg_alpha_ts,NoVisuals,FixedVideo,30,36,16,0.4444444444444444,0.5246913580246914
07,eeg_alpha_ts,NoVisuals,FixedVideo,60,16,9,0.5625,0.578125
07,eeg_alpha_ts,NoVisuals,MovingTargetNoise,1,1192,595,0.49916107382550334,0.5053122607089771
07,eeg_alpha_ts,NoVisuals,MovingTargetNoise,2,596,300,0.5033557046979866,0.503153011125625
07,eeg_alpha_ts,NoVisuals,MovingTargetNoise,5,236,116,0.4915254237288136,0.507828210284401
07,eeg_alpha_ts,NoVisuals,MovingTargetNoise,10,116,57,0.49137931034482757,0.5121878715814506
07,eeg_alpha_ts,NoVisuals,MovingTargetNoise,30,36,16,0.4444444444444444,0.5493827160493827
07,eeg_alpha_ts,NoVisuals,MovingTargetNoise,60,16,8,0.5,0.625
07,eeg_alpha_ts,NoVisuals,MovingVideo,1,1192,587,0.4924496644295302,0.5040960992748075
07,eeg_alpha_ts,NoVisuals,MovingVideo,2,596,291,0.48825503355704697,0.5000450430160803
07,eeg_alpha_ts,NoVisuals,MovingVideo,5,236,122,0.5169491525423728,0.5327492099971273
07,eeg_alpha_ts,NoVisuals,MovingVideo,10,116,64,0.5517241379310345,0.538049940546968
07,eeg_alpha_ts,NoVisuals,MovingVideo,30,36,19,0.5277777777777778,0.558641975308642
07,eeg_alpha_ts,NoVisuals,MovingVideo,60,16,10,0.625,0.578125
07,eeg_alpha_ts,NoVisuals,NoVisuals,1,1192,523,0.438758389261745,0.41030246385297964
07,eeg_alpha_ts,NoVisuals,NoVisuals,2,596,261,0.43791946308724833,0.3921219764875456
07,eeg_alpha_ts,NoVisuals,NoVisuals,5,236,98,0.4152542372881356,0.33309393852341274
07,eeg_alpha_ts,NoVisuals,NoVisuals,10,116,51,0.4396551724137931,0.28299643281807374
07,eeg_alpha_ts,NoVisuals,NoVisuals,30,36,14,0.3888888888888889,0.20370370370370372
07,eeg_alpha_ts,NoVisuals,NoVisuals,60,16,5,0.3125,0.09375
07,eeg_csp,FixedVideo,FixedVideo,1,1192,223,0.18708053691275167,0.052458222602585466
07,eeg_csp,FixedVideo,FixedVideo,2,596,112,0.18791946308724833,0.03596684834016485
07,eeg_csp,FixedVideo,FixedVideo,5,236,44,0.1864406779661017,0.03203102556736569
07,eeg_csp,FixedVideo,FixedVideo,10,116,20,0.1724137931034483,0.0267538644470868
07,eeg_csp,FixedVideo,FixedVideo,30,36,6,0.16666666666666666,0.0
07,eeg_csp,FixedVideo,FixedVideo,60,16,2,0.125,0.0
07,eeg_csp,FixedVideo,MovingTargetNoise,1,1192,615,0.5159395973154363,0.5382950092338182
07,eeg_csp,FixedVideo,MovingTargetNoise,2,596,306,0.5134228187919463,0.5423629566235755
07,eeg_csp,FixedVideo,MovingTargetNoise,5,236,120,0.5084745762711864,0.5547256535478312
07,eeg_csp,FixedVideo,MovingTargetNoise,10,116,60,0.5172413793103449,0.5615338882282997
07,eeg_csp,FixedVideo,MovingTargetNoise,30,36,18,0.5,0.5524691358024691
07,eeg_csp,FixedVideo,MovingTargetNoise,60,16,8,0.5,0.546875
07,eeg_csp,FixedVideo,MovingVideo,1,1192,470,0.39429530201342283,0.42278219449574345
07,eeg_csp,FixedVideo,MovingVideo,2,596,238,0.39932885906040266,0.41677176703752083
07,eeg_csp,FixedVideo,MovingVideo,5,236,90,0.3813559322033898,0.4201378914105142
07,eeg_csp,FixedVideo,MovingVideo,10,116,43,0.3706896551724138,0.4233055885850178
07,eeg_csp,FixedVideo,MovingVideo,30,36,14,0.3888888888888889,0.4166666666666667
07,eeg_csp,FixedVideo,MovingVideo,60,16,6,0.375,0.375
07,eeg_csp,FixedVideo,NoVisuals,1,1192,586,0.49161073825503354,0.4330351110310346
07,eeg_csp,FixedVideo,NoVisuals,2,596,295,0.4949664429530201,0.4286856447907752
07,eeg_csp,FixedVideo,NoVisuals,5,236,113,0.4788135593220339,0.4068514794599253
07,eeg_csp,FixedVideo,NoVisuals,10,116,58,0.5,0.38525564803804996
07,eeg_csp,FixedVideo,NoVisuals,30,36,18,0.5,0.39814814814814814
07,eeg_csp,FixedVideo,NoVisuals,60,16,8,0.5,0.375
07,eeg_csp,MovingTargetNoise,FixedVideo,1,1192,604,0.5067114093959731,0.5479201387324895
07,eeg_csp,MovingTargetNoise,FixedVideo,2,596,298,0.5,0.5266204225034907
07,eeg_csp,MovingTargetNoise,FixedVideo,5,236,112,0.4745762711864407,0.5364119505889112
07,eeg_csp,MovingTargetNoise,FixedVideo,10,116,58,0.5,0.5389417360285375
07,eeg_csp,MovingTargetNoise,FixedVideo,30,36,18,0.5,0.5555555555555556
07,eeg_csp,MovingTargetNoise,FixedVideo,60,16,7,0.4375,0.46875
07,eeg_csp,MovingTargetNoise,MovingTargetNoise,1,1192,234,0.19630872483221476,0.04996959596414577
07,eeg_csp,MovingTargetNoise,MovingTargetNoise,2,596,109,0.18288590604026847,0.0350885095265979
07,eeg_csp,MovingTargetNoise,MovingTargetNoise,5,236,55,0.2330508474576271,0.039212869864981334
07,eeg_csp,MovingTargetNoise,MovingTargetNoise,10,116,28,0.2413793103448276,0.025564803804994058
07,eeg_csp,MovingTargetNoise,MovingTargetNoise,30,36,9,0.25,0.006172839506172842
07,eeg_csp,MovingTargetNoise,MovingTargetNoise,60,16,2,0.125,0.0
07,eeg_csp,MovingTargetNoise,MovingVideo,1,1192,643,0.5394295302013423,0.5745433764244854
07,eeg_csp,MovingTargetNoise,MovingVideo,2,596,306,0.5134228187919463,0.558589703166524
07,eeg_csp,MovingTargetNoise,MovingVideo,5,236,119,0.5042372881355932,0.553720195346165
07,eeg_csp,MovingTargetNoise,MovingVideo,10,116,56,0.4827586206896552,0.5606420927467302
07,eeg_csp,MovingTargetNoise,MovingVideo,30,36,20,0.5555555555555556,0.5524691358024691
07,eeg_csp,MovingTargetNoise,MovingVideo,60,16,8,0.5,0.53125
07,eeg_csp,MovingTargetNoise,NoVisuals,1,1192,574,0.4815436241610738,0.4583155038061349
07,eeg_csp,MovingTargetNoise,NoVisuals,2,596,296,0.4966442953020134,0.4598103689023017
07,eeg_csp,MovingTargetNoise,NoVisuals,5,236,97,0.4110169491525424,0.43112611318586613
07,eeg_csp,MovingTargetNoise,NoVisuals,10,116,49,0.4224137931034483,0.4176575505350773
07,eeg_csp,MovingTargetNoise,NoVisuals,30,36,14,0.3888888888888889,0.42592592592592593
07,eeg_csp,MovingTargetNoise,NoVisuals,60,16,6,0.375,0.359375
07,eeg_csp,MovingVideo,FixedVideo,1,1192,634,0.5318791946308725,0.5401811855321833
07,eeg_csp,MovingVideo,FixedVideo,2,596,325,0.5453020134228188,0.5339962163866492
07,eeg_csp,MovingVideo,FixedVideo,5,236,131,0.5550847457627118,0.5212582591209423
07,eeg_csp,MovingVideo,FixedVideo,10,116,62,0.5344827586206896,0.5172413793103448
07,eeg_csp,MovingVideo,FixedVideo,30,36,21,0.5833333333333334,0.5185185185185186
07,eeg_csp,MovingVideo,FixedVideo,60,16,9,0.5625,0.5
07,eeg_csp,MovingVideo,MovingTargetNoise,1,1192,616,0.5167785234899329,0.5751570875185803
07,eeg_csp,MovingVideo,MovingTargetNoise,2,596,306,0.5134228187919463,0.5591527408675284
07,eeg_csp,MovingVideo,MovingTargetNoise,5,236,117,0.4957627118644068,0.5401465096236714
07,eeg_csp,MovingVideo,MovingTargetNoise,10,116,57,0.49137931034482757,0.5338882282996432
07,eeg_csp,MovingVideo,MovingTargetNoise,30,36,17,0.4722222222222222,0.5246913580246914
07,eeg_csp,MovingVideo,MovingTargetNoise,60,16,7,0.4375,0.515625
07,eeg_csp,MovingVideo,MovingVideo,1,1192,388,0.32550335570469796,0.036563668303229595
07,eeg_csp,MovingVideo,MovingVideo,2,596,200,0.33557046979865773,0.031845412368812206
07,eeg_csp,MovingVideo,MovingVideo,5,236,76,0.3220338983050847,0.022694627980465377
07,eeg_csp,MovingVideo,MovingVideo,10,116,38,0.3275862068965517,0.009512485136741973
07,eeg_csp,MovingVideo,MovingVideo,30,36,12,0.3333333333333333,0.0
07,eeg_csp,MovingVideo,MovingVideo,60,16,5,0.3125,0.0
07,eeg_csp,MovingVideo,NoVisuals,1,1192,585,0.49077181208053694,0.45656445655601097
07,eeg_csp,MovingVideo,NoVisuals,2,596,303,0.5083892617449665,0.45241205351110303
07,eeg_csp,MovingVideo,NoVisuals,5,236,117,0.4957627118644068,0.4400316001149095
07,eeg_csp,MovingVideo,NoVisuals,10,116,58,0.5,0.4340071343638526
07,eeg_csp,MovingVideo,NoVisuals,30,36,17,0.4722222222222222,0.41358024691358025
07,eeg_csp,MovingVideo,NoVisuals,60,16,7,0.4375,0.375
07,eeg_csp,NoVisuals,FixedVideo,1,1192,603,0.5058724832214765,0.4889700914373226
07,eeg_csp,NoVisuals,FixedVideo,2,596,280,0.4697986577181208,0.4712287734786721
07,eeg_csp,NoVisuals,FixedVideo,5,236,103,0.4364406779661017,0.4487216317150243
07,eeg_csp,NoVisuals,FixedVideo,10,116,50,0.43103448275862066,0.4417360285374554
07,eeg_csp,NoVisuals,FixedVideo,30,36,16,0.4444444444444444,0.4475308641975309
07,eeg_csp,NoVisuals,FixedVideo,60,16,5,0.3125,0.421875
07,eeg_csp,NoVisuals,MovingTargetNoise,1,1192,528,0.4429530201342282,0.4618485653799378
07,eeg_csp,NoVisuals,MovingTargetNoise,2,596,253,0.42449664429530204,0.4565897932525562
07,eeg_csp,NoVisuals,MovingTargetNoise,5,236,99,0.4194915254237288,0.4485779948290721
07,eeg_csp,NoVisuals,MovingTargetNoise,10,116,47,0.4051724137931034,0.44946492271105826
07,eeg_csp,NoVisuals,MovingTargetNoise,30,36,15,0.4166666666666667,0.47530864197530864
07,eeg_csp,NoVisuals,MovingTargetNoise,60,16,8,0.5,0.5
07,eeg_csp,NoVisuals,MovingVideo,1,1192,580,0.4865771812080537,0.4537408224854736
07,eeg_csp,NoVisuals,MovingVideo,2,596,290,0.4865771812080537,0.4454754290347282
07,eeg_csp,NoVisuals,MovingVideo,5,236,123,0.5211864406779662,0.43292157426027
07,eeg_csp,NoVisuals,MovingVideo,10,116,56,0.4827586206896552,0.42419738406658736
07,eeg_csp,NoVisuals,MovingVideo,30,36,18,0.5,0.4104938271604939
07,eeg_csp,NoVisuals,MovingVideo,60,16,8,0.5,0.421875
07,eeg_csp,NoVisuals,NoVisuals,1,1192,255,0.2139261744966443,0.049913292194045306
07,eeg_csp,NoVisuals,NoVisuals,2,596,107,0.17953020134228187,0.03957028962659339
07,eeg_csp,NoVisuals,NoVisuals,5,236,37,0.15677966101694915,0.035047400172364275
07,eeg_csp,NoVisuals,NoVisuals,10,116,18,0.15517241379310345,0.034482758620689655
07,eeg_csp,NoVisuals,NoVisuals,30,36,4,0.1111111111111111,0.012345679012345684
07,eeg_csp,NoVisuals,NoVisuals,60,16,2,0.125,0.0
07,eeg_eogreg_ts,FixedVideo,FixedVideo,1,1192,278,0.2332214765100671,0.04966555560560336
07,eeg_eogreg_ts,FixedVideo,FixedVideo,2,596,137,0.22986577181208054,0.03630467096076753
07,eeg_eogreg_ts,FixedVideo,FixedVideo,5,236,56,0.23728813559322035,0.028152829646653256
07,eeg_eogreg_ts,FixedVideo,FixedVideo,10,116,26,0.22413793103448276,0.004756242568370983
07,eeg_eogreg_ts,FixedVideo,FixedVideo,30,36,9,0.25,0.0
07,eeg_eogreg_ts,FixedVideo,FixedVideo,60,16,4,0.25,0.0
07,eeg_eogreg_ts,FixedVideo,MovingTargetNoise,1,1192,583,0.4890939597315436,0.5327434575019143
07,eeg_eogreg_ts,FixedVideo,MovingTargetNoise,2,596,294,0.49328859060402686,0.5175329940092788
07,eeg_eogreg_ts,FixedVideo,MovingTargetNoise,5,236,118,0.5,0.5075409365124963
07,eeg_eogreg_ts,FixedVideo,MovingTargetNoise,10,116,57,0.49137931034482757,0.5118906064209274
07,eeg_eogreg_ts,FixedVideo,MovingTargetNoise,30,36,17,0.4722222222222222,0.5216049382716049
07,eeg_eogreg_ts,FixedVideo,MovingTargetNoise,60,16,8,0.5,0.515625
07,eeg_eogreg_ts,FixedVideo,MovingVideo,1,1192,565,0.473993288590604,0.49375309670735557
07,eeg_eogreg_ts,FixedVideo,MovingVideo,2,596,292,0.4899328859060403,0.497984325030404
07,eeg_eogreg_ts,FixedVideo,MovingVideo,5,236,110,0.4661016949152542,0.5085463947141626
07,eeg_eogreg_ts,FixedVideo,MovingVideo,10,116,54,0.46551724137931033,0.5234839476813318
07,eeg_eogreg_ts,FixedVideo,MovingVideo,30,36,15,0.4166666666666667,0.5709876543209876
07,eeg_eogreg_ts,FixedVideo,MovingVideo,60,16,7,0.4375,0.578125
07,eeg_eogreg_ts,FixedVideo,NoVisuals,1,1192,558,0.46812080536912754,0.4492674879509932
07,eeg_eogreg_ts,FixedVideo,NoVisuals,2,596,280,0.4697986577181208,0.4501148596910049
07,eeg_eogreg_ts,FixedVideo,NoVisuals,5,236,106,0.4491525423728814,0.4674662453318012
07,eeg_eogreg_ts,FixedVideo,NoVisuals,10,116,52,0.4482758620689655,0.46195005945303214
07,eeg_eogreg_ts,FixedVideo,NoVisuals,30,36,15,0.4166666666666667,0.4722222222222222
07,eeg_eogreg_ts,FixedVideo,NoVisuals,60,16,6,0.375,0.453125
07,eeg_eogreg_ts,MovingTargetNoise,FixedVideo,1,1192,601,0.5041946308724832,0.5032036845187153
07,eeg_eogreg_ts,MovingTargetNoise,FixedVideo,2,596,290,0.4865771812080537,0.5004729516688438
07,eeg_eogreg_ts,MovingTargetNoise,FixedVideo,5,236,123,0.5211864406779662,0.4859954036196495
07,eeg_eogreg_ts,MovingTargetNoise,FixedVideo,10,116,58,0.5,0.487217598097503
07,eeg_eogreg_ts,MovingTargetNoise,FixedVideo,30,36,16,0.4444444444444444,0.43209876543209874
07,eeg_eogreg_ts,MovingTargetNoise,FixedVideo,60,16,7,0.4375,0.453125
07,eeg_eogreg_ts,MovingTargetNoise,MovingTargetNoise,1,1192,244,0.20469798657718122,0.04856763208864466
07,eeg_eogreg_ts,MovingTargetNoise,MovingTargetNoise,2,596,128,0.21476510067114093,0.03731813882257556
07,eeg_eogreg_ts,MovingTargetNoise,MovingTargetNoise,5,236,57,0.24152542372881355,0.02384372306808388
07,eeg_eogreg_ts,MovingTargetNoise,MovingTargetNoise,10,116,28,0.2413793103448276,0.016646848989298454
07,eeg_eogreg_ts,MovingTargetNoise,MovingTargetNoise,30,36,8,0.2222222222222222,0.006172839506172842
07,eeg_eogreg_ts,MovingTargetNoise,MovingTargetNoise,60,16,3,0.1875,0.0
07,eeg_eogreg_ts,MovingTargetNoise,MovingVideo,1,1192,671,0.5629194630872483,0.5873046259177515
07,eeg_eogreg_ts,MovingTargetNoise,MovingVideo,2,596,329,0.552013422818792,0.5837349668933832
07,eeg_eogreg_ts,MovingTargetNoise,MovingVideo,5,236,130,0.5508474576271186,0.5632002298190175
07,eeg_eogreg_ts,MovingTargetNoise,MovingVideo,10,116,57,0.49137931034482757,0.5784780023781213
07,eeg_eogreg_ts,MovingTargetNoise,MovingVideo,30,36,18,0.5,0.5987654320987654
07,eeg_eogreg_ts,MovingTargetNoise,MovingVideo,60,16,8,0.5,0.5625
07,eeg_eogreg_ts,MovingTargetNoise,NoVisuals,1,1192,604,0.5067114093959731,0.5152667672627359
07,eeg_eogreg_ts,MovingTargetNoise,NoVisuals,2,596,309,0.5184563758389261,0.5102810684203414
07,eeg_eogreg_ts,MovingTargetNoise,NoVisuals,5,236,120,0.5084745762711864,0.4892272335535765
07,eeg_eogreg_ts,MovingTargetNoise,NoVisuals,10,116,58,0.5,0.48127229488703926
07,eeg_eogreg_ts,MovingTargetNoise,NoVisuals,30,36,16,0.4444444444444444,0.45987654320987653
07,eeg_eogreg_ts,MovingTargetNoise,NoVisuals,60,16,5,0.3125,0.34375
07,eeg_eogreg_ts,MovingVideo,FixedVideo,1,1192,592,0.4966442953020134,0.4887223548488807
07,eeg_eogreg_ts,MovingVideo,FixedVideo,2,596,287,0.4815436241610738,0.48620557632539074
07,eeg_eogreg_ts,MovingVideo,FixedVideo,5,236,114,0.4830508474576271,0.4697644355070382
07,eeg_eogreg_ts,MovingVideo,FixedVideo,10,116,59,0.5086206896551724,0.477705112960761
07,eeg_eogreg_ts,MovingVideo,FixedVideo,30,36,17,0.4722222222222222,0.4783950617283951
07,eeg_eogreg_ts,MovingVideo,FixedVideo,60,16,7,0.4375,0.453125
07,eeg_eogreg_ts,MovingVideo,MovingTargetNoise,1,1192,685,0.5746644295302014,0.5894948425746589
07,eeg_eogreg_ts,MovingVideo,MovingTargetNoise,2,596,337,0.5654362416107382,0.5766744741227873
07,eeg_eogreg_ts,MovingVideo,MovingTargetNoise,5,236,130,0.5508474576271186,0.5655702384372306
07,eeg_eogreg_ts,MovingVideo,MovingTargetNoise,10,116,66,0.5689655172413793,0.5820451843043996
07,eeg_eogreg_ts,MovingVideo,MovingTargetNoise,30,36,22,0.6111111111111112,0.5833333333333333
07,eeg_eogreg_ts,MovingVideo,MovingTargetNoise,60,16,10,0.625,0.625
07,eeg_eogreg_ts,MovingVideo,MovingVideo,1,1192,329,0.276006711409396,0.024261294536282153
07,eeg_eogreg_ts,MovingVideo,MovingVideo,2,596,163,0.27348993288590606,0.01871537318138822
07,eeg_eogreg_ts,MovingVideo,MovingVideo,5,236,72,0.3050847457627119,0.017523700086182134
07,eeg_eogreg_ts,MovingVideo,MovingVideo,10,116,38,0.3275862068965517,0.007728894173602854
07,eeg_eogreg_ts,MovingVideo,MovingVideo,30,36,12,0.3333333333333333,0.0
07,eeg_eogreg_ts,MovingVideo,MovingVideo,60,16,5,0.3125,0.0
07,eeg_eogreg_ts,MovingVideo,NoVisuals,1,1192,611,0.5125838926174496,0.5209337417233458
07,eeg_eogreg_ts,MovingVideo,NoVisuals,2,596,312,0.5234899328859061,0.5311472456195666
07,eeg_eogreg_ts,MovingVideo,NoVisuals,5,236,123,0.5211864406779662,0.5218328066647515
07,eeg_eogreg_ts,MovingVideo,NoVisuals,10,116,58,0.5,0.5228894173602854
07,eeg_eogreg_ts,MovingVideo,NoVisuals,30,36,18,0.5,0.5246913580246915
07,eeg_eogreg_ts,MovingVideo,NoVisuals,60,16,8,0.5,0.53125
07,eeg_eogreg_ts,NoVisuals,FixedVideo,1,1192,612,0.5134228187919463,0.49190070267105085
07,eeg_eogreg_ts,NoVisuals,FixedVideo,2,596,300,0.5033557046979866,0.487759560380163
07,eeg_eogreg_ts,NoVisuals,FixedVideo,5,236,121,0.5127118644067796,0.4764435507038208
07,eeg_eogreg_ts,NoVisuals,FixedVideo,10,116,59,0.5086206896551724,0.48275862068965514
07,eeg_eogreg_ts,NoVisuals,FixedVideo,30,36,21,0.5833333333333334,0.49691358024691357
07,eeg_eogreg_ts,NoVisuals,FixedVideo,60,16,10,0.625,0.5
07,eeg_eogreg_ts,NoVisuals,MovingTargetNoise,1,1192,571,0.4790268456375839,0.4896682581865681
07,eeg_eogreg_ts,NoVisuals,MovingTargetNoise,2,596,274,0.4597315436241611,0.4748096932570605
07,eeg_eogreg_ts,NoVisuals,MovingTargetNoise,5,236,107,0.4533898305084746,0.4535334673944269
07,eeg_eogreg_ts,NoVisuals,MovingTargetNoise,10,116,49,0.4224137931034483,0.4348989298454221
07,eeg_eogreg_ts,NoVisuals,MovingTargetNoise,30,36,15,0.4166666666666667,0.42901234567901236
07,eeg_eogreg_ts,NoVisuals,MovingTargetNoise,60,16,8,0.5,0.453125
07,eeg_eogreg_ts,NoVisuals,MovingVideo,1,1192,600,0.5033557046979866,0.47105423179136074
07,eeg_eogreg_ts,NoVisuals,MovingVideo,2,596,307,0.5151006711409396,0.4765776316382145
07,eeg_eogreg_ts,NoVisuals,MovingVideo,5,236,123,0.5211864406779662,0.48858086756679114
07,eeg_eogreg_ts,NoVisuals,MovingVideo,10,116,61,0.5258620689655172,0.4875148632580262
07,eeg_eogreg_ts,NoVisuals,MovingVideo,30,36,18,0.5,0.48456790123456794
07,eeg_eogreg_ts,NoVisuals,MovingVideo,60,16,8,0.5,0.46875
07,eeg_eogreg_ts,NoVisuals,NoVisuals,1,1192,218,0.18288590604026847,0.054868023962884566
07,eeg_eogreg_ts,NoVisuals,NoVisuals,2,596,115,0.1929530201342282,0.05179946849241025
07,eeg_eogreg_ts,NoVisuals,NoVisuals,5,236,45,0.1906779661016949,0.048692904337833964
07,eeg_eogreg_ts,NoVisuals,NoVisuals,10,116,21,0.1810344827586207,0.027348394768133173
07,eeg_eogreg_ts,NoVisuals,NoVisuals,30,36,5,0.1388888888888889,0.006172839506172842
07,eeg_eogreg_ts,NoVisuals,NoVisuals,60,16,1,0.0625,0.0
07,eeg_post_ts,FixedVideo,FixedVideo,1,1192,544,0.4563758389261745,0.30653461555785777
07,eeg_post_ts,FixedVideo,FixedVideo,2,596,266,0.4463087248322148,0.28055042565650196
07,eeg_post_ts,FixedVideo,FixedVideo,5,236,107,0.4533898305084746,0.24245906348750357
07,eeg_post_ts,FixedVideo,FixedVideo,10,116,56,0.4827586206896552,0.16884661117717004
07,eeg_post_ts,FixedVideo,FixedVideo,30,36,18,0.5,0.08641975308641975
07,eeg_post_ts,FixedVideo,FixedVideo,60,16,8,0.5,0.0
07,eeg_post_ts,FixedVideo,MovingTargetNoise,1,1192,670,0.5620805369127517,0.596842484572767
07,eeg_post_ts,FixedVideo,MovingTargetNoise,2,596,328,0.5503355704697986,0.5945452907526689
07,eeg_post_ts,FixedVideo,MovingTargetNoise,5,236,128,0.5423728813559322,0.5703820741166332
07,eeg_post_ts,FixedVideo,MovingTargetNoise,10,116,63,0.5431034482758621,0.5832342449464923
07,eeg_post_ts,FixedVideo,MovingTargetNoise,30,36,21,0.5833333333333334,0.6419753086419753
07,eeg_post_ts,FixedVideo,MovingTargetNoise,60,16,9,0.5625,0.640625
07,eeg_post_ts,FixedVideo,MovingVideo,1,1192,715,0.5998322147651006,0.6047841313454348
07,eeg_post_ts,FixedVideo,MovingVideo,2,596,369,0.6191275167785235,0.6181140489167154
07,eeg_post_ts,FixedVideo,MovingVideo,5,236,135,0.5720338983050848,0.5853203102556737
07,eeg_post_ts,FixedVideo,MovingVideo,10,116,70,0.603448275862069,0.5856123662306778
07,eeg_post_ts,FixedVideo,MovingVideo,30,36,25,0.6944444444444444,0.5925925925925926
07,eeg_post_ts,FixedVideo,MovingVideo,60,16,11,0.6875,0.578125
07,eeg_post_ts,FixedVideo,NoVisuals,1,1192,576,0.48322147651006714,0.4671185982613396
07,eeg_post_ts,FixedVideo,NoVisuals,2,596,288,0.48322147651006714,0.4632786811404892
07,eeg_post_ts,FixedVideo,NoVisuals,5,236,120,0.5084745762711864,0.4836972134444125
07,eeg_post_ts,FixedVideo,NoVisuals,10,116,59,0.5086206896551724,0.4937574316290131
07,eeg_post_ts,FixedVideo,NoVisuals,30,36,20,0.5555555555555556,0.4814814814814815
07,eeg_post_ts,FixedVideo,NoVisuals,60,16,8,0.5,0.484375
07,eeg_post_ts,MovingTargetNoise,FixedVideo,1,1192,645,0.5411073825503355,0.5827975091212108
07,eeg_post_ts,MovingTargetNoise,FixedVideo,2,596,306,0.5134228187919463,0.6068983379127066
07,eeg_post_ts,MovingTargetNoise,FixedVideo,5,236,123,0.5211864406779662,0.5465383510485493
07,eeg_post_ts,MovingTargetNoise,FixedVideo,10,116,62,0.5344827586206896,0.5496432818073722
07,eeg_post_ts,MovingTargetNoise,FixedVideo,30,36,21,0.5833333333333334,0.5771604938271605
07,eeg_post_ts,MovingTargetNoise,FixedVideo,60,16,8,0.5,0.625
07,eeg_post_ts,MovingTargetNoise,MovingTargetNoise,1,1192,531,0.44546979865771813,0.38878316292058923
07,eeg_post_ts,MovingTargetNoise,MovingTargetNoise,2,596,268,0.44966442953020136,0.3477546056483942
07,eeg_post_ts,MovingTargetNoise,MovingTargetNoise,5,236,106,0.4491525423728814,0.26601551278368285
07,eeg_post_ts,MovingTargetNoise,MovingTargetNoise,10,116,55,0.47413793103448276,0.218192627824019
07,eeg_post_ts,MovingTargetNoise,MovingTargetNoise,30,36,17,0.4722222222222222,0.154320987654321
07,eeg_post_ts,MovingTargetNoise,MovingTargetNoise,60,16,8,0.5,0.0625
07,eeg_post_ts,MovingTargetNoise,MovingVideo,1,1192,704,0.5906040268456376,0.6304896175847935
07,eeg_post_ts,MovingTargetNoise,MovingVideo,2,596,345,0.5788590604026845,0.6340480158551416
07,eeg_post_ts,MovingTargetNoise,MovingVideo,5,236,138,0.5847457627118644,0.628195920712439
07,eeg_post_ts,MovingTargetNoise,MovingVideo,10,116,68,0.5862068965517241,0.6480380499405469
07,eeg_post_ts,MovingTargetNoise,MovingVideo,30,36,22,0.6111111111111112,0.6419753086419753
07,eeg_post_ts,MovingTargetNoise,MovingVideo,60,16,11,0.6875,0.625
07,eeg_post_ts,MovingTargetNoise,NoVisuals,1,1192,609,0.5109060402684564,0.5121390928336562
07,eeg_post_ts,MovingTargetNoise,NoVisuals,2,596,303,0.5083892617449665,0.5010472501238683
07,eeg_post_ts,MovingTargetNoise,NoVisuals,5,236,113,0.4788135593220339,0.48592358517667333
07,eeg_post_ts,MovingTargetNoise,NoVisuals,10,116,54,0.46551724137931033,0.47443519619500596
07,eeg_post_ts,MovingTargetNoise,NoVisuals,30,36,18,0.5,0.42283950617283955
07,eeg_post_ts,MovingTargetNoise,NoVisuals,60,16,6,0.375,0.375
07,eeg_post_ts,MovingVideo,FixedVideo,1,1192,640,0.5369127516778524,0.551900815278591
07,eeg_post_ts,MovingVideo,FixedVideo,2,596,327,0.5486577181208053,0.5548623935858745
07,eeg_post_ts,MovingVideo,FixedVideo,5,236,118,0.5,0.5283682849755817
07,eeg_post_ts,MovingVideo,FixedVideo,10,116,60,0.5172413793103449,0.5487514863258026
07,eeg_post_ts,MovingVideo,FixedVideo,30,36,18,0.5,0.5709876543209876
07,eeg_post_ts,MovingVideo,FixedVideo,60,16,10,0.625,0.640625
07,eeg_post_ts,MovingVideo,MovingTargetNoise,1,1192,683,0.572986577181208,0.6302869240124319
07,eeg_post_ts,MovingVideo,MovingTargetNoise,2,596,337,0.5654362416107382,0.6177199225260124
07,eeg_post_ts,MovingVideo,MovingTargetNoise,5,236,134,0.5677966101694916,0.6173513358230394
07,eeg_post_ts,MovingVideo,MovingTargetNoise,10,116,68,0.5862068965517241,0.6325802615933414
07,eeg_post_ts,MovingVideo,MovingTargetNoise,30,36,19,0.5277777777777778,0.6728395061728395
07,eeg_post_ts,MovingVideo,MovingTargetNoise,60,16,8,0.5,0.71875
07,eeg_post_ts,MovingVideo,MovingVideo,1,1192,596,0.5,0.20469235620017118
07,eeg_post_ts,MovingVideo,MovingVideo,2,596,298,0.5,0.20165758299175712
07,eeg_post_ts,MovingVideo,MovingVideo,5,236,118,0.5,0.18299339270324616
07,eeg_post_ts,MovingVideo,MovingVideo,10,116,58,0.5,0.13912009512485135
07,eeg_post_ts,MovingVideo,MovingVideo,30,36,18,0.5,0.11728395061728394
07,eeg_post_ts,MovingVideo,MovingVideo,60,16,8,0.5,0.0625
07,eeg_post_ts,MovingVideo,NoVisuals,1,1192,648,0.5436241610738255,0.5756215936219089
07,eeg_post_ts,MovingVideo,NoVisuals,2,596,321,0.5385906040268457,0.5863925048421241
07,eeg_post_ts,MovingVideo,NoVisuals,5,236,135,0.5720338983050848,0.5925021545532894
07,eeg_post_ts,MovingVideo,NoVisuals,10,116,63,0.5431034482758621,0.6346611177170035
07,eeg_post_ts,MovingVideo,NoVisuals,30,36,19,0.5277777777777778,0.7253086419753086
07,eeg_post_ts,MovingVideo,NoVisuals,60,16,8,0.5,0.84375
07,eeg_post_ts,NoVisuals,FixedVideo,1,1192,598,0.5016778523489933,0.4787622179181118
07,eeg_post_ts,NoVisuals,FixedVideo,2,596,311,0.5218120805369127,0.5009346425836674
07,eeg_post_ts,NoVisuals,FixedVideo,5,236,127,0.538135593220339,0.5568802068371158
07,eeg_post_ts,NoVisuals,FixedVideo,10,116,66,0.5689655172413793,0.5368608799048751
07,eeg_post_ts,NoVisuals,FixedVideo,30,36,22,0.6111111111111112,0.6080246913580247
07,eeg_post_ts,NoVisuals,FixedVideo,60,16,10,0.625,0.609375
07,eeg_post_ts,NoVisuals,MovingTargetNoise,1,1192,578,0.4848993288590604,0.5086623350299536
07,eeg_post_ts,NoVisuals,MovingTargetNoise,2,596,288,0.48322147651006714,0.5061708932030089
07,eeg_post_ts,NoVisuals,MovingTargetNoise,5,236,116,0.4915254237288136,0.4847744900890548
07,eeg_post_ts,NoVisuals,MovingTargetNoise,10,116,53,0.45689655172413796,0.48483947681331746
07,eeg_post_ts,NoVisuals,MovingTargetNoise,30,36,17,0.4722222222222222,0.5339506172839507
07,eeg_post_ts,NoVisuals,MovingTargetNoise,60,16,7,0.4375,0.65625
07,eeg_post_ts,NoVisuals,MovingVideo,1,1192,639,0.5360738255033557,0.5291315706499707
07,eeg_post_ts,NoVisuals,MovingVideo,2,596,316,0.5302013422818792,0.5432638169451827
07,eeg_post_ts,NoVisuals,MovingVideo,5,236,135,0.5720338983050848,0.5772766446423442
07,eeg_post_ts,NoVisuals,MovingVideo,10,116,71,0.6120689655172413,0.584423305588585
07,eeg_post_ts,NoVisuals,MovingVideo,30,36,22,0.6111111111111112,0.5895061728395061
07,eeg_post_ts,NoVisuals,MovingVideo,60,16,11,0.6875,0.59375
07,eeg_post_ts,NoVisuals,NoVisuals,1,1192,586,0.49161073825503354,0.5060864375478582
07,eeg_post_ts,NoVisuals,NoVisuals,2,596,285,0.47818791946308725,0.4832665195261475
07,eeg_post_ts,NoVisuals,NoVisuals,5,236,113,0.4788135593220339,0.4454179833381212
07,eeg_post_ts,NoVisuals,NoVisuals,10,116,47,0.4051724137931034,0.40725326991676575
07,eeg_post_ts,NoVisuals,NoVisuals,30,36,14,0.3888888888888889,0.3395061728395062
07,eeg_post_ts,NoVisuals,NoVisuals,60,16,7,0.4375,0.21875
07,eeg_ts,FixedVideo,FixedVideo,1,1192,301,0.2525167785234899,0.07400567542002613
07,eeg_ts,FixedVideo,FixedVideo,2,596,151,0.2533557046979866,0.0604927705959191
07,eeg_ts,FixedVideo,FixedVideo,5,236,62,0.2627118644067797,0.061763860959494384
07,eeg_ts,FixedVideo,FixedVideo,10,116,29,0.25,0.03388822829964329
07,eeg_ts,FixedVideo,FixedVideo,30,36,9,0.25,0.0
07,eeg_ts,FixedVideo,FixedVideo,60,16,4,0.25,0.0
07,eeg_ts,FixedVideo,MovingTargetNoise,1,1192,611,0.5125838926174496,0.5407977118147832
07,eeg_ts,FixedVideo,MovingTargetNoise,2,596,295,0.4949664429530201,0.5333768749155443
07,eeg_ts,FixedVideo,MovingTargetNoise,5,236,124,0.5254237288135594,0.536771042803792
07,eeg_ts,FixedVideo,MovingTargetNoise,10,116,63,0.5431034482758621,0.536563614744352
07,eeg_ts,FixedVideo,MovingTargetNoise,30,36,20,0.5555555555555556,0.558641975308642
07,eeg_ts,FixedVideo,MovingTargetNoise,60,16,8,0.5,0.5625
07,eeg_ts,FixedVideo,MovingVideo,1,1192,564,0.47315436241610737,0.48219956308274403
07,eeg_ts,FixedVideo,MovingVideo,2,596,293,0.49161073825503354,0.5129949101391829
07,eeg_ts,FixedVideo,MovingVideo,5,236,114,0.4830508474576271,0.5283682849755817
07,eeg_ts,FixedVideo,MovingVideo,10,116,53,0.45689655172413796,0.5561831153388822
07,eeg_ts,FixedVideo,MovingVideo,30,36,17,0.4722222222222222,0.5895061728395061
07,eeg_ts,FixedVideo,MovingVideo,60,16,7,0.4375,0.578125
07,eeg_ts,FixedVideo,NoVisuals,1,1192,543,0.45553691275167785,0.45017960902662046
07,eeg_ts,FixedVideo,NoVisuals,2,596,282,0.47315436241610737,0.4592248096932571
07,eeg_ts,FixedVideo,NoVisuals,5,236,112,0.4745762711864407,0.46552714737144496
07,eeg_ts,FixedVideo,NoVisuals,10,116,50,0.43103448275862066,0.4536266349583829
07,eeg_ts,FixedVideo,NoVisuals,30,36,15,0.4166666666666667,0.4722222222222222
07,eeg_ts,FixedVideo,NoVisuals,60,16,5,0.3125,0.5
07,eeg_ts,MovingTargetNoise,FixedVideo,1,1192,617,0.5176174496644296,0.5134031124724111
07,eeg_ts,MovingTargetNoise,FixedVideo,2,596,305,0.511744966442953,0.5156299265798838
07,eeg_ts,MovingTargetNoise,FixedVideo,5,236,128,0.5423728813559322,0.5331801206549842
07,eeg_ts,MovingTargetNoise,FixedVideo,10,116,61,0.5258620689655172,0.5496432818073722
07,eeg_ts,MovingTargetNoise,FixedVideo,30,36,19,0.5277777777777778,0.5277777777777778
07,eeg_ts,MovingTargetNoise,FixedVideo,60,16,8,0.5,0.5625
07,eeg_ts,MovingTargetNoise,MovingTargetNoise,1,1192,275,0.23070469798657717,0.061348587901445886
07,eeg_ts,MovingTargetNoise,MovingTargetNoise,2,596,145,0.24328859060402686,0.047024908787892436
07,eeg_ts,MovingTargetNoise,MovingTargetNoise,5,236,63,0.2669491525423729,0.029445561620224072
07,eeg_ts,MovingTargetNoise,MovingTargetNoise,10,116,31,0.2672413793103448,0.02140309155766944
07,eeg_ts,MovingTargetNoise,MovingTargetNoise,30,36,9,0.25,0.006172839506172842
07,eeg_ts,MovingTargetNoise,MovingTargetNoise,60,16,4,0.25,0.0
07,eeg_ts,MovingTargetNoise,MovingVideo,1,1192,675,0.5662751677852349,0.5944946173595784
07,eeg_ts,MovingTargetNoise,MovingVideo,2,596,328,0.5503355704697986,0.5815278591054457
07,eeg_ts,MovingTargetNoise,MovingVideo,5,236,123,0.5211864406779662,0.5817293881068659
07,eeg_ts,MovingTargetNoise,MovingVideo,10,116,62,0.5344827586206896,0.6001783590963139
07,eeg_ts,MovingTargetNoise,MovingVideo,30,36,19,0.5277777777777778,0.6172839506172839
07,eeg_ts,MovingTargetNoise,MovingVideo,60,16,8,0.5,0.65625
07,eeg_ts,MovingTargetNoise,NoVisuals,1,1192,602,0.5050335570469798,0.5195374082248547
07,eeg_ts,MovingTargetNoise,NoVisuals,2,596,302,0.5067114093959731,0.5088284311517499
07,eeg_ts,MovingTargetNoise,NoVisuals,5,236,114,0.4830508474576271,0.496768170066073
07,eeg_ts,MovingTargetNoise,NoVisuals,10,116,59,0.5086206896551724,0.508026159334126
07,eeg_ts,MovingTargetNoise,NoVisuals,30,36,15,0.4166666666666667,0.478395061728395
07,eeg_ts,MovingTargetNoise,NoVisuals,60,16,7,0.4375,0.4375
07,eeg_ts,MovingVideo,FixedVideo,1,1192,595,0.49916107382550334,0.4843503671005811
07,eeg_ts,MovingVideo,FixedVideo,2,596,293,0.49161073825503354,0.4958785640286473
07,eeg_ts,MovingVideo,FixedVideo,5,236,116,0.4915254237288136,0.5058891123240448
07,eeg_ts,MovingVideo,FixedVideo,10,116,60,0.5172413793103449,0.5306183115338882
07,eeg_ts,MovingVideo,FixedVideo,30,36,20,0.5555555555555556,0.5740740740740741
07,eeg_ts,MovingVideo,FixedVideo,60,16,8,0.5,0.515625
07,eeg_ts,MovingVideo,MovingTargetNoise,1,1192,674,0.5654362416107382,0.585091887752804
07,eeg_ts,MovingVideo,MovingTargetNoise,2,596,323,0.5419463087248322,0.5758186568172604
07,eeg_ts,MovingVideo,MovingTargetNoise,5,236,126,0.5338983050847458,0.5584602125825912
07,eeg_ts,MovingVideo,MovingTargetNoise,10,116,63,0.5431034482758621,0.5817479191438764
07,eeg_ts,MovingVideo,MovingTargetNoise,30,36,18,0.5,0.5833333333333333
07,eeg_ts,MovingVideo,MovingTargetNoise,60,16,9,0.5625,0.609375
07,eeg_ts,MovingVideo,MovingVideo,1,1192,384,0.3221476510067114,0.040420476555110135
07,eeg_ts,MovingVideo,MovingVideo,2,596,191,0.32046979865771813,0.029435611008513128
07,eeg_ts,MovingVideo,MovingVideo,5,236,81,0.3432203389830508,0.027434645216891693
07,eeg_ts,MovingVideo,MovingVideo,10,116,40,0.3448275862068966,0.014268727705112963
07,eeg_ts,MovingVideo,MovingVideo,30,36,13,0.3611111111111111,0.0
07,eeg_ts,MovingVideo,MovingVideo,60,16,6,0.375,0.0
07,eeg_ts,MovingVideo,NoVisuals,1,1192,607,0.5092281879194631,0.526640128823026
07,eeg_ts,MovingVideo,NoVisuals,2,596,314,0.5268456375838926,0.5292103959281114
07,eeg_ts,MovingVideo,NoVisuals,5,236,118,0.5,0.5254955472565356
07,eeg_ts,MovingVideo,NoVisuals,10,116,59,0.5086206896551724,0.5246730083234245
07,eeg_ts,MovingVideo,NoVisuals,30,36,18,0.5,0.5462962962962963
07,eeg_ts,MovingVideo,NoVisuals,60,16,8,0.5,0.484375
07,eeg_ts,NoVisuals,FixedVideo,1,1192,601,0.5041946308724832,0.49872753479572995
07,eeg_ts,NoVisuals,FixedVideo,2,596,305,0.511744966442953,0.4943471014819153
07,eeg_ts,NoVisuals,FixedVideo,5,236,119,0.5042372881355932,0.4864263142775065
07,eeg_ts,NoVisuals,FixedVideo,10,116,58,0.5,0.4794887039239001
07,eeg_ts,NoVisuals,FixedVideo,30,36,21,0.5833333333333334,0.49691358024691357
07,eeg_ts,NoVisuals,FixedVideo,60,16,11,0.6875,0.515625
07,eeg_ts,NoVisuals,MovingTargetNoise,1,1192,571,0.4790268456375839,0.49588419440565745
07,eeg_ts,NoVisuals,MovingTargetNoise,2,596,277,0.46476510067114096,0.4780640511688663
07,eeg_ts,NoVisuals,MovingTargetNoise,5,236,108,0.4576271186440678,0.47263717322608445
07,eeg_ts,NoVisuals,MovingTargetNoise,10,116,50,0.43103448275862066,0.4565992865636147
07,eeg_ts,NoVisuals,MovingTargetNoise,30,36,14,0.3888888888888889,0.45061728395061734
07,eeg_ts,NoVisuals,MovingTargetNoise,60,16,8,0.5,0.5
07,eeg_ts,NoVisuals,MovingVideo,1,1192,602,0.5050335570469798,0.4779148461781001
07,eeg_ts,NoVisuals,MovingVideo,2,596,307,0.5151006711409396,0.47902121526057384
07,eeg_ts,NoVisuals,MovingVideo,5,236,118,0.5,0.48010629129560467
07,eeg_ts,NoVisuals,MovingVideo,10,116,61,0.5258620689655172,0.47621878715814503
07,eeg_ts,NoVisuals,MovingVideo,30,36,18,0.5,0.4845679012345679
07,eeg_ts,NoVisuals,MovingVideo,60,16,9,0.5625,0.40625
07,eeg_ts,NoVisuals,NoVisuals,1,1192,233,0.19546979865771813,0.06800932390432865
07,eeg_ts,NoVisuals,NoVisuals,2,596,118,0.19798657718120805,0.05947930273411107
07,eeg_ts,NoVisuals,NoVisuals,5,236,48,0.2033898305084746,0.05874748635449582
07,eeg_ts,NoVisuals,NoVisuals,10,116,20,0.1724137931034483,0.03210463733650416
07,eeg_ts,NoVisuals,NoVisuals,30,36,6,0.16666666666666666,0.006172839506172842
07,eeg_ts,NoVisuals,NoVisuals,60,16,3,0.1875,0.0
07,eog_ts,FixedVideo,FixedVideo,1,1192,502,0.4211409395973154,0.2610467996937075
07,eog_ts,FixedVideo,FixedVideo,2,596,265,0.4446308724832215,0.30289176163235887
07,eog_ts,FixedVideo,FixedVideo,5,236,122,0.5169491525423728,0.49540361964952595
07,eog_ts,FixedVideo,FixedVideo,10,116,59,0.5086206896551724,0.504756242568371
07,eog_ts,FixedVideo,FixedVideo,30,36,18,0.5,0.5061728395061729
07,eog_ts,FixedVideo,FixedVideo,60,16,8,0.5,0.40625
07,eog_ts,FixedVideo,MovingTargetNoise,1,1192,630,0.5285234899328859,0.5478469438313589
07,eog_ts,FixedVideo,MovingTargetNoise,2,596,321,0.5385906040268457,0.560729246430341
07,eog_ts,FixedVideo,MovingTargetNoise,5,236,134,0.5677966101694916,0.5803648376903188
07,eog_ts,FixedVideo,MovingTargetNoise,10,116,68,0.5862068965517241,0.5948275862068966
07,eog_ts,FixedVideo,MovingTargetNoise,30,36,20,0.5555555555555556,0.6512345679012346
07,eog_ts,FixedVideo,MovingTargetNoise,60,16,10,0.625,0.640625
07,eog_ts,FixedVideo,MovingVideo,1,1192,649,0.5444630872483222,0.5728964911490474
07,eog_ts,FixedVideo,MovingVideo,2,596,339,0.5687919463087249,0.5928449168956353
07,eog_ts,FixedVideo,MovingVideo,5,236,136,0.576271186440678,0.6047112898592358
07,eog_ts,FixedVideo,MovingVideo,10,116,70,0.603448275862069,0.6248513674197385
07,eog_ts,FixedVideo,MovingVideo,30,36,23,0.6388888888888888,0.6820987654320987
07,eog_ts,FixedVideo,MovingVideo,60,16,11,0.6875,0.78125
07,eog_ts,FixedVideo,NoVisuals,1,1192,607,0.5092281879194631,0.5296439349578848
07,eog_ts,FixedVideo,NoVisuals,2,596,305,0.511744966442953,0.5331629205891627
07,eog_ts,FixedVideo,NoVisuals,5,236,121,0.5127118644067796,0.5366274059178396
07,eog_ts,FixedVideo,NoVisuals,10,116,60,0.5172413793103449,0.5734244946492271
07,eog_ts,FixedVideo,NoVisuals,30,36,19,0.5277777777777778,0.6358024691358025
07,eog_ts,FixedVideo,NoVisuals,60,16,7,0.4375,0.671875
07,eog_ts,MovingTargetNoise,FixedVideo,1,1192,664,0.5570469798657718,0.6056483942164768
07,eog_ts,MovingTargetNoise,FixedVideo,2,596,324,0.5436241610738255,0.6138124408810415
07,eog_ts,MovingTargetNoise,FixedVideo,5,236,135,0.5720338983050848,0.6345159436943407
07,eog_ts,MovingTargetNoise,FixedVideo,10,116,63,0.5431034482758621,0.6643876337693222
07,eog_ts,MovingTargetNoise,FixedVideo,30,36,19,0.5277777777777778,0.6697530864197531
07,eog_ts,MovingTargetNoise,FixedVideo,60,16,9,0.5625,0.640625
07,eog_ts,MovingTargetNoise,MovingTargetNoise,1,1192,571,0.4790268456375839,0.4516857348768074
07,eog_ts,MovingTargetNoise,MovingTargetNoise,2,596,298,0.5,0.46549704968244676
07,eog_ts,MovingTargetNoise,MovingTargetNoise,5,236,120,0.5084745762711864,0.5188164320597528
07,eog_ts,MovingTargetNoise,MovingTargetNoise,10,116,58,0.5,0.525564803804994
07,eog_ts,MovingTargetNoise,MovingTargetNoise,30,36,19,0.5277777777777778,0.6419753086419753
07,eog_ts,MovingTargetNoise,MovingTargetNoise,60,16,9,0.5625,0.71875
07,eog_ts,MovingTargetNoise,MovingVideo,1,1192,648,0.5436241610738255,0.5756694518264943
07,eog_ts,MovingTargetNoise,MovingVideo,2,596,339,0.5687919463087249,0.5871019323453899
07,eog_ts,MovingTargetNoise,MovingVideo,5,236,140,0.5932203389830508,0.6225940821602988
07,eog_ts,MovingTargetNoise,MovingVideo,10,116,70,0.603448275862069,0.6477407847800237
07,eog_ts,MovingTargetNoise,MovingVideo,30,36,25,0.6944444444444444,0.7191358024691358
07,eog_ts,MovingTargetNoise,MovingVideo,60,16,12,0.75,0.71875
07,eog_ts,MovingTargetNoise,NoVisuals,1,1192,563,0.47231543624161076,0.47708999594612855
07,eog_ts,MovingTargetNoise,NoVisuals,2,596,272,0.4563758389261745,0.4657222647628485
07,eog_ts,MovingTargetNoise,NoVisuals,5,236,117,0.4957627118644068,0.4831226659006032
07,eog_ts,MovingTargetNoise,NoVisuals,10,116,60,0.5172413793103449,0.49346016646848984
07,eog_ts,MovingTargetNoise,NoVisuals,30,36,18,0.5,0.4753086419753087
07,eog_ts,MovingTargetNoise,NoVisuals,60,16,8,0.5,0.4375
07,eog_ts,MovingVideo,FixedVideo,1,1192,621,0.5209731543624161,0.5606588667177155
07,eog_ts,MovingVideo,FixedVideo,2,596,313,0.5251677852348994,0.5878451421107158
07,eog_ts,MovingVideo,FixedVideo,5,236,128,0.5423728813559322,0.6216604424016087
07,eog_ts,MovingVideo,FixedVideo,10,116,65,0.5603448275862069,0.654577883472057
07,eog_ts,MovingVideo,FixedVideo,30,36,19,0.5277777777777778,0.70679012345679
07,eog_ts,MovingVideo,FixedVideo,60,16,10,0.625,0.75
07,eog_ts,MovingVideo,MovingTargetNoise,1,1192,630,0.5285234899328859,0.5413157064997072
07,eog_ts,MovingVideo,MovingTargetNoise,2,596,318,0.5335570469798657,0.5606278996441602
07,eog_ts,MovingVideo,MovingTargetNoise,5,236,117,0.4957627118644068,0.5843148520540075
07,eog_ts,MovingVideo,MovingTargetNoise,10,116,57,0.49137931034482757,0.6049346016646848
07,eog_ts,MovingVideo,MovingTargetNoise,30,36,18,0.5,0.6728395061728395
07,eog_ts,MovingVideo,MovingTargetNoise,60,16,8,0.5,0.71875
07,eog_ts,MovingVideo,MovingVideo,1,1192,549,0.46057046979865773,0.4360895905589839
07,eog_ts,MovingVideo,MovingVideo,2,596,303,0.5083892617449665,0.4959911715688482
07,eog_ts,MovingVideo,MovingVideo,5,236,125,0.5296610169491526,0.5439528871014077
07,eog_ts,MovingVideo,MovingVideo,10,116,66,0.5689655172413793,0.5808561236623068
07,eog_ts,MovingVideo,MovingVideo,30,36,21,0.5833333333333334,0.6728395061728396
07,eog_ts,MovingVideo,MovingVideo,60,16,10,0.625,0.875
07,eog_ts,MovingVideo,NoVisuals,1,1192,608,0.5100671140939598,0.5166940678347822
07,eog_ts,MovingVideo,NoVisuals,2,596,309,0.5184563758389261,0.5097405522273771
07,eog_ts,MovingVideo,NoVisuals,5,236,132,0.559322033898305,0.48908359666762424
07,eog_ts,MovingVideo,NoVisuals,10,116,66,0.5689655172413793,0.477705112960761
07,eog_ts,MovingVideo,NoVisuals,30,36,20,0.5555555555555556,0.5123456790123457
07,eog_ts,MovingVideo,NoVisuals,60,16,9,0.5625,0.53125
07,eog_ts,NoVisuals,FixedVideo,1,1192,693,0.5813758389261745,0.591282487275348
07,eog_ts,NoVisuals,FixedVideo,2,596,367,0.6157718120805369,0.6250844556551508
07,eog_ts,NoVisuals,FixedVideo,5,236,166,0.7033898305084746,0.7533754668198793
07,eog_ts,NoVisuals,FixedVideo,10,116,87,0.75,0.8041022592152199
07,eog_ts,NoVisuals,FixedVideo,30,36,28,0.7777777777777778,0.8425925925925926
07,eog_ts,NoVisuals,FixedVideo,60,16,13,0.8125,0.890625
07,eog_ts,NoVisuals,MovingTargetNoise,1,1192,593,0.4974832214765101,0.4906648349173461
07,eog_ts,NoVisuals,MovingTargetNoise,2,596,298,0.5,0.48334534480428815
07,eog_ts,NoVisuals,MovingTargetNoise,5,236,126,0.5338983050847458,0.5223355357655847
07,eog_ts,NoVisuals,MovingTargetNoise,10,116,62,0.5344827586206896,0.5205112960760998
07,eog_ts,NoVisuals,MovingTargetNoise,30,36,19,0.5277777777777778,0.6049382716049383
07,eog_ts,NoVisuals,MovingTargetNoise,60,16,12,0.75,0.703125
07,eog_ts,NoVisuals,MovingVideo,1,1192,647,0.5427852348993288,0.5641468852754381
07,eog_ts,NoVisuals,MovingVideo,2,596,320,0.5369127516778524,0.5607742894464214
07,eog_ts,NoVisuals,MovingVideo,5,236,130,0.5508474576271186,0.577204826199368
07,eog_ts,NoVisuals,MovingVideo,10,116,60,0.5172413793103449,0.5862068965517241
07,eog_ts,NoVisuals,MovingVideo,30,36,19,0.5277777777777778,0.6574074074074074
07,eog_ts,NoVisuals,MovingVideo,60,16,9,0.5625,0.65625
07,eog_ts,NoVisuals,NoVisuals,1,1192,532,0.4463087248322148,0.3831809377955948
07,eog_ts,NoVisuals,NoVisuals,2,596,261,0.43791946308724833,0.38327102382775546
07,eog_ts,NoVisuals,NoVisuals,5,236,103,0.4364406779661017,0.37848319448434353
07,eog_ts,NoVisuals,NoVisuals,10,116,46,0.39655172413793105,0.3454221165279429
07,eog_ts,NoVisuals,NoVisuals,30,36,14,0.3888888888888889,0.32098765432098764
07,eog_ts,NoVisuals,NoVisuals,60,16,5,0.3125,0.25
07,gazectrl_csp,FixedVideo,FixedVideo,1,1192,574,0.4815436241610738,0.46752961578307284
07,gazectrl_csp,FixedVideo,FixedVideo,2,596,276,0.46308724832214765,0.4601144092608441
07,gazectrl_csp,FixedVideo,FixedVideo,5,236,108,0.4576271186440678,0.4472852628555013
07,gazectrl_csp,FixedVideo,FixedVideo,10,116,51,0.4396551724137931,0.4209274673008323
07,gazectrl_csp,FixedVideo,FixedVideo,30,36,18,0.5,0.3827160493827161
07,gazectrl_csp,FixedVideo,FixedVideo,60,16,7,0.4375,0.40625
07,gazectrl_csp,FixedVideo,MovingTargetNoise,1,1192,650,0.5453020134228188,0.5489167154632675
07,gazectrl_csp,FixedVideo,MovingTargetNoise,2,596,319,0.535234899328859,0.5871807576235306
07,gazectrl_csp,FixedVideo,MovingTargetNoise,5,236,125,0.5296610169491526,0.6151967825337545
07,gazectrl_csp,FixedVideo,MovingTargetNoise,10,116,58,0.5,0.6527942925089179
07,gazectrl_csp,FixedVideo,MovingTargetNoise,30,36,18,0.5,0.691358024691358
07,gazectrl_csp,FixedVideo,MovingTargetNoise,60,16,8,0.5,0.71875
07,gazectrl_csp,FixedVideo,MovingVideo,1,1192,627,0.5260067114093959,0.5549524796180352
07,gazectrl_csp,FixedVideo,MovingVideo,2,596,326,0.5469798657718121,0.5632629160848611
07,gazectrl_csp,FixedVideo,MovingVideo,5,236,130,0.5508474576271186,0.578569376615915
07,gazectrl_csp,FixedVideo,MovingVideo,10,116,62,0.5344827586206896,0.5844233055885849
07,gazectrl_csp,FixedVideo,MovingVideo,30,36,19,0.5277777777777778,0.5925925925925926
07,gazectrl_csp,FixedVideo,MovingVideo,60,16,9,0.5625,0.609375
07,gazectrl_csp,FixedVideo,NoVisuals,1,1192,582,0.48825503355704697,0.4980349984234944
07,gazectrl_csp,FixedVideo,NoVisuals,2,596,294,0.49328859060402686,0.49662177379397326
07,gazectrl_csp,FixedVideo,NoVisuals,5,236,119,0.5042372881355932,0.4928181557023843
07,gazectrl_csp,FixedVideo,NoVisuals,10,116,60,0.5172413793103449,0.47324613555291317
07,gazectrl_csp,FixedVideo,NoVisuals,30,36,20,0.5555555555555556,0.4938271604938272
07,gazectrl_csp,FixedVideo,NoVisuals,60,16,8,0.5,0.5
07,gazectrl_csp,MovingTargetNoise,FixedVideo,1,1192,573,0.48070469798657717,0.4823881807125805
07,gazectrl_csp,MovingTargetNoise,FixedVideo,2,596,299,0.5016778523489933,0.48715147966307826
07,gazectrl_csp,MovingTargetNoise,FixedVideo,5,236,119,0.5042372881355932,0.4918126975007182
07,gazectrl_csp,MovingTargetNoise,FixedVideo,10,116,57,0.49137931034482757,0.49791914387633773
07,gazectrl_csp,MovingTargetNoise,FixedVideo,30,36,17,0.4722222222222222,0.49382716049382713
07,gazectrl_csp,MovingTargetNoise,FixedVideo,60,16,9,0.5625,0.515625
07,gazectrl_csp,MovingTargetNoise,MovingTargetNoise,1,1192,567,0.47567114093959734,0.44638755011035536
07,gazectrl_csp,MovingTargetNoise,MovingTargetNoise,2,596,282,0.47315436241610737,0.4343723255709202
07,gazectrl_csp,MovingTargetNoise,MovingTargetNoise,5,236,114,0.4830508474576271,0.43895432347026714
07,gazectrl_csp,MovingTargetNoise,MovingTargetNoise,10,116,55,0.47413793103448276,0.41200951248513673
07,gazectrl_csp,MovingTargetNoise,MovingTargetNoise,30,36,17,0.4722222222222222,0.4012345679012346
07,gazectrl_csp,MovingTargetNoise,MovingTargetNoise,60,16,7,0.4375,0.25
07,gazectrl_csp,MovingTargetNoise,MovingVideo,1,1192,602,0.5050335570469798,0.5253198054141706
07,gazectrl_csp,MovingTargetNoise,MovingVideo,2,596,300,0.5033557046979866,0.5202130534660601
07,gazectrl_csp,MovingTargetNoise,MovingVideo,5,236,117,0.4957627118644068,0.5367710428037921
07,gazectrl_csp,MovingTargetNoise,MovingVideo,10,116,60,0.5172413793103449,0.5523186682520809
07,gazectrl_csp,MovingTargetNoise,MovingVideo,30,36,22,0.6111111111111112,0.5709876543209877
07,gazectrl_csp,MovingTargetNoise,MovingVideo,60,16,9,0.5625,0.578125
07,gazectrl_csp,MovingTargetNoise,NoVisuals,1,1192,595,0.49916107382550334,0.48873643079140583
07,gazectrl_csp,MovingTargetNoise,NoVisuals,2,596,286,0.4798657718120805,0.4788072609341921
07,gazectrl_csp,MovingTargetNoise,NoVisuals,5,236,115,0.4872881355932203,0.4722780810112037
07,gazectrl_csp,MovingTargetNoise,NoVisuals,10,116,54,0.46551724137931033,0.45541022592152197
07,gazectrl_csp,MovingTargetNoise,NoVisuals,30,36,19,0.5277777777777778,0.4166666666666667
07,gazectrl_csp,MovingTargetNoise,NoVisuals,60,16,7,0.4375,0.4375
07,gazectrl_csp,MovingVideo,FixedVideo,1,1192,602,0.5050335570469798,0.512125016891131
07,gazectrl_csp,MovingVideo,FixedVideo,2,596,311,0.5218120805369127,0.520708526642944
07,gazectrl_csp,MovingVideo,FixedVideo,5,236,123,0.5211864406779662,0.5204682562482045
07,gazectrl_csp,MovingVideo,FixedVideo,10,116,62,0.5344827586206896,0.5425089179548157
07,gazectrl_csp,MovingVideo,FixedVideo,30,36,21,0.5833333333333334,0.5709876543209876
07,gazectrl_csp,MovingVideo,FixedVideo,60,16,8,0.5,0.65625
07,gazectrl_csp,MovingVideo,MovingTargetNoise,1,1192,604,0.5067114093959731,0.5077305076347912
07,gazectrl_csp,MovingVideo,MovingTargetNoise,2,596,305,0.511744966442953,0.5252803927751002
07,gazectrl_csp,MovingVideo,MovingTargetNoise,5,236,121,0.5127118644067796,0.5317437517954611
07,gazectrl_csp,MovingVideo,MovingTargetNoise,10,116,58,0.5,0.5312128418549346
07,gazectrl_csp,MovingVideo,MovingTargetNoise,30,36,18,0.5,0.5246913580246914
07,gazectrl_csp,MovingVideo,MovingTargetNoise,60,16,8,0.5,0.53125
07,gazectrl_csp,MovingVideo,MovingVideo,1,1192,601,0.5041946308724832,0.4880354488536553
07,gazectrl_csp,MovingVideo,MovingVideo,2,596,311,0.5218120805369127,0.4782442232331877
07,gazectrl_csp,MovingVideo,MovingVideo,5,236,114,0.4830508474576271,0.38997414536052855
07,gazectrl_csp,MovingVideo,MovingVideo,10,116,55,0.47413793103448276,0.3585017835909632
07,gazectrl_csp,MovingVideo,MovingVideo,30,36,18,0.5,0.24691358024691357
07,gazectrl_csp,MovingVideo,MovingVideo,60,16,8,0.5,0.1875
07,gazectrl_csp,MovingVideo,NoVisuals,1,1192,622,0.5218120805369127,0.5162436376739786
07,gazectrl_csp,MovingVideo,NoVisuals,2,596,315,0.5285234899328859,0.5090198639700915
07,gazectrl_csp,MovingVideo,NoVisuals,5,236,124,0.5254237288135594,0.5176673369721344
07,gazectrl_csp,MovingVideo,NoVisuals,10,116,62,0.5344827586206896,0.5086206896551724
07,gazectrl_csp,MovingVideo,NoVisuals,30,36,18,0.5,0.5895061728395061
07,gazectrl_csp,MovingVideo,NoVisuals,60,16,8,0.5,0.53125
07,gazectrl_csp,NoVisuals,FixedVideo,1,1192,612,0.5134228187919463,0.5090508310436467
07,gazectrl_csp,NoVisuals,FixedVideo,2,596,316,0.5302013422818792,0.5197288410431963
07,gazectrl_csp,NoVisuals,FixedVideo,5,236,128,0.5423728813559322,0.5479747199080724
07,gazectrl_csp,NoVisuals,FixedVideo,10,116,66,0.5689655172413793,0.5648038049940547
07,gazectrl_csp,NoVisuals,FixedVideo,30,36,19,0.5277777777777778,0.5277777777777778
07,gazectrl_csp,NoVisuals,FixedVideo,60,16,7,0.4375,0.59375
07,gazectrl_csp,NoVisuals,MovingTargetNoise,1,1192,600,0.5033557046979866,0.4880382640421602
07,gazectrl_csp,NoVisuals,MovingTargetNoise,2,596,285,0.47818791946308725,0.4688414936264132
07,gazectrl_csp,NoVisuals,MovingTargetNoise,5,236,115,0.4872881355932203,0.4719189887963229
07,gazectrl_csp,NoVisuals,MovingTargetNoise,10,116,61,0.5258620689655172,0.4723543400713437
07,gazectrl_csp,NoVisuals,MovingTargetNoise,30,36,16,0.4444444444444444,0.4537037037037037
07,gazectrl_csp,NoVisuals,MovingTargetNoise,60,16,8,0.5,0.484375
07,gazectrl_csp,NoVisuals,MovingVideo,1,1192,624,0.5234899328859061,0.489772420161254
07,gazectrl_csp,NoVisuals,MovingVideo,2,596,312,0.5234899328859061,0.4820278365839376
07,gazectrl_csp,NoVisuals,MovingVideo,5,236,123,0.5211864406779662,0.47357081298477455
07,gazectrl_csp,NoVisuals,MovingVideo,10,116,67,0.5775862068965517,0.47324613555291317
07,gazectrl_csp,NoVisuals,MovingVideo,30,36,22,0.6111111111111112,0.4691358024691358
07,gazectrl_csp,NoVisuals,MovingVideo,60,16,10,0.625,0.5
07,gazectrl_csp,NoVisuals,NoVisuals,1,1192,593,0.4974832214765101,0.49594612855276793
07,gazectrl_csp,NoVisuals,NoVisuals,2,596,301,0.5050335570469798,0.5043016080356741
07,gazectrl_csp,NoVisuals,NoVisuals,5,236,120,0.5084745762711864,0.5002872737719046
07,gazectrl_csp,NoVisuals,NoVisuals,10,116,58,0.5,0.4952437574316291
07,gazectrl_csp,NoVisuals,NoVisuals,30,36,18,0.5,0.5740740740740741
07,gazectrl_csp,NoVisuals,NoVisuals,60,16,8,0.5,0.625
07,gazectrl_ts,FixedVideo,FixedVideo,1,1192,594,0.4983221476510067,0.4904565109679744
07,gazectrl_ts,FixedVideo,FixedVideo,2,596,283,0.4748322147651007,0.47783883608846445
07,gazectrl_ts,FixedVideo,FixedVideo,5,236,106,0.4491525423728814,0.4317724791726515
07,gazectrl_ts,FixedVideo,FixedVideo,10,116,51,0.4396551724137931,0.4084423305588585
07,gazectrl_ts,FixedVideo,FixedVideo,30,36,15,0.4166666666666667,0.3765432098765432
07,gazectrl_ts,FixedVideo,FixedVideo,60,16,6,0.375,0.25
07,gazectrl_ts,FixedVideo,MovingTargetNoise,1,1192,594,0.4983221476510067,0.5071674699337868
07,gazectrl_ts,FixedVideo,MovingTargetNoise,2,596,308,0.5167785234899329,0.5174654294851583
07,gazectrl_ts,FixedVideo,MovingTargetNoise,5,236,119,0.5042372881355932,0.5088336684860673
07,gazectrl_ts,FixedVideo,MovingTargetNoise,10,116,67,0.5775862068965517,0.5389417360285375
07,gazectrl_ts,FixedVideo,MovingTargetNoise,30,36,18,0.5,0.5864197530864197
07,gazectrl_ts,FixedVideo,MovingTargetNoise,60,16,10,0.625,0.671875
07,gazectrl_ts,FixedVideo,MovingVideo,1,1192,615,0.5159395973154363,0.5365355164181793
07,gazectrl_ts,FixedVideo,MovingVideo,2,596,311,0.5218120805369127,0.5272172424665555
07,gazectrl_ts,FixedVideo,MovingVideo,5,236,137,0.5805084745762712,0.5797184717035335
07,gazectrl_ts,FixedVideo,MovingVideo,10,116,61,0.5258620689655172,0.6010701545778835
07,gazectrl_ts,FixedVideo,MovingVideo,30,36,18,0.5,0.6851851851851851
07,gazectrl_ts,FixedVideo,MovingVideo,60,16,10,0.625,0.734375
07,gazectrl_ts,FixedVideo,NoVisuals,1,1192,622,0.5218120805369127,0.5252719472095851
07,gazectrl_ts,FixedVideo,NoVisuals,2,596,316,0.5302013422818792,0.5182536822665647
07,gazectrl_ts,FixedVideo,NoVisuals,5,236,123,0.5211864406779662,0.5425165182418845
07,gazectrl_ts,FixedVideo,NoVisuals,10,116,65,0.5603448275862069,0.5665873959571939
07,gazectrl_ts,FixedVideo,NoVisuals,30,36,22,0.6111111111111112,0.654320987654321
07,gazectrl_ts,FixedVideo,NoVisuals,60,16,10,0.625,0.6875
07,gazectrl_ts,MovingTargetNoise,FixedVideo,1,1192,602,0.5050335570469798,0.5245034007477141
07,gazectrl_ts,MovingTargetNoise,FixedVideo,2,596,299,0.5016778523489933,0.5193121931444529
07,gazectrl_ts,MovingTargetNoise,FixedVideo,5,236,112,0.4745762711864407,0.5176673369721344
07,gazectrl_ts,MovingTargetNoise,FixedVideo,10,116,60,0.5172413793103449,0.5463733650416172
07,gazectrl_ts,MovingTargetNoise,FixedVideo,30,36,18,0.5,0.558641975308642
07,gazectrl_ts,MovingTargetNoise,FixedVideo,60,16,9,0.5625,0.640625
07,gazectrl_ts,MovingTargetNoise,MovingTargetNoise,1,1192,574,0.4815436241610738,0.4456274492139993
07,gazectrl_ts,MovingTargetNoise,MovingTargetNoise,2,596,279,0.46812080536912754,0.3956353317418134
07,gazectrl_ts,MovingTargetNoise,MovingTargetNoise,5,236,106,0.4491525423728814,0.3483194484343579
07,gazectrl_ts,MovingTargetNoise,MovingTargetNoise,10,116,54,0.46551724137931033,0.28953626634958385
07,gazectrl_ts,MovingTargetNoise,MovingTargetNoise,30,36,18,0.5,0.19753086419753088
07,gazectrl_ts,MovingTargetNoise,MovingTargetNoise,60,16,8,0.5,0.0625
07,gazectrl_ts,MovingTargetNoise,MovingVideo,1,1192,637,0.5343959731543624,0.529539772983199
07,gazectrl_ts,MovingTargetNoise,MovingVideo,2,596,305,0.511744966442953,0.5160803567406873
07,gazectrl_ts,MovingTargetNoise,MovingVideo,5,236,123,0.5211864406779662,0.5194627980465384
07,gazectrl_ts,MovingTargetNoise,MovingVideo,10,116,62,0.5344827586206896,0.5431034482758621
07,gazectrl_ts,MovingTargetNoise,MovingVideo,30,36,21,0.5833333333333334,0.5555555555555556
07,gazectrl_ts,MovingTargetNoise,MovingVideo,60,16,10,0.625,0.65625
07,gazectrl_ts,MovingTargetNoise,NoVisuals,1,1192,566,0.4748322147651007,0.4683826179000946
07,gazectrl_ts,MovingTargetNoise,NoVisuals,2,596,276,0.46308724832214765,0.4498558623485429
07,gazectrl_ts,MovingTargetNoise,NoVisuals,5,236,117,0.4957627118644068,0.4764435507038207
07,gazectrl_ts,MovingTargetNoise,NoVisuals,10,116,56,0.4827586206896552,0.4631391200951248
07,gazectrl_ts,MovingTargetNoise,NoVisuals,30,36,17,0.4722222222222222,0.4012345679012346
07,gazectrl_ts,MovingTargetNoise,NoVisuals,60,16,8,0.5,0.3125
07,gazectrl_ts,MovingVideo,FixedVideo,1,1192,626,0.5251677852348994,0.5368254808341967
07,gazectrl_ts,MovingVideo,FixedVideo,2,596,321,0.5385906040268457,0.5415634430881492
07,gazectrl_ts,MovingVideo,FixedVideo,5,236,133,0.5635593220338984,0.5901321459350761
07,gazectrl_ts,MovingVideo,FixedVideo,10,116,65,0.5603448275862069,0.6224732461355529
07,gazectrl_ts,MovingVideo,FixedVideo,30,36,22,0.6111111111111112,0.6851851851851851
07,gazectrl_ts,MovingVideo,FixedVideo,60,16,11,0.6875,0.734375
07,gazectrl_ts,MovingVideo,MovingTargetNoise,1,1192,622,0.5218120805369127,0.53345288500518
07,gazectrl_ts,MovingVideo,MovingTargetNoise,2,596,313,0.5251677852348994,0.5264740327012296
07,gazectrl_ts,MovingVideo,MovingTargetNoise,5,236,125,0.5296610169491526,0.5384228669922436
07,gazectrl_ts,MovingVideo,MovingTargetNoise,10,116,68,0.5862068965517241,0.558858501783591
07,gazectrl_ts,MovingVideo,MovingTargetNoise,30,36,21,0.5833333333333334,0.6141975308641976
07,gazectrl_ts,MovingVideo,MovingTargetNoise,60,16,8,0.5,0.625
07,gazectrl_ts,MovingVideo,MovingVideo,1,1192,574,0.4815436241610738,0.4550414395747939
07,gazectrl_ts,MovingVideo,MovingVideo,2,596,289,0.4848993288590604,0.4227512274221882
07,gazectrl_ts,MovingVideo,MovingVideo,5,236,117,0.4957627118644068,0.3750359092214881
07,gazectrl_ts,MovingVideo,MovingVideo,10,116,58,0.5,0.34244946492271106
07,gazectrl_ts,MovingVideo,MovingVideo,30,36,18,0.5,0.2777777777777778
07,gazectrl_ts,MovingVideo,MovingVideo,60,16,8,0.5,0.125
07,gazectrl_ts,MovingVideo,NoVisuals,1,1192,607,0.5092281879194631,0.5164012882302599
07,gazectrl_ts,MovingVideo,NoVisuals,2,596,325,0.5453020134228188,0.52272420161254
07,gazectrl_ts,MovingVideo,NoVisuals,5,236,119,0.5042372881355932,0.5126400459638035
07,gazectrl_ts,MovingVideo,NoVisuals,10,116,60,0.5172413793103449,0.5341854934601664
07,gazectrl_ts,MovingVideo,NoVisuals,30,36,20,0.5555555555555556,0.5432098765432098
07,gazectrl_ts,MovingVideo,NoVisuals,60,16,8,0.5,0.484375
07,gazectrl_ts,NoVisuals,FixedVideo,1,1192,579,0.48573825503355705,0.4902988604116931
07,gazectrl_ts,NoVisuals,FixedVideo,2,596,293,0.49161073825503354,0.4860479257691095
07,gazectrl_ts,NoVisuals,FixedVideo,5,236,124,0.5254237288135594,0.5184573398448722
07,gazectrl_ts,NoVisuals,FixedVideo,10,116,57,0.49137931034482757,0.5092152199762188
07,gazectrl_ts,NoVisuals,FixedVideo,30,36,17,0.4722222222222222,0.49074074074074076
07,gazectrl_ts,NoVisuals,FixedVideo,60,16,5,0.3125,0.390625
07,gazectrl_ts,NoVisuals,MovingTargetNoise,1,1192,575,0.4823825503355705,0.4718199630647268
07,gazectrl_ts,NoVisuals,MovingTargetNoise,2,596,288,0.48322147651006714,0.47557542453042656
07,gazectrl_ts,NoVisuals,MovingTargetNoise,5,236,116,0.4915254237288136,0.4860672220626257
07,gazectrl_ts,NoVisuals,MovingTargetNoise,10,116,59,0.5086206896551724,0.4842449464922711
07,gazectrl_ts,NoVisuals,MovingTargetNoise,30,36,19,0.5277777777777778,0.5216049382716049
07,gazectrl_ts,NoVisuals,MovingTargetNoise,60,16,8,0.5,0.5625
07,gazectrl_ts,NoVisuals,MovingVideo,1,1192,598,0.5016778523489933,0.5022324444844827
07,gazectrl_ts,NoVisuals,MovingVideo,2,596,302,0.5067114093959731,0.49210621143191746
07,gazectrl_ts,NoVisuals,MovingVideo,5,236,129,0.5466101694915254,0.5202528009192762
07,gazectrl_ts,NoVisuals,MovingVideo,10,116,64,0.5517241379310345,0.5303210463733651
07,gazectrl_ts,NoVisuals,MovingVideo,30,36,18,0.5,0.5462962962962963
07,gazectrl_ts,NoVisuals,MovingVideo,60,16,11,0.6875,0.578125
07,gazectrl_ts,NoVisuals,NoVisuals,1,1192,565,0.473993288590604,0.4581099950452682
07,gazectrl_ts,NoVisuals,NoVisuals,2,596,278,0.4664429530201342,0.43673708391513894
07,gazectrl_ts,NoVisuals,NoVisuals,5,236,104,0.4406779661016949,0.3786268313702959
07,gazectrl_ts,NoVisuals,NoVisuals,10,116,48,0.41379310344827586,0.32580261593341264
07,gazectrl_ts,NoVisuals,NoVisuals,30,36,17,0.4722222222222222,0.24691358024691357
07,gazectrl_ts,NoVisuals,NoVisuals,60,16,7,0.4375,0.1875
08,eeg_alpha_ts,FixedVideo,FixedVideo,1,1192,584,0.4899328859060403,0.4878946894284041
08,eeg_alpha_ts,FixedVideo,FixedVideo,2,596,274,0.4597315436241611,0.44833566055583085
08,eeg_alpha_ts,FixedVideo,FixedVideo,5,236,116,0.4915254237288136,0.463228957196208
08,eeg_alpha_ts,FixedVideo,FixedVideo,10,116,53,0.45689655172413796,0.455410225921522
08,eeg_alpha_ts,FixedVideo,FixedVideo,30,36,16,0.4444444444444444,0.3827160493827161
08,eeg_alpha_ts,FixedVideo,FixedVideo,60,16,7,0.4375,0.28125
08,eeg_alpha_ts,FixedVideo,MovingTargetNoise,1,1192,579,0.48573825503355705,0.4807610017566776
08,eeg_alpha_ts,FixedVideo,MovingTargetNoise,2,596,283,0.4748322147651007,0.4637291113012927
08,eeg_alpha_ts,FixedVideo,MovingTargetNoise,5,236,109,0.461864406779661,0.4403188738868141
08,eeg_alpha_ts,FixedVideo,MovingTargetNoise,10,116,52,0.4482758620689655,0.42479191438763375
08,eeg_alpha_ts,FixedVideo,MovingTargetNoise,30,36,11,0.3055555555555556,0.37962962962962965
08,eeg_alpha_ts,FixedVideo,MovingTargetNoise,60,16,6,0.375,0.296875
08,eeg_alpha_ts,FixedVideo,MovingVideo,1,1192,602,0.5050335570469798,0.515027476239809
08,eeg_alpha_ts,FixedVideo,MovingVideo,2,596,295,0.4949664429530201,0.48505697941534165
08,eeg_alpha_ts,FixedVideo,MovingVideo,5,236,112,0.4745762711864407,0.47780810112036765
08,eeg_alpha_ts,FixedVideo,MovingVideo,10,116,56,0.4827586206896552,0.485731272294887
08,eeg_alpha_ts,FixedVideo,MovingVideo,30,36,17,0.4722222222222222,0.4783950617283951
08,eeg_alpha_ts,FixedVideo,MovingVideo,60,16,7,0.4375,0.53125
08,eeg_alpha_ts,FixedVideo,NoVisuals,1,1192,595,0.49916107382550334,0.5211448808612225
08,eeg_alpha_ts,FixedVideo,NoVisuals,2,596,313,0.5251677852348994,0.5327575334444394
08,eeg_alpha_ts,FixedVideo,NoVisuals,5,236,124,0.5254237288135594,0.5602556736569951
08,eeg_alpha_ts,FixedVideo,NoVisuals,10,116,65,0.5603448275862069,0.5933412604042806
08,eeg_alpha_ts,FixedVideo,NoVisuals,30,36,24,0.6666666666666666,0.5987654320987654
08,eeg_alpha_ts,FixedVideo,NoVisuals,60,16,9,0.5625,0.59375
08,eeg_alpha_ts,MovingTargetNoise,FixedVideo,1,1192,571,0.4790268456375839,0.4826162109814873
08,eeg_alpha_ts,MovingTargetNoise,FixedVideo,2,596,272,0.4563758389261745,0.45207423089050036
08,eeg_alpha_ts,MovingTargetNoise,FixedVideo,5,236,114,0.4830508474576271,0.4413243320884804
08,eeg_alpha_ts,MovingTargetNoise,FixedVideo,10,116,52,0.4482758620689655,0.41884661117717004
08,eeg_alpha_ts,MovingTargetNoise,FixedVideo,30,36,12,0.3333333333333333,0.3364197530864198
08,eeg_alpha_ts,MovingTargetNoise,FixedVideo,60,16,7,0.4375,0.359375
08,eeg_alpha_ts,MovingTargetNoise,MovingTargetNoise,1,1192,580,0.4865771812080537,0.48484865546597
08,eeg_alpha_ts,MovingTargetNoise,MovingTargetNoise,2,596,291,0.48825503355704697,0.47662267465429486
08,eeg_alpha_ts,MovingTargetNoise,MovingTargetNoise,5,236,111,0.4703389830508475,0.4452743464521689
08,eeg_alpha_ts,MovingTargetNoise,MovingTargetNoise,10,116,58,0.5,0.4357907253269917
08,eeg_alpha_ts,MovingTargetNoise,MovingTargetNoise,30,36,15,0.4166666666666667,0.3888888888888889
08,eeg_alpha_ts,MovingTargetNoise,MovingTargetNoise,60,16,8,0.5,0.3125
08,eeg_alpha_ts,MovingTargetNoise,MovingVideo,1,1192,598,0.5016778523489933,0.5012893563353003
08,eeg_alpha_ts,MovingTargetNoise,MovingVideo,2,596,284,0.47651006711409394,0.4793139948650962
08,eeg_alpha_ts,MovingTargetNoise,MovingVideo,5,236,111,0.4703389830508475,0.4876472278081011
08,eeg_alpha_ts,MovingTargetNoise,MovingVideo,10,116,49,0.4224137931034483,0.4643281807372176
08,eeg_alpha_ts,MovingTargetNoise,MovingVideo,30,36,16,0.4444444444444444,0.40740740740740744
08,eeg_alpha_ts,MovingTargetNoise,MovingVideo,60,16,8,0.5,0.40625
08,eeg_alpha_ts,MovingTargetNoise,NoVisuals,1,1192,592,0.4966442953020134,0.4919288545561011
08,eeg_alpha_ts,MovingTargetNoise,NoVisuals,2,596,297,0.4983221476510067,0.5003941263907031
08,eeg_alpha_ts,MovingTargetNoise,NoVisuals,5,236,115,0.4872881355932203,0.4957627118644068
08,eeg_alpha_ts,MovingTargetNoise,NoVisuals,10,116,55,0.47413793103448276,0.4854340071343639
08,eeg_alpha_ts,MovingTargetNoise,NoVisuals,30,36,18,0.5,0.5617283950617283
08,eeg_alpha_ts,MovingTargetNoise,NoVisuals,60,16,8,0.5,0.5625
08,eeg_alpha_ts,MovingVideo,FixedVideo,1,1192,611,0.5125838926174496,0.516161997207333
08,eeg_alpha_ts,MovingVideo,FixedVideo,2,596,295,0.4949664429530201,0.5062947614972299
08,eeg_alpha_ts,MovingVideo,FixedVideo,5,236,112,0.4745762711864407,0.48922723355357656
08,eeg_alpha_ts,MovingVideo,FixedVideo,10,116,59,0.5086206896551724,0.4934601664684899
08,eeg_alpha_ts,MovingVideo,FixedVideo,30,36,19,0.5277777777777778,0.4629629629629629
08,eeg_alpha_ts,MovingVideo,FixedVideo,60,16,8,0.5,0.40625
08,eeg_alpha_ts,MovingVideo,MovingTargetNoise,1,1192,616,0.5167785234899329,0.49754515562362056
08,eeg_alpha_ts,MovingVideo,MovingTargetNoise,2,596,299,0.5016778523489933,0.4856425386243862
08,eeg_alpha_ts,MovingVideo,MovingTargetNoise,5,236,122,0.5169491525423728,0.521186440677966
08,eeg_alpha_ts,MovingVideo,MovingTargetNoise,10,116,58,0.5,0.5130796670630202
08,eeg_alpha_ts,MovingVideo,MovingTargetNoise,30,36,20,0.5555555555555556,0.5123456790123457
08,eeg_alpha_ts,MovingVideo,MovingTargetNoise,60,16,9,0.5625,0.625
08,eeg_alpha_ts,MovingVideo,MovingVideo,1,1192,581,0.4874161073825503,0.48292869690554474
08,eeg_alpha_ts,MovingVideo,MovingVideo,2,596,278,0.4664429530201342,0.4572992207558218
08,eeg_alpha_ts,MovingVideo,MovingVideo,5,236,116,0.4915254237288136,0.4606434932490663
08,eeg_alpha_ts,MovingVideo,MovingVideo,10,116,58,0.5,0.44768133174791913
08,eeg_alpha_ts,MovingVideo,MovingVideo,30,36,19,0.5277777777777778,0.35185185185185186
08,eeg_alpha_ts,MovingVideo,MovingVideo,60,16,8,0.5,0.40625
08,eeg_alpha_ts,MovingVideo,NoVisuals,1,1192,574,0.4815436241610738,0.4716003783613351
08,eeg_alpha_ts,MovingVideo,NoVisuals,2,596,279,0.46812080536912754,0.44331336426287105
08,eeg_alpha_ts,MovingVideo,NoVisuals,5,236,98,0.4152542372881356,0.4255960930767021
08,eeg_alpha_ts,MovingVideo,NoVisuals,10,116,46,0.39655172413793105,0.3876337693222354
08,eeg_alpha_ts,MovingVideo,NoVisuals,30,36,12,0.3333333333333333,0.3487654320987654
08,eeg_alpha_ts,MovingVideo,NoVisuals,60,16,6,0.375,0.359375
08,eeg_alpha_ts,NoVisuals,FixedVideo,1,1192,632,0.5302013422818792,0.5401699247781632
08,eeg_alpha_ts,NoVisuals,FixedVideo,2,596,308,0.5167785234899329,0.539007251925589
08,eeg_alpha_ts,NoVisuals,FixedVideo,5,236,121,0.5127118644067796,0.5410083309393853
08,eeg_alpha_ts,NoVisuals,FixedVideo,10,116,60,0.5172413793103449,0.5740190249702735
08,eeg_alpha_ts,NoVisuals,FixedVideo,30,36,22,0.6111111111111112,0.6049382716049383
08,eeg_alpha_ts,NoVisuals,FixedVideo,60,16,8,0.5,0.578125
08,eeg_alpha_ts,NoVisuals,MovingTargetNoise,1,1192,590,0.4949664429530201,0.4924975226341156
08,eeg_alpha_ts,NoVisuals,MovingTargetNoise,2,596,306,0.5134228187919463,0.5038624386288906
08,eeg_alpha_ts,NoVisuals,MovingTargetNoise,5,236,114,0.4830508474576271,0.50466819879345
08,eeg_alpha_ts,NoVisuals,MovingTargetNoise,10,116,55,0.47413793103448276,0.5104042806183116
08,eeg_alpha_ts,NoVisuals,MovingTargetNoise,30,36,19,0.5277777777777778,0.5339506172839507
08,eeg_alpha_ts,NoVisuals,MovingTargetNoise,60,16,8,0.5,0.453125
08,eeg_alpha_ts,NoVisuals,MovingVideo,1,1192,573,0.48070469798657717,0.4606211431917481
08,eeg_alpha_ts,NoVisuals,MovingVideo,2,596,275,0.46140939597315433,0.4461398135219135
08,eeg_alpha_ts,NoVisuals,MovingVideo,5,236,101,0.4279661016949153,0.4382361390405055
08,eeg_alpha_ts,NoVisuals,MovingVideo,10,116,46,0.39655172413793105,0.4161712247324614
08,eeg_alpha_ts,NoVisuals,MovingVideo,30,36,15,0.4166666666666667,0.35185185185185186
08,eeg_alpha_ts,NoVisuals,MovingVideo,60,16,4,0.25,0.234375
08,eeg_alpha_ts,NoVisuals,NoVisuals,1,1192,514,0.4312080536912752,0.3992162515202018
08,eeg_alpha_ts,NoVisuals,NoVisuals,2,596,246,0.412751677852349,0.3544434935363272
08,eeg_alpha_ts,NoVisuals,NoVisuals,5,236,88,0.3728813559322034,0.3277793737431773
08,eeg_alpha_ts,NoVisuals,NoVisuals,10,116,39,0.33620689655172414,0.28894173602853745
08,eeg_alpha_ts,NoVisuals,NoVisuals,30,36,11,0.3055555555555556,0.15432098765432098
08,eeg_alpha_ts,NoVisuals,NoVisuals,60,16,5,0.3125,0.09375
08,eeg_csp,FixedVideo,FixedVideo,1,1192,641,0.537751677852349,0.5599353632719247
08,eeg_csp,FixedVideo,FixedVideo,2,596,310,0.5201342281879194,0.5771361650376109
08,eeg_csp,FixedVideo,FixedVideo,5,236,125,0.5296610169491526,0.5723929905199656
08,eeg_csp,FixedVideo,FixedVideo,10,116,59,0.5086206896551724,0.584423305588585
08,eeg_csp,FixedVideo,FixedVideo,30,36,19,0.5277777777777778,0.5864197530864198
08,eeg_csp,FixedVideo,FixedVideo,60,16,7,0.4375,0.71875
08,eeg_csp,FixedVideo,MovingTargetNoise,1,1192,550,0.46140939597315433,0.4433612224674564
08,eeg_csp,FixedVideo,MovingTargetNoise,2,596,292,0.4899328859060403,0.4521868384307013
08,eeg_csp,FixedVideo,MovingTargetNoise,5,236,125,0.5296610169491526,0.47464808962941685
08,eeg_csp,FixedVideo,MovingTargetNoise,10,116,64,0.5517241379310345,0.47800237812128415
08,eeg_csp,FixedVideo,MovingTargetNoise,30,36,21,0.5833333333333334,0.45679012345679015
08,eeg_csp,FixedVideo,MovingTargetNoise,60,16,11,0.6875,0.46875
08,eeg_csp,FixedVideo,MovingVideo,1,1192,642,0.5385906040268457,0.5518726633935408
08,eeg_csp,FixedVideo,MovingVideo,2,596,320,0.5369127516778524,0.5331741813431827
08,eeg_csp,FixedVideo,MovingVideo,5,236,128,0.5423728813559322,0.5244900890548694
08,eeg_csp,FixedVideo,MovingVideo,10,116,60,0.5172413793103449,0.5214030915576695
08,eeg_csp,FixedVideo,MovingVideo,30,36,22,0.6111111111111112,0.5123456790123457
08,eeg_csp,FixedVideo,MovingVideo,60,16,10,0.625,0.609375
08,eeg_csp,FixedVideo,NoVisuals,1,1192,620,0.5201342281879194,0.5337569253637224
08,eeg_csp,FixedVideo,NoVisuals,2,596,311,0.5218120805369127,0.5486351966127653
08,eeg_csp,FixedVideo,NoVisuals,5,236,116,0.4915254237288136,0.5547974719908073
08,eeg_csp,FixedVideo,NoVisuals,10,116,54,0.46551724137931033,0.5511296076099881
08,eeg_csp,FixedVideo,NoVisuals,30,36,18,0.5,0.5
08,eeg_csp,FixedVideo,NoVisuals,60,16,7,0.4375,0.5
08,eeg_csp,MovingTargetNoise,FixedVideo,1,1192,639,0.5360738255033557,0.5456510967974415
08,eeg_csp,MovingTargetNoise,FixedVideo,2,596,313,0.5251677852348994,0.5519796405567317
08,eeg_csp,MovingTargetNoise,FixedVideo,5,236,122,0.5169491525423728,0.525280091927607
08,eeg_csp,MovingTargetNoise,FixedVideo,10,116,61,0.5258620689655172,0.5264565992865636
08,eeg_csp,MovingTargetNoise,FixedVideo,30,36,22,0.6111111111111112,0.6172839506172839
08,eeg_csp,MovingTargetNoise,FixedVideo,60,16,7,0.4375,0.6875
08,eeg_csp,MovingTargetNoise,MovingTargetNoise,1,1192,524,0.4395973154362416,0.37466217737939733
08,eeg_csp,MovingTargetNoise,MovingTargetNoise,2,596,253,0.42449664429530204,0.3814017386604207
08,eeg_csp,MovingTargetNoise,MovingTargetNoise,5,236,98,0.4152542372881356,0.36124676817006607
08,eeg_csp,MovingTargetNoise,MovingTargetNoise,10,116,48,0.41379310344827586,0.33055885850178357
08,eeg_csp,MovingTargetNoise,MovingTargetNoise,30,36,13,0.3611111111111111,0.2716049382716049
08,eeg_csp,MovingTargetNoise,MovingTargetNoise,60,16,5,0.3125,0.25
08,eeg_csp,MovingTargetNoise,MovingVideo,1,1192,701,0.5880872483221476,0.6198200531507589
08,eeg_csp,MovingTargetNoise,MovingVideo,2,596,359,0.6023489932885906,0.6380343227782532
08,eeg_csp,MovingTargetNoise,MovingVideo,5,236,149,0.6313559322033898,0.6361677678827923
08,eeg_csp,MovingTargetNoise,MovingVideo,10,116,71,0.6120689655172413,0.6575505350772889
08,eeg_csp,MovingTargetNoise,MovingVideo,30,36,24,0.6666666666666666,0.7037037037037037
08,eeg_csp,MovingTargetNoise,MovingVideo,60,16,9,0.5625,0.71875
08,eeg_csp,MovingTargetNoise,NoVisuals,1,1192,595,0.49916107382550334,0.48523715147966306
08,eeg_csp,MovingTargetNoise,NoVisuals,2,596,290,0.4865771812080537,0.4859916219990091
08,eeg_csp,MovingTargetNoise,NoVisuals,5,236,106,0.4491525423728814,0.48075265728239003
08,eeg_csp,MovingTargetNoise,NoVisuals,10,116,56,0.4827586206896552,0.46878715814506544
08,eeg_csp,MovingTargetNoise,NoVisuals,30,36,18,0.5,0.4537037037037037
08,eeg_csp,MovingTargetNoise,NoVisuals,60,16,8,0.5,0.421875
08,eeg_csp,MovingVideo,FixedVideo,1,1192,712,0.5973154362416108,0.6248873924597992
08,eeg_csp,MovingVideo,FixedVideo,2,596,351,0.5889261744966443,0.6357709112202152
08,eeg_csp,MovingVideo,FixedVideo,5,236,153,0.6483050847457628,0.6797615627693191
08,eeg_csp,MovingVideo,FixedVideo,10,116,73,0.6293103448275862,0.6804399524375744
08,eeg_csp,MovingVideo,FixedVideo,30,36,27,0.75,0.7746913580246915
08,eeg_csp,MovingVideo,FixedVideo,60,16,11,0.6875,0.796875
08,eeg_csp,MovingVideo,MovingTargetNoise,1,1192,678,0.5687919463087249,0.6247522634115581
08,eeg_csp,MovingVideo,MovingTargetNoise,2,596,344,0.5771812080536913,0.6365929462636818
08,eeg_csp,MovingVideo,MovingTargetNoise,5,236,143,0.6059322033898306,0.6665469692617064
08,eeg_csp,MovingVideo,MovingTargetNoise,10,116,70,0.603448275862069,0.6932223543400713
08,eeg_csp,MovingVideo,MovingTargetNoise,30,36,22,0.6111111111111112,0.7592592592592592
08,eeg_csp,MovingVideo,MovingTargetNoise,60,16,11,0.6875,0.8125
08,eeg_csp,MovingVideo,MovingVideo,1,1192,538,0.4513422818791946,0.4094579073014729
08,eeg_csp,MovingVideo,MovingVideo,2,596,269,0.4513422818791946,0.4182694473221926
08,eeg_csp,MovingVideo,MovingVideo,5,236,105,0.4449152542372881,0.4016087331226659
08,eeg_csp,MovingVideo,MovingVideo,10,116,50,0.43103448275862066,0.36504161712247324
08,eeg_csp,MovingVideo,MovingVideo,30,36,15,0.4166666666666667,0.2654320987654321
08,eeg_csp,MovingVideo,MovingVideo,60,16,7,0.4375,0.1875
08,eeg_csp,MovingVideo,NoVisuals,1,1192,626,0.5251677852348994,0.5509323904328634
08,eeg_csp,MovingVideo,NoVisuals,2,596,305,0.511744966442953,0.5405499752263412
08,eeg_csp,MovingVideo,NoVisuals,5,236,122,0.5169491525423728,0.5433783395575985
08,eeg_csp,MovingVideo,NoVisuals,10,116,64,0.5517241379310345,0.5775862068965517
08,eeg_csp,MovingVideo,NoVisuals,30,36,21,0.5833333333333334,0.6265432098765432
08,eeg_csp,MovingVideo,NoVisuals,60,16,9,0.5625,0.65625
08,eeg_csp,NoVisuals,FixedVideo,1,1192,691,0.5796979865771812,0.599623890815729
08,eeg_csp,NoVisuals,FixedVideo,2,596,387,0.6493288590604027,0.6617044277284807
08,eeg_csp,NoVisuals,FixedVideo,5,236,157,0.6652542372881356,0.6935507038207412
08,eeg_csp,NoVisuals,FixedVideo,10,116,76,0.6551724137931034,0.7077883472057074
08,eeg_csp,NoVisuals,FixedVideo,30,36,24,0.6666666666666666,0.7222222222222223
08,eeg_csp,NoVisuals,FixedVideo,60,16,11,0.6875,0.8125
08,eeg_csp,NoVisuals,MovingTargetNoise,1,1192,526,0.4412751677852349,0.40762240439619835
08,eeg_csp,NoVisuals,MovingTargetNoise,2,596,274,0.4597315436241611,0.43746903292644473
08,eeg_csp,NoVisuals,MovingTargetNoise,5,236,123,0.5211864406779662,0.4892272335535766
08,eeg_csp,NoVisuals,MovingTargetNoise,10,116,60,0.5172413793103449,0.510998810939358
08,eeg_csp,NoVisuals,MovingTargetNoise,30,36,19,0.5277777777777778,0.5339506172839507
08,eeg_csp,NoVisuals,MovingTargetNoise,60,16,8,0.5,0.59375
08,eeg_csp,NoVisuals,MovingVideo,1,1192,611,0.5125838926174496,0.4978266744741228
08,eeg_csp,NoVisuals,MovingVideo,2,596,316,0.5302013422818792,0.5202580964821405
08,eeg_csp,NoVisuals,MovingVideo,5,236,121,0.5127118644067796,0.5052427463372594
08,eeg_csp,NoVisuals,MovingVideo,10,116,59,0.5086206896551724,0.5249702734839478
08,eeg_csp,NoVisuals,MovingVideo,30,36,20,0.5555555555555556,0.5617283950617283
08,eeg_csp,NoVisuals,MovingVideo,60,16,8,0.5,0.453125
08,eeg_csp,NoVisuals,NoVisuals,1,1192,344,0.28859060402684567,0.21389802261159405
08,eeg_csp,NoVisuals,NoVisuals,2,596,165,0.27684563758389263,0.1935948831133733
08,eeg_csp,NoVisuals,NoVisuals,5,236,58,0.2457627118644068,0.12410226946279804
08,eeg_csp,NoVisuals,NoVisuals,10,116,19,0.16379310344827586,0.07015457788347206
08,eeg_csp,NoVisuals,NoVisuals,30,36,4,0.1111111111111111,0.02469135802469136
08,eeg_csp,NoVisuals,NoVisuals,60,16,1,0.0625,0.0
08,eeg_eogreg_ts,FixedVideo,FixedVideo,1,1192,583,0.4890939597315436,0.49108711319309944
08,eeg_eogreg_ts,FixedVideo,FixedVideo,2,596,302,0.5067114093959731,0.5319354984009729
08,eeg_eogreg_ts,FixedVideo,FixedVideo,5,236,146,0.6186440677966102,0.6345877621373168
08,eeg_eogreg_ts,FixedVideo,FixedVideo,10,116,76,0.6551724137931034,0.6414982164090368
08,eeg_eogreg_ts,FixedVideo,FixedVideo,30,36,23,0.6388888888888888,0.6419753086419753
08,eeg_eogreg_ts,FixedVideo,FixedVideo,60,16,11,0.6875,0.625
08,eeg_eogreg_ts,FixedVideo,MovingTargetNoise,1,1192,600,0.5033557046979866,0.506818386559164
08,eeg_eogreg_ts,FixedVideo,MovingTargetNoise,2,596,299,0.5016778523489933,0.5110130174316473
08,eeg_eogreg_ts,FixedVideo,MovingTargetNoise,5,236,119,0.5042372881355932,0.5076845733984487
08,eeg_eogreg_ts,FixedVideo,MovingTargetNoise,10,116,55,0.47413793103448276,0.5002972651605232
08,eeg_eogreg_ts,FixedVideo,MovingTargetNoise,30,36,18,0.5,0.45679012345679004
08,eeg_eogreg_ts,FixedVideo,MovingTargetNoise,60,16,8,0.5,0.515625
08,eeg_eogreg_ts,FixedVideo,MovingVideo,1,1192,685,0.5746644295302014,0.5971240034232693
08,eeg_eogreg_ts,FixedVideo,MovingVideo,2,596,333,0.5587248322147651,0.588892392234584
08,eeg_eogreg_ts,FixedVideo,MovingVideo,5,236,138,0.5847457627118644,0.6109594943981616
08,eeg_eogreg_ts,FixedVideo,MovingVideo,10,116,67,0.5775862068965517,0.622770511296076
08,eeg_eogreg_ts,FixedVideo,MovingVideo,30,36,24,0.6666666666666666,0.7037037037037037
08,eeg_eogreg_ts,FixedVideo,MovingVideo,60,16,13,0.8125,0.828125
08,eeg_eogreg_ts,FixedVideo,NoVisuals,1,1192,722,0.6057046979865772,0.6400359218053241
08,eeg_eogreg_ts,FixedVideo,NoVisuals,2,596,362,0.6073825503355704,0.6340705373631819
08,eeg_eogreg_ts,FixedVideo,NoVisuals,5,236,151,0.6398305084745762,0.6732979029014651
08,eeg_eogreg_ts,FixedVideo,NoVisuals,10,116,76,0.6551724137931034,0.7018430439952437
08,eeg_eogreg_ts,FixedVideo,NoVisuals,30,36,24,0.6666666666666666,0.7067901234567902
08,eeg_eogreg_ts,FixedVideo,NoVisuals,60,16,9,0.5625,0.609375
08,eeg_eogreg_ts,MovingTargetNoise,FixedVideo,1,1192,590,0.4949664429530201,0.5071027205981713
08,eeg_eogreg_ts,MovingTargetNoise,FixedVideo,2,596,300,0.5033557046979866,0.5192221071122922
08,eeg_eogreg_ts,MovingTargetNoise,FixedVideo,5,236,124,0.5254237288135594,0.5260700948003447
08,eeg_eogreg_ts,MovingTargetNoise,FixedVideo,10,116,65,0.5603448275862069,0.5413198573127229
08,eeg_eogreg_ts,MovingTargetNoise,FixedVideo,30,36,21,0.5833333333333334,0.6018518518518519
08,eeg_eogreg_ts,MovingTargetNoise,FixedVideo,60,16,8,0.5,0.6875
08,eeg_eogreg_ts,MovingTargetNoise,MovingTargetNoise,1,1192,439,0.36828859060402686,0.13772465204270076
08,eeg_eogreg_ts,MovingTargetNoise,MovingTargetNoise,2,596,240,0.40268456375838924,0.14071438223503444
08,eeg_eogreg_ts,MovingTargetNoise,MovingTargetNoise,5,236,96,0.4067796610169492,0.16546969261706407
08,eeg_eogreg_ts,MovingTargetNoise,MovingTargetNoise,10,116,51,0.4396551724137931,0.12187871581450654
08,eeg_eogreg_ts,MovingTargetNoise,MovingTargetNoise,30,36,16,0.4444444444444444,0.03703703703703705
08,eeg_eogreg_ts,MovingTargetNoise,MovingTargetNoise,60,16,7,0.4375,0.0
08,eeg_eogreg_ts,MovingTargetNoise,MovingVideo,1,1192,669,0.5612416107382551,0.5873271474257916
08,eeg_eogreg_ts,MovingTargetNoise,MovingVideo,2,596,332,0.5570469798657718,0.5764943020584659
08,eeg_eogreg_ts,MovingTargetNoise,MovingVideo,5,236,134,0.5677966101694916,0.59099396725079
08,eeg_eogreg_ts,MovingTargetNoise,MovingVideo,10,116,66,0.5689655172413793,0.6105826397146255
08,eeg_eogreg_ts,MovingTargetNoise,MovingVideo,30,36,22,0.6111111111111112,0.654320987654321
08,eeg_eogreg_ts,MovingTargetNoise,MovingVideo,60,16,10,0.625,0.78125
08,eeg_eogreg_ts,MovingTargetNoise,NoVisuals,1,1192,651,0.5461409395973155,0.5690087158236115
08,eeg_eogreg_ts,MovingTargetNoise,NoVisuals,2,596,336,0.5637583892617449,0.5876086662762939
08,eeg_eogreg_ts,MovingTargetNoise,NoVisuals,5,236,133,0.5635593220338984,0.6185004309106579
08,eeg_eogreg_ts,MovingTargetNoise,NoVisuals,10,116,66,0.5689655172413793,0.6337693222354339
08,eeg_eogreg_ts,MovingTargetNoise,NoVisuals,30,36,19,0.5277777777777778,0.6728395061728395
08,eeg_eogreg_ts,MovingTargetNoise,NoVisuals,60,16,10,0.625,0.71875
08,eeg_eogreg_ts,MovingVideo,FixedVideo,1,1192,669,0.5612416107382551,0.5934164001621548
08,eeg_eogreg_ts,MovingVideo,FixedVideo,2,596,335,0.5620805369127517,0.5868654565109679
08,eeg_eogreg_ts,MovingVideo,FixedVideo,5,236,133,0.5635593220338984,0.5945130709566218
08,eeg_eogreg_ts,MovingVideo,FixedVideo,10,116,69,0.5948275862068966,0.6183115338882282
08,eeg_eogreg_ts,MovingVideo,FixedVideo,30,36,21,0.5833333333333334,0.6882716049382716
08,eeg_eogreg_ts,MovingVideo,FixedVideo,60,16,10,0.625,0.75
08,eeg_eogreg_ts,MovingVideo,MovingTargetNoise,1,1192,614,0.5151006711409396,0.5364961037791091
08,eeg_eogreg_ts,MovingVideo,MovingTargetNoise,2,596,301,0.5050335570469798,0.5186815909193279
08,eeg_eogreg_ts,MovingVideo,MovingTargetNoise,5,236,116,0.4915254237288136,0.49382361390405055
08,eeg_eogreg_ts,MovingVideo,MovingTargetNoise,10,116,59,0.5086206896551724,0.5008917954815696
08,eeg_eogreg_ts,MovingVideo,MovingTargetNoise,30,36,18,0.5,0.4814814814814815
08,eeg_eogreg_ts,MovingVideo,MovingTargetNoise,60,16,7,0.4375,0.5625
08,eeg_eogreg_ts,MovingVideo,MovingVideo,1,1192,515,0.4320469798657718,0.320329039232467
08,eeg_eogreg_ts,MovingVideo,MovingVideo,2,596,241,0.40436241610738255,0.3369442817891086
08,eeg_eogreg_ts,MovingVideo,MovingVideo,5,236,91,0.3855932203389831,0.34875035909221486
08,eeg_eogreg_ts,MovingVideo,MovingVideo,10,116,43,0.3706896551724138,0.3127229488703924
08,eeg_eogreg_ts,MovingVideo,MovingVideo,30,36,12,0.3333333333333333,0.2160493827160494
08,eeg_eogreg_ts,MovingVideo,MovingVideo,60,16,6,0.375,0.125
08,eeg_eogreg_ts,MovingVideo,NoVisuals,1,1192,656,0.5503355704697986,0.5748136345209676
08,eeg_eogreg_ts,MovingVideo,NoVisuals,2,596,333,0.5587248322147651,0.5929124814197558
08,eeg_eogreg_ts,MovingVideo,NoVisuals,5,236,137,0.5805084745762712,0.6119649525998276
08,eeg_eogreg_ts,MovingVideo,NoVisuals,10,116,72,0.6206896551724138,0.6412009512485136
08,eeg_eogreg_ts,MovingVideo,NoVisuals,30,36,22,0.6111111111111112,0.6790123456790123
08,eeg_eogreg_ts,MovingVideo,NoVisuals,60,16,10,0.625,0.734375
08,eeg_eogreg_ts,NoVisuals,FixedVideo,1,1192,686,0.575503355704698,0.6085452231881447
08,eeg_eogreg_ts,NoVisuals,FixedVideo,2,596,352,0.5906040268456376,0.6292847169046439
08,eeg_eogreg_ts,NoVisuals,FixedVideo,5,236,141,0.597457627118644,0.676888825050273
08,eeg_eogreg_ts,NoVisuals,FixedVideo,10,116,76,0.6551724137931034,0.713436385255648
08,eeg_eogreg_ts,NoVisuals,FixedVideo,30,36,24,0.6666666666666666,0.7777777777777778
08,eeg_eogreg_ts,NoVisuals,FixedVideo,60,16,12,0.75,0.90625
08,eeg_eogreg_ts,NoVisuals,MovingTargetNoise,1,1192,585,0.49077181208053694,0.5099601369307688
08,eeg_eogreg_ts,NoVisuals,MovingTargetNoise,2,596,297,0.4983221476510067,0.5315075897482094
08,eeg_eogreg_ts,NoVisuals,MovingTargetNoise,5,236,127,0.538135593220339,0.5803648376903189
08,eeg_eogreg_ts,NoVisuals,MovingTargetNoise,10,116,63,0.5431034482758621,0.5963139120095124
08,eeg_eogreg_ts,NoVisuals,MovingTargetNoise,30,36,21,0.5833333333333334,0.6358024691358024
08,eeg_eogreg_ts,NoVisuals,MovingTargetNoise,60,16,9,0.5625,0.703125
08,eeg_eogreg_ts,NoVisuals,MovingVideo,1,1192,641,0.537751677852349,0.5543246925814151
08,eeg_eogreg_ts,NoVisuals,MovingVideo,2,596,335,0.5620805369127517,0.5763366515021846
08,eeg_eogreg_ts,NoVisuals,MovingVideo,5,236,140,0.5932203389830508,0.6142631427750646
08,eeg_eogreg_ts,NoVisuals,MovingVideo,10,116,71,0.6120689655172413,0.6287158145065399
08,eeg_eogreg_ts,NoVisuals,MovingVideo,30,36,23,0.6388888888888888,0.7191358024691358
08,eeg_eogreg_ts,NoVisuals,MovingVideo,60,16,10,0.625,0.71875
08,eeg_eogreg_ts,NoVisuals,NoVisuals,1,1192,600,0.5033557046979866,0.5441027431196793
08,eeg_eogreg_ts,NoVisuals,NoVisuals,2,596,291,0.48825503355704697,0.4752263411558038
08,eeg_eogreg_ts,NoVisuals,NoVisuals,5,236,118,0.5,0.45173800632002303
08,eeg_eogreg_ts,NoVisuals,NoVisuals,10,116,57,0.49137931034482757,0.4429250891795482
08,eeg_eogreg_ts,NoVisuals,NoVisuals,30,36,20,0.5555555555555556,0.3580246913580247
08,eeg_eogreg_ts,NoVisuals,NoVisuals,60,16,8,0.5,0.25
08,eeg_post_ts,FixedVideo,FixedVideo,1,1192,630,0.5285234899328859,0.5397617224449349
08,eeg_post_ts,FixedVideo,FixedVideo,2,596,307,0.5151006711409396,0.5533534525471826
08,eeg_post_ts,FixedVideo,FixedVideo,5,236,119,0.5042372881355932,0.5172364263142775
08,eeg_post_ts,FixedVideo,FixedVideo,10,116,59,0.5086206896551724,0.5457788347205708
08,eeg_post_ts,FixedVideo,FixedVideo,30,36,17,0.4722222222222222,0.5987654320987654
08,eeg_post_ts,FixedVideo,FixedVideo,60,16,9,0.5625,0.59375
08,eeg_post_ts,FixedVideo,MovingTargetNoise,1,1192,638,0.535234899328859,0.5656445655601099
08,eeg_post_ts,FixedVideo,MovingTargetNoise,2,596,319,0.535234899328859,0.5586910499527049
08,eeg_post_ts,FixedVideo,MovingTargetNoise,5,236,118,0.5,0.5451019821890262
08,eeg_post_ts,FixedVideo,MovingTargetNoise,10,116,61,0.5258620689655172,0.5591557669441141
08,eeg_post_ts,FixedVideo,MovingTargetNoise,30,36,21,0.5833333333333334,0.5648148148148148
08,eeg_post_ts,FixedVideo,MovingTargetNoise,60,16,8,0.5,0.5625
08,eeg_post_ts,FixedVideo,MovingVideo,1,1192,645,0.5411073825503355,0.5865417098328904
08,eeg_post_ts,FixedVideo,MovingVideo,2,596,335,0.5620805369127517,0.5909981532363406
08,eeg_post_ts,FixedVideo,MovingVideo,5,236,128,0.5423728813559322,0.587762137316863
08,eeg_post_ts,FixedVideo,MovingVideo,10,116,65,0.5603448275862069,0.6269322235434006
08,eeg_post_ts,FixedVideo,MovingVideo,30,36,22,0.6111111111111112,0.7067901234567902
08,eeg_post_ts,FixedVideo,MovingVideo,60,16,9,0.5625,0.796875
08,eeg_post_ts,FixedVideo,NoVisuals,1,1192,666,0.5587248322147651,0.5878169902256656
08,eeg_post_ts,FixedVideo,NoVisuals,2,596,335,0.5620805369127517,0.5923719652267916
08,eeg_post_ts,FixedVideo,NoVisuals,5,236,142,0.6016949152542372,0.6539069232979029
08,eeg_post_ts,FixedVideo,NoVisuals,10,116,74,0.6379310344827587,0.7060047562425685
08,eeg_post_ts,FixedVideo,NoVisuals,30,36,23,0.6388888888888888,0.7376543209876543
08,eeg_post_ts,FixedVideo,NoVisuals,60,16,10,0.625,0.765625
08,eeg_post_ts,MovingTargetNoise,FixedVideo,1,1192,659,0.5528523489932886,0.5801174496644296
08,eeg_post_ts,MovingTargetNoise,FixedVideo,2,596,331,0.5553691275167785,0.5785775415521823
08,eeg_post_ts,MovingTargetNoise,FixedVideo,5,236,131,0.5550847457627118,0.5817293881068659
08,eeg_post_ts,MovingTargetNoise,FixedVideo,10,116,68,0.5862068965517241,0.6171224732461356
08,eeg_post_ts,MovingTargetNoise,FixedVideo,30,36,24,0.6666666666666666,0.6728395061728395
08,eeg_post_ts,MovingTargetNoise,FixedVideo,60,16,11,0.6875,0.734375
08,eeg_post_ts,MovingTargetNoise,MovingTargetNoise,1,1192,610,0.511744966442953,0.49438651412098555
08,eeg_post_ts,MovingTargetNoise,MovingTargetNoise,2,596,295,0.4949664429530201,0.5024773658844196
08,eeg_post_ts,MovingTargetNoise,MovingTargetNoise,5,236,117,0.4957627118644068,0.49971272622809537
08,eeg_post_ts,MovingTargetNoise,MovingTargetNoise,10,116,59,0.5086206896551724,0.49821640903686093
08,eeg_post_ts,MovingTargetNoise,MovingTargetNoise,30,36,18,0.5,0.41358024691358025
08,eeg_post_ts,MovingTargetNoise,MovingTargetNoise,60,16,8,0.5,0.4375
08,eeg_post_ts,MovingTargetNoise,MovingVideo,1,1192,678,0.5687919463087249,0.6070813251655331
08,eeg_post_ts,MovingTargetNoise,MovingVideo,2,596,334,0.5604026845637584,0.6087338408179812
08,eeg_post_ts,MovingTargetNoise,MovingVideo,5,236,136,0.576271186440678,0.5970267164607872
08,eeg_post_ts,MovingTargetNoise,MovingVideo,10,116,68,0.5862068965517241,0.6150416171224733
08,eeg_post_ts,MovingTargetNoise,MovingVideo,30,36,23,0.6388888888888888,0.6790123456790124
08,eeg_post_ts,MovingTargetNoise,MovingVideo,60,16,10,0.625,0.828125
08,eeg_post_ts,MovingTargetNoise,NoVisuals,1,1192,635,0.5327181208053692,0.5650590063510652
08,eeg_post_ts,MovingTargetNoise,NoVisuals,2,596,316,0.5302013422818792,0.5621481014368722
08,eeg_post_ts,MovingTargetNoise,NoVisuals,5,236,128,0.5423728813559322,0.5874030451019822
08,eeg_post_ts,MovingTargetNoise,NoVisuals,10,116,59,0.5086206896551724,0.6073127229488704
08,eeg_post_ts,MovingTargetNoise,NoVisuals,30,36,20,0.5555555555555556,0.6481481481481481
08,eeg_post_ts,MovingTargetNoise,NoVisuals,60,16,12,0.75,0.765625
08,eeg_post_ts,MovingVideo,FixedVideo,1,1192,632,0.5302013422818792,0.5489645736678528
08,eeg_post_ts,MovingVideo,FixedVideo,2,596,332,0.5570469798657718,0.5478019008152786
08,eeg_post_ts,MovingVideo,FixedVideo,5,236,128,0.5423728813559322,0.5333237575409365
08,eeg_post_ts,MovingVideo,FixedVideo,10,116,63,0.5431034482758621,0.5511296076099881
08,eeg_post_ts,MovingVideo,FixedVideo,30,36,21,0.5833333333333334,0.6080246913580247
08,eeg_post_ts,MovingVideo,FixedVideo,60,16,12,0.75,0.84375
08,eeg_post_ts,MovingVideo,MovingTargetNoise,1,1192,648,0.5436241610738255,0.5709343047610468
08,eeg_post_ts,MovingVideo,MovingTargetNoise,2,596,319,0.535234899328859,0.5707287960001801
08,eeg_post_ts,MovingVideo,MovingTargetNoise,5,236,132,0.559322033898305,0.5642056880206836
08,eeg_post_ts,MovingVideo,MovingTargetNoise,10,116,60,0.5172413793103449,0.5921521997621879
08,eeg_post_ts,MovingVideo,MovingTargetNoise,30,36,22,0.6111111111111112,0.6388888888888888
08,eeg_post_ts,MovingVideo,MovingTargetNoise,60,16,10,0.625,0.65625
08,eeg_post_ts,MovingVideo,MovingVideo,1,1192,635,0.5327181208053692,0.5457805954686725
08,eeg_post_ts,MovingVideo,MovingVideo,2,596,318,0.5335570469798657,0.5443898923471915
08,eeg_post_ts,MovingVideo,MovingVideo,5,236,121,0.5127118644067796,0.5361964952599827
08,eeg_post_ts,MovingVideo,MovingVideo,10,116,61,0.5258620689655172,0.5481569560047563
08,eeg_post_ts,MovingVideo,MovingVideo,30,36,21,0.5833333333333334,0.5617283950617284
08,eeg_post_ts,MovingVideo,MovingVideo,60,16,8,0.5,0.625
08,eeg_post_ts,MovingVideo,NoVisuals,1,1192,633,0.5310402684563759,0.5394154542588172
08,eeg_post_ts,MovingVideo,NoVisuals,2,596,318,0.5335570469798657,0.5534885815954236
08,eeg_post_ts,MovingVideo,NoVisuals,5,236,136,0.576271186440678,0.605716748060902
08,eeg_post_ts,MovingVideo,NoVisuals,10,116,69,0.5948275862068966,0.6340665873959572
08,eeg_post_ts,MovingVideo,NoVisuals,30,36,27,0.75,0.7592592592592593
08,eeg_post_ts,MovingVideo,NoVisuals,60,16,13,0.8125,0.75
08,eeg_post_ts,NoVisuals,FixedVideo,1,1192,644,0.540268456375839,0.5583419665780821
08,eeg_post_ts,NoVisuals,FixedVideo,2,596,320,0.5369127516778524,0.5644678167650106
08,eeg_post_ts,NoVisuals,FixedVideo,5,236,131,0.5550847457627118,0.5988221775351911
08,eeg_post_ts,NoVisuals,FixedVideo,10,116,65,0.5603448275862069,0.6224732461355529
08,eeg_post_ts,NoVisuals,FixedVideo,30,36,19,0.5277777777777778,0.6635802469135803
08,eeg_post_ts,NoVisuals,FixedVideo,60,16,8,0.5,0.71875
08,eeg_post_ts,NoVisuals,MovingTargetNoise,1,1192,625,0.5243288590604027,0.534716904643935
08,eeg_post_ts,NoVisuals,MovingTargetNoise,2,596,304,0.5100671140939598,0.5349533804783568
08,eeg_post_ts,NoVisuals,MovingTargetNoise,5,236,123,0.5211864406779662,0.5564492961792589
08,eeg_post_ts,NoVisuals,MovingTargetNoise,10,116,64,0.5517241379310345,0.5674791914387635
08,eeg_post_ts,NoVisuals,MovingTargetNoise,30,36,23,0.6388888888888888,0.6049382716049383
08,eeg_post_ts,NoVisuals,MovingTargetNoise,60,16,12,0.75,0.671875
08,eeg_post_ts,NoVisuals,MovingVideo,1,1192,603,0.5058724832214765,0.5202778028016757
08,eeg_post_ts,NoVisuals,MovingVideo,2,596,310,0.5201342281879194,0.5235912796720869
08,eeg_post_ts,NoVisuals,MovingVideo,5,236,129,0.5466101694915254,0.5627693191611606
08,eeg_post_ts,NoVisuals,MovingVideo,10,116,70,0.603448275862069,0.5799643281807372
08,eeg_post_ts,NoVisuals,MovingVideo,30,36,20,0.5555555555555556,0.6481481481481481
08,eeg_post_ts,NoVisuals,MovingVideo,60,16,10,0.625,0.609375
08,eeg_post_ts,NoVisuals,NoVisuals,1,1192,614,0.5151006711409396,0.52526913202108
08,eeg_post_ts,NoVisuals,NoVisuals,2,596,294,0.49328859060402686,0.5116436196567722
08,eeg_post_ts,NoVisuals,NoVisuals,5,236,117,0.4957627118644068,0.5076127549554725
08,eeg_post_ts,NoVisuals,NoVisuals,10,116,61,0.5258620689655172,0.514268727705113
08,eeg_post_ts,NoVisuals,NoVisuals,30,36,19,0.5277777777777778,0.5
08,eeg_post_ts,NoVisuals,NoVisuals,60,16,8,0.5,0.625
08,eeg_ts,FixedVideo,FixedVideo,1,1192,642,0.5385906040268457,0.5717084815999278
08,eeg_ts,FixedVideo,FixedVideo,2,596,328,0.5503355704697986,0.6012341786406017
08,eeg_ts,FixedVideo,FixedVideo,5,236,134,0.5677966101694916,0.6416259695489801
08,eeg_ts,FixedVideo,FixedVideo,10,116,66,0.5689655172413793,0.6539833531510107
08,eeg_ts,FixedVideo,FixedVideo,30,36,19,0.5277777777777778,0.6666666666666665
08,eeg_ts,FixedVideo,FixedVideo,60,16,9,0.5625,0.6875
08,eeg_ts,FixedVideo,MovingTargetNoise,1,1192,563,0.47231543624161076,0.4711583937660466
08,eeg_ts,FixedVideo,MovingTargetNoise,2,596,273,0.45805369127516776,0.44339218954101167
08,eeg_ts,FixedVideo,MovingTargetNoise,5,236,106,0.4491525423728814,0.43557885665038787
08,eeg_ts,FixedVideo,MovingTargetNoise,10,116,45,0.3879310344827586,0.40814506539833534
08,eeg_ts,FixedVideo,MovingTargetNoise,30,36,13,0.3611111111111111,0.39197530864197533
08,eeg_ts,FixedVideo,MovingTargetNoise,60,16,5,0.3125,0.375
08,eeg_ts,FixedVideo,MovingVideo,1,1192,684,0.5738255033557047,0.601907008693302
08,eeg_ts,FixedVideo,MovingVideo,2,596,341,0.5721476510067114,0.586989324805189
08,eeg_ts,FixedVideo,MovingVideo,5,236,135,0.5720338983050848,0.5777075553002011
08,eeg_ts,FixedVideo,MovingVideo,10,116,68,0.5862068965517241,0.6037455410225921
08,eeg_ts,FixedVideo,MovingVideo,30,36,21,0.5833333333333334,0.691358024691358
08,eeg_ts,FixedVideo,MovingVideo,60,16,12,0.75,0.828125
08,eeg_ts,FixedVideo,NoVisuals,1,1192,701,0.5880872483221476,0.6362128958155038
08,eeg_ts,FixedVideo,NoVisuals,2,596,349,0.5855704697986577,0.6222805279041486
08,eeg_ts,FixedVideo,NoVisuals,5,236,151,0.6398305084745762,0.6526860097673083
08,eeg_ts,FixedVideo,NoVisuals,10,116,78,0.6724137931034483,0.6679548156956004
08,eeg_ts,FixedVideo,NoVisuals,30,36,26,0.7222222222222222,0.6666666666666666
08,eeg_ts,FixedVideo,NoVisuals,60,16,12,0.75,0.59375
08,eeg_ts,MovingTargetNoise,FixedVideo,1,1192,596,0.5,0.5017510472501239
08,eeg_ts,MovingTargetNoise,FixedVideo,2,596,310,0.5201342281879194,0.5028602315211026
08,eeg_ts,MovingTargetNoise,FixedVideo,5,236,123,0.5211864406779662,0.5068945705257111
08,eeg_ts,MovingTargetNoise,FixedVideo,10,116,59,0.5086206896551724,0.5175386444708681
08,eeg_ts,MovingTargetNoise,FixedVideo,30,36,19,0.5277777777777778,0.5617283950617284
08,eeg_ts,MovingTargetNoise,FixedVideo,60,16,7,0.4375,0.65625
08,eeg_ts,MovingTargetNoise,MovingTargetNoise,1,1192,498,0.41778523489932884,0.32604950227467233
08,eeg_ts,MovingTargetNoise,MovingTargetNoise,2,596,257,0.4312080536912752,0.34906085311472457
08,eeg_ts,MovingTargetNoise,MovingTargetNoise,5,236,98,0.4152542372881356,0.3473139902326917
08,eeg_ts,MovingTargetNoise,MovingTargetNoise,10,116,46,0.39655172413793105,0.30677764565992865
08,eeg_ts,MovingTargetNoise,MovingTargetNoise,30,36,15,0.4166666666666667,0.1975308641975309
08,eeg_ts,MovingTargetNoise,MovingTargetNoise,60,16,7,0.4375,0.09375
08,eeg_ts,MovingTargetNoise,MovingVideo,1,1192,648,0.5436241610738255,0.5657346515922705
08,eeg_ts,MovingTargetNoise,MovingVideo,2,596,313,0.5251677852348994,0.562238187469033
08,eeg_ts,MovingTargetNoise,MovingVideo,5,236,135,0.5720338983050848,0.5828066647515082
08,eeg_ts,MovingTargetNoise,MovingVideo,10,116,67,0.5775862068965517,0.5924494649227111
08,eeg_ts,MovingTargetNoise,MovingVideo,30,36,21,0.5833333333333334,0.611111111111111
08,eeg_ts,MovingTargetNoise,MovingVideo,60,16,9,0.5625,0.65625
08,eeg_ts,MovingTargetNoise,NoVisuals,1,1192,630,0.5285234899328859,0.5422672402144048
08,eeg_ts,MovingTargetNoise,NoVisuals,2,596,319,0.535234899328859,0.5585671816584838
08,eeg_ts,MovingTargetNoise,NoVisuals,5,236,128,0.5423728813559322,0.5812266590060328
08,eeg_ts,MovingTargetNoise,NoVisuals,10,116,65,0.5603448275862069,0.5930439952437574
08,eeg_ts,MovingTargetNoise,NoVisuals,30,36,20,0.5555555555555556,0.6141975308641975
08,eeg_ts,MovingTargetNoise,NoVisuals,60,16,9,0.5625,0.671875
08,eeg_ts,MovingVideo,FixedVideo,1,1192,654,0.5486577181208053,0.5713284311517499
08,eeg_ts,MovingVideo,FixedVideo,2,596,334,0.5604026845637584,0.5738255033557047
08,eeg_ts,MovingVideo,FixedVideo,5,236,123,0.5211864406779662,0.5596811261131859
08,eeg_ts,MovingVideo,FixedVideo,10,116,67,0.5775862068965517,0.5960166468489893
08,eeg_ts,MovingVideo,FixedVideo,30,36,21,0.5833333333333334,0.6481481481481481
08,eeg_ts,MovingVideo,FixedVideo,60,16,9,0.5625,0.65625
08,eeg_ts,MovingVideo,MovingTargetNoise,1,1192,620,0.5201342281879194,0.5232759785595243
08,eeg_ts,MovingVideo,MovingTargetNoise,2,596,303,0.5083892617449665,0.5265753794874104
08,eeg_ts,MovingVideo,MovingTargetNoise,5,236,110,0.4661016949152542,0.5229100833093938
08,eeg_ts,MovingVideo,MovingTargetNoise,10,116,56,0.4827586206896552,0.5261593341260404
08,eeg_ts,MovingVideo,MovingTargetNoise,30,36,19,0.5277777777777778,0.5339506172839507
08,eeg_ts,MovingVideo,MovingTargetNoise,60,16,8,0.5,0.5625
08,eeg_ts,MovingVideo,MovingVideo,1,1192,541,0.4538590604026846,0.4399801810729246
08,eeg_ts,MovingVideo,MovingVideo,2,596,271,0.4546979865771812,0.4133147155533534
08,eeg_ts,MovingVideo,MovingVideo,5,236,103,0.4364406779661017,0.3776213731686297
08,eeg_ts,MovingVideo,MovingVideo,10,116,43,0.3706896551724138,0.3370986920332937
08,eeg_ts,MovingVideo,MovingVideo,30,36,14,0.3888888888888889,0.24074074074074073
08,eeg_ts,MovingVideo,MovingVideo,60,16,7,0.4375,0.25
08,eeg_ts,MovingVideo,NoVisuals,1,1192,554,0.46476510067114096,0.4626677852348993
08,eeg_ts,MovingVideo,NoVisuals,2,596,298,0.5,0.48725282644925905
08,eeg_ts,MovingVideo,NoVisuals,5,236,127,0.538135593220339,0.5256391841424878
08,eeg_ts,MovingVideo,NoVisuals,10,116,63,0.5431034482758621,0.5234839476813318
08,eeg_ts,MovingVideo,NoVisuals,30,36,20,0.5555555555555556,0.5401234567901234
08,eeg_ts,MovingVideo,NoVisuals,60,16,9,0.5625,0.578125
08,eeg_ts,NoVisuals,FixedVideo,1,1192,715,0.5998322147651006,0.6308781135984867
08,eeg_ts,NoVisuals,FixedVideo,2,596,357,0.5989932885906041,0.6407369037430747
08,eeg_ts,NoVisuals,FixedVideo,5,236,151,0.6398305084745762,0.6717178971559896
08,eeg_ts,NoVisuals,FixedVideo,10,116,73,0.6293103448275862,0.7170035671819263
08,eeg_ts,NoVisuals,FixedVideo,30,36,28,0.7777777777777778,0.7839506172839505
08,eeg_ts,NoVisuals,FixedVideo,60,16,13,0.8125,0.90625
08,eeg_ts,NoVisuals,MovingTargetNoise,1,1192,605,0.5075503355704698,0.5065143462006215
08,eeg_ts,NoVisuals,MovingTargetNoise,2,596,308,0.5167785234899329,0.5305166433944417
08,eeg_ts,NoVisuals,MovingTargetNoise,5,236,130,0.5508474576271186,0.5663602413099684
08,eeg_ts,NoVisuals,MovingTargetNoise,10,116,68,0.5862068965517241,0.5859096313912009
08,eeg_ts,NoVisuals,MovingTargetNoise,30,36,21,0.5833333333333334,0.6574074074074074
08,eeg_ts,NoVisuals,MovingTargetNoise,60,16,11,0.6875,0.765625
08,eeg_ts,NoVisuals,MovingVideo,1,1192,600,0.5033557046979866,0.5085187604161975
08,eeg_ts,NoVisuals,MovingVideo,2,596,312,0.5234899328859061,0.5216769514886717
08,eeg_ts,NoVisuals,MovingVideo,5,236,121,0.5127118644067796,0.546394714162597
08,eeg_ts,NoVisuals,MovingVideo,10,116,65,0.5603448275862069,0.5451843043995244
08,eeg_ts,NoVisuals,MovingVideo,30,36,21,0.5833333333333334,0.5802469135802469
08,eeg_ts,NoVisuals,MovingVideo,60,16,9,0.5625,0.515625
08,eeg_ts,NoVisuals,NoVisuals,1,1192,462,0.3875838926174497,0.33446128552767895
08,eeg_ts,NoVisuals,NoVisuals,2,596,199,0.3338926174496644,0.2507769920273862
08,eeg_ts,NoVisuals,NoVisuals,5,236,74,0.3135593220338983,0.20066072967538062
08,eeg_ts,NoVisuals,NoVisuals,10,116,28,0.2413793103448276,0.15576694411414985
08,eeg_ts,NoVisuals,NoVisuals,30,36,8,0.2222222222222222,0.08024691358024691
08,eeg_ts,NoVisuals,NoVisuals,60,16,2,0.125,0.0
08,eog_ts,FixedVideo,FixedVideo,1,1192,619,0.5192953020134228,0.4897470834647088
08,eog_ts,FixedVideo,FixedVideo,2,596,322,0.540268456375839,0.5382415206522229
08,eog_ts,FixedVideo,FixedVideo,5,236,136,0.576271186440678,0.6108876759551852
08,eog_ts,FixedVideo,FixedVideo,10,116,68,0.5862068965517241,0.6236623067776457
08,eog_ts,FixedVideo,FixedVideo,30,36,22,0.6111111111111112,0.7222222222222223
08,eog_ts,FixedVideo,FixedVideo,60,16,8,0.5,0.75
08,eog_ts,FixedVideo,MovingTargetNoise,1,1192,475,0.39848993288590606,0.38017994684924106
08,eog_ts,FixedVideo,MovingTargetNoise,2,596,232,0.38926174496644295,0.3629228413134543
08,eog_ts,FixedVideo,MovingTargetNoise,5,236,95,0.4025423728813559,0.35478310830221205
08,eog_ts,FixedVideo,MovingTargetNoise,10,116,43,0.3706896551724138,0.3106420927467301
08,eog_ts,FixedVideo,MovingTargetNoise,30,36,12,0.3333333333333333,0.2808641975308642
08,eog_ts,FixedVideo,MovingTargetNoise,60,16,7,0.4375,0.21875
08,eog_ts,FixedVideo,MovingVideo,1,1192,668,0.5604026845637584,0.5954151840007207
08,eog_ts,FixedVideo,MovingVideo,2,596,346,0.5805369127516778,0.5883631367956399
08,eog_ts,FixedVideo,MovingVideo,5,236,124,0.5254237288135594,0.5499856363114048
08,eog_ts,FixedVideo,MovingVideo,10,116,59,0.5086206896551724,0.5561831153388823
08,eog_ts,FixedVideo,MovingVideo,30,36,20,0.5555555555555556,0.5925925925925926
08,eog_ts,FixedVideo,MovingVideo,60,16,10,0.625,0.65625
08,eog_ts,FixedVideo,NoVisuals,1,1192,515,0.4320469798657718,0.3959027746497905
08,eog_ts,FixedVideo,NoVisuals,2,596,268,0.44966442953020136,0.4134273230935544
08,eog_ts,FixedVideo,NoVisuals,5,236,112,0.4745762711864407,0.4355788566503878
08,eog_ts,FixedVideo,NoVisuals,10,116,51,0.4396551724137931,0.429845422116528
08,eog_ts,FixedVideo,NoVisuals,30,36,17,0.4722222222222222,0.42901234567901236
08,eog_ts,FixedVideo,NoVisuals,60,16,7,0.4375,0.421875
08,eog_ts,MovingTargetNoise,FixedVideo,1,1192,442,0.37080536912751677,0.34273512454393945
08,eog_ts,MovingTargetNoise,FixedVideo,2,596,207,0.34731543624161076,0.31981667492455296
08,eog_ts,MovingTargetNoise,FixedVideo,5,236,81,0.3432203389830508,0.29646653260557315
08,eog_ts,MovingTargetNoise,FixedVideo,10,116,40,0.3448275862068966,0.2660523186682521
08,eog_ts,MovingTargetNoise,FixedVideo,30,36,8,0.2222222222222222,0.19135802469135804
08,eog_ts,MovingTargetNoise,FixedVideo,60,16,5,0.3125,0.1875
08,eog_ts,MovingTargetNoise,MovingTargetNoise,1,1192,570,0.47818791946308725,0.44703504346651046
08,eog_ts,MovingTargetNoise,MovingTargetNoise,2,596,296,0.4966442953020134,0.46849241025179045
08,eog_ts,MovingTargetNoise,MovingTargetNoise,5,236,115,0.4872881355932203,0.4599253088193048
08,eog_ts,MovingTargetNoise,MovingTargetNoise,10,116,53,0.45689655172413796,0.4411414982164091
08,eog_ts,MovingTargetNoise,MovingTargetNoise,30,36,14,0.3888888888888889,0.39506172839506176
08,eog_ts,MovingTargetNoise,MovingTargetNoise,60,16,4,0.25,0.3125
08,eog_ts,MovingTargetNoise,MovingVideo,1,1192,526,0.4412751677852349,0.35159170758073965
08,eog_ts,MovingTargetNoise,MovingVideo,2,596,265,0.4446308724832215,0.3413247151029233
08,eog_ts,MovingTargetNoise,MovingVideo,5,236,106,0.4491525423728814,0.3526285550129273
08,eog_ts,MovingTargetNoise,MovingVideo,10,116,52,0.4482758620689655,0.3421521997621879
08,eog_ts,MovingTargetNoise,MovingVideo,30,36,15,0.4166666666666667,0.28703703703703703
08,eog_ts,MovingTargetNoise,MovingVideo,60,16,6,0.375,0.171875
08,eog_ts,MovingTargetNoise,NoVisuals,1,1192,717,0.6015100671140939,0.6077203729561731
08,eog_ts,MovingTargetNoise,NoVisuals,2,596,356,0.5973154362416108,0.6085649295076799
08,eog_ts,MovingTargetNoise,NoVisuals,5,236,136,0.576271186440678,0.5959494398161448
08,eog_ts,MovingTargetNoise,NoVisuals,10,116,66,0.5689655172413793,0.595422116527943
08,eog_ts,MovingTargetNoise,NoVisuals,30,36,19,0.5277777777777778,0.6080246913580247
08,eog_ts,MovingTargetNoise,NoVisuals,60,16,9,0.5625,0.625
08,eog_ts,MovingVideo,FixedVideo,1,1192,618,0.5184563758389261,0.5516164812395838
08,eog_ts,MovingVideo,FixedVideo,2,596,314,0.5268456375838926,0.5431512094049817
08,eog_ts,MovingVideo,FixedVideo,5,236,117,0.4957627118644068,0.5136455041654696
08,eog_ts,MovingVideo,FixedVideo,10,116,57,0.49137931034482757,0.5118906064209274
08,eog_ts,MovingVideo,FixedVideo,30,36,18,0.5,0.45987654320987653
08,eog_ts,MovingVideo,FixedVideo,60,16,9,0.5625,0.453125
08,eog_ts,MovingVideo,MovingTargetNoise,1,1192,508,0.4261744966442953,0.3916940678347822
08,eog_ts,MovingVideo,MovingTargetNoise,2,596,247,0.41442953020134227,0.39297779379307235
08,eog_ts,MovingVideo,MovingTargetNoise,5,236,108,0.4576271186440678,0.42178971559896583
08,eog_ts,MovingVideo,MovingTargetNoise,10,116,48,0.41379310344827586,0.40368608799048744
08,eog_ts,MovingVideo,MovingTargetNoise,30,36,16,0.4444444444444444,0.3765432098765432
08,eog_ts,MovingVideo,MovingTargetNoise,60,16,7,0.4375,0.390625
08,eog_ts,MovingVideo,MovingVideo,1,1192,647,0.5427852348993288,0.5433539029773434
08,eog_ts,MovingVideo,MovingVideo,2,596,325,0.5453020134228188,0.5467546506914103
08,eog_ts,MovingVideo,MovingVideo,5,236,119,0.5042372881355932,0.4939672507900028
08,eog_ts,MovingVideo,MovingVideo,10,116,58,0.5,0.5005945303210464
08,eog_ts,MovingVideo,MovingVideo,30,36,20,0.5555555555555556,0.5493827160493827
08,eog_ts,MovingVideo,MovingVideo,60,16,7,0.4375,0.65625
08,eog_ts,MovingVideo,NoVisuals,1,1192,464,0.38926174496644295,0.3809879059501824
08,eog_ts,MovingVideo,NoVisuals,2,596,234,0.3926174496644295,0.3694315571370659
08,eog_ts,MovingVideo,NoVisuals,5,236,98,0.4152542372881356,0.3985923585176674
08,eog_ts,MovingVideo,NoVisuals,10,116,47,0.4051724137931034,0.40963139120095127
08,eog_ts,MovingVideo,NoVisuals,30,36,13,0.3611111111111111,0.39814814814814814
08,eog_ts,MovingVideo,NoVisuals,60,16,5,0.3125,0.359375
08,eog_ts,NoVisuals,FixedVideo,1,1192,548,0.4597315436241611,0.43043950722940405
08,eog_ts,NoVisuals,FixedVideo,2,596,274,0.4597315436241611,0.44363992612945363
08,eog_ts,NoVisuals,FixedVideo,5,236,104,0.4406779661016949,0.45216891697787986
08,eog_ts,NoVisuals,FixedVideo,10,116,49,0.4224137931034483,0.43192627824019025
08,eog_ts,NoVisuals,FixedVideo,30,36,16,0.4444444444444444,0.42592592592592593
08,eog_ts,NoVisuals,FixedVideo,60,16,9,0.5625,0.484375
08,eog_ts,NoVisuals,MovingTargetNoise,1,1192,660,0.5536912751677853,0.5741267285257421
08,eog_ts,NoVisuals,MovingTargetNoise,2,596,335,0.5620805369127517,0.5825413269672537
08,eog_ts,NoVisuals,MovingTargetNoise,5,236,125,0.5296610169491526,0.5596811261131859
08,eog_ts,NoVisuals,MovingTargetNoise,10,116,54,0.46551724137931033,0.5564803804994054
08,eog_ts,NoVisuals,MovingTargetNoise,30,36,19,0.5277777777777778,0.5802469135802468
08,eog_ts,NoVisuals,MovingTargetNoise,60,16,9,0.5625,0.609375
08,eog_ts,NoVisuals,MovingVideo,1,1192,563,0.47231543624161076,0.40557013197603714
08,eog_ts,NoVisuals,MovingVideo,2,596,272,0.4563758389261745,0.3916152425566416
08,eog_ts,NoVisuals,MovingVideo,5,236,110,0.4661016949152542,0.4068514794599253
08,eog_ts,NoVisuals,MovingVideo,10,116,51,0.4396551724137931,0.39387633769322233
08,eog_ts,NoVisuals,MovingVideo,30,36,15,0.4166666666666667,0.3333333333333333
08,eog_ts,NoVisuals,MovingVideo,60,16,6,0.375,0.3125
08,eog_ts,NoVisuals,NoVisuals,1,1192,351,0.29446308724832215,0.2252376019098239
08,eog_ts,NoVisuals,NoVisuals,2,596,154,0.25838926174496646,0.17665870906715914
08,eog_ts,NoVisuals,NoVisuals,5,236,52,0.22033898305084745,0.10715311692042516
08,eog_ts,NoVisuals,NoVisuals,10,116,22,0.1896551724137931,0.05885850178359095
08,eog_ts,NoVisuals,NoVisuals,30,36,6,0.16666666666666666,0.012345679012345684
08,eog_ts,NoVisuals,NoVisuals,60,16,1,0.0625,0.0
08,gazectrl_csp,FixedVideo,FixedVideo,1,1192,612,0.5134228187919463,0.5138676185757398
08,gazectrl_csp,FixedVideo,FixedVideo,2,596,305,0.511744966442953,0.5286248367190667
08,gazectrl_csp,FixedVideo,FixedVideo,5,236,126,0.5338983050847458,0.554725653547831
08,gazectrl_csp,FixedVideo,FixedVideo,10,116,57,0.49137931034482757,0.5576694411414982
08,gazectrl_csp,FixedVideo,FixedVideo,30,36,20,0.5555555555555556,0.6049382716049383
08,gazectrl_csp,FixedVideo,FixedVideo,60,16,7,0.4375,0.59375
08,gazectrl_csp,FixedVideo,MovingTargetNoise,1,1192,600,0.5033557046979866,0.5110102022431422
08,gazectrl_csp,FixedVideo,MovingTargetNoise,2,596,304,0.5100671140939598,0.505427683437683
08,gazectrl_csp,FixedVideo,MovingTargetNoise,5,236,130,0.5508474576271186,0.5191037058316575
08,gazectrl_csp,FixedVideo,MovingTargetNoise,10,116,60,0.5172413793103449,0.530321046373365
08,gazectrl_csp,FixedVideo,MovingTargetNoise,30,36,17,0.4722222222222222,0.5
08,gazectrl_csp,FixedVideo,MovingTargetNoise,60,16,7,0.4375,0.484375
08,gazectrl_csp,FixedVideo,MovingVideo,1,1192,551,0.462248322147651,0.46378541507139315
08,gazectrl_csp,FixedVideo,MovingVideo,2,596,285,0.47818791946308725,0.45932615647943786
08,gazectrl_csp,FixedVideo,MovingVideo,5,236,109,0.461864406779661,0.4542516518241885
08,gazectrl_csp,FixedVideo,MovingVideo,10,116,58,0.5,0.45005945303210465
08,gazectrl_csp,FixedVideo,MovingVideo,30,36,18,0.5,0.4506172839506173
08,gazectrl_csp,FixedVideo,MovingVideo,60,16,9,0.5625,0.515625
08,gazectrl_csp,FixedVideo,NoVisuals,1,1192,597,0.5008389261744967,0.5250354713751633
08,gazectrl_csp,FixedVideo,NoVisuals,2,596,312,0.5234899328859061,0.5384554749786046
08,gazectrl_csp,FixedVideo,NoVisuals,5,236,136,0.576271186440678,0.5805084745762713
08,gazectrl_csp,FixedVideo,NoVisuals,10,116,65,0.5603448275862069,0.6019619500594531
08,gazectrl_csp,FixedVideo,NoVisuals,30,36,20,0.5555555555555556,0.6851851851851852
08,gazectrl_csp,FixedVideo,NoVisuals,60,16,9,0.5625,0.71875
08,gazectrl_csp,MovingTargetNoise,FixedVideo,1,1192,579,0.48573825503355705,0.5038765145714157
08,gazectrl_csp,MovingTargetNoise,FixedVideo,2,596,301,0.5050335570469798,0.5215756047024909
08,gazectrl_csp,MovingTargetNoise,FixedVideo,5,236,119,0.5042372881355932,0.517954610744039
08,gazectrl_csp,MovingTargetNoise,FixedVideo,10,116,62,0.5344827586206896,0.5276456599286563
08,gazectrl_csp,MovingTargetNoise,FixedVideo,30,36,19,0.5277777777777778,0.49074074074074076
08,gazectrl_csp,MovingTargetNoise,FixedVideo,60,16,8,0.5,0.4375
08,gazectrl_csp,MovingTargetNoise,MovingTargetNoise,1,1192,599,0.50251677852349,0.5024210621143191
08,gazectrl_csp,MovingTargetNoise,MovingTargetNoise,2,596,295,0.4949664429530201,0.4915769559929733
08,gazectrl_csp,MovingTargetNoise,MovingTargetNoise,5,236,112,0.4745762711864407,0.4679689744326343
08,gazectrl_csp,MovingTargetNoise,MovingTargetNoise,10,116,59,0.5086206896551724,0.4482758620689655
08,gazectrl_csp,MovingTargetNoise,MovingTargetNoise,30,36,17,0.4722222222222222,0.4012345679012346
08,gazectrl_csp,MovingTargetNoise,MovingTargetNoise,60,16,7,0.4375,0.375
08,gazectrl_csp,MovingTargetNoise,MovingVideo,1,1192,614,0.5151006711409396,0.5123502319715328
08,gazectrl_csp,MovingTargetNoise,MovingVideo,2,596,315,0.5285234899328859,0.5228368091527409
08,gazectrl_csp,MovingTargetNoise,MovingVideo,5,236,131,0.5550847457627118,0.5711002585463947
08,gazectrl_csp,MovingTargetNoise,MovingVideo,10,116,65,0.5603448275862069,0.5755053507728893
08,gazectrl_csp,MovingTargetNoise,MovingVideo,30,36,19,0.5277777777777778,0.5740740740740741
08,gazectrl_csp,MovingTargetNoise,MovingVideo,60,16,7,0.4375,0.640625
08,gazectrl_csp,MovingTargetNoise,NoVisuals,1,1192,616,0.5167785234899329,0.5146192739065809
08,gazectrl_csp,MovingTargetNoise,NoVisuals,2,596,312,0.5234899328859061,0.49618260438718975
08,gazectrl_csp,MovingTargetNoise,NoVisuals,5,236,118,0.5,0.4542516518241885
08,gazectrl_csp,MovingTargetNoise,NoVisuals,10,116,57,0.49137931034482757,0.4289536266349584
08,gazectrl_csp,MovingTargetNoise,NoVisuals,30,36,16,0.4444444444444444,0.3672839506172839
08,gazectrl_csp,MovingTargetNoise,NoVisuals,60,16,8,0.5,0.375
08,gazectrl_csp,MovingVideo,FixedVideo,1,1192,585,0.49077181208053694,0.4709979280212604
08,gazectrl_csp,MovingVideo,FixedVideo,2,596,270,0.45302013422818793,0.4537183009774335
08,gazectrl_csp,MovingVideo,FixedVideo,5,236,112,0.4745762711864407,0.44419706980752655
08,gazectrl_csp,MovingVideo,FixedVideo,10,116,55,0.47413793103448276,0.4224137931034483
08,gazectrl_csp,MovingVideo,FixedVideo,30,36,15,0.4166666666666667,0.3611111111111111
08,gazectrl_csp,MovingVideo,FixedVideo,60,16,5,0.3125,0.265625
08,gazectrl_csp,MovingVideo,MovingTargetNoise,1,1192,583,0.4890939597315436,0.4829962614296653
08,gazectrl_csp,MovingVideo,MovingTargetNoise,2,596,284,0.47651006711409394,0.4721746768163596
08,gazectrl_csp,MovingVideo,MovingTargetNoise,5,236,115,0.4872881355932203,0.4698362539500144
08,gazectrl_csp,MovingVideo,MovingTargetNoise,10,116,53,0.45689655172413796,0.45659928656361476
08,gazectrl_csp,MovingVideo,MovingTargetNoise,30,36,21,0.5833333333333334,0.45987654320987653
08,gazectrl_csp,MovingVideo,MovingTargetNoise,60,16,8,0.5,0.4375
08,gazectrl_csp,MovingVideo,MovingVideo,1,1192,637,0.5343959731543624,0.554045988919418
08,gazectrl_csp,MovingVideo,MovingVideo,2,596,303,0.5083892617449665,0.531327417683888
08,gazectrl_csp,MovingVideo,MovingVideo,5,236,121,0.5127118644067796,0.5351910370583165
08,gazectrl_csp,MovingVideo,MovingVideo,10,116,61,0.5258620689655172,0.5362663495838287
08,gazectrl_csp,MovingVideo,MovingVideo,30,36,21,0.5833333333333334,0.5679012345679013
08,gazectrl_csp,MovingVideo,MovingVideo,60,16,9,0.5625,0.53125
08,gazectrl_csp,MovingVideo,NoVisuals,1,1192,548,0.4597315436241611,0.44286574929057254
08,gazectrl_csp,MovingVideo,NoVisuals,2,596,270,0.45302013422818793,0.4307914057925319
08,gazectrl_csp,MovingVideo,NoVisuals,5,236,102,0.4322033898305085,0.41841424877908645
08,gazectrl_csp,MovingVideo,NoVisuals,10,116,49,0.4224137931034483,0.3700951248513675
08,gazectrl_csp,MovingVideo,NoVisuals,30,36,11,0.3055555555555556,0.2685185185185185
08,gazectrl_csp,MovingVideo,NoVisuals,60,16,4,0.25,0.25
08,gazectrl_csp,NoVisuals,FixedVideo,1,1192,603,0.5058724832214765,0.4909716904643935
08,gazectrl_csp,NoVisuals,FixedVideo,2,596,291,0.48825503355704697,0.4724787171749021
08,gazectrl_csp,NoVisuals,FixedVideo,5,236,102,0.4322033898305085,0.4178397012352772
08,gazectrl_csp,NoVisuals,FixedVideo,10,116,54,0.46551724137931033,0.3995243757431629
08,gazectrl_csp,NoVisuals,FixedVideo,30,36,13,0.3611111111111111,0.33641975308641975
08,gazectrl_csp,NoVisuals,FixedVideo,60,16,6,0.375,0.28125
08,gazectrl_csp,NoVisuals,MovingTargetNoise,1,1192,633,0.5310402684563759,0.5371914553398496
08,gazectrl_csp,NoVisuals,MovingTargetNoise,2,596,321,0.5385906040268457,0.5498400972929148
08,gazectrl_csp,NoVisuals,MovingTargetNoise,5,236,126,0.5338983050847458,0.5338983050847457
08,gazectrl_csp,NoVisuals,MovingTargetNoise,10,116,59,0.5086206896551724,0.5517241379310345
08,gazectrl_csp,NoVisuals,MovingTargetNoise,30,36,20,0.5555555555555556,0.5524691358024691
08,gazectrl_csp,NoVisuals,MovingTargetNoise,60,16,8,0.5,0.53125
08,gazectrl_csp,NoVisuals,MovingVideo,1,1192,583,0.4890939597315436,0.46692716544299806
08,gazectrl_csp,NoVisuals,MovingVideo,2,596,290,0.4865771812080537,0.4641344984460159
08,gazectrl_csp,NoVisuals,MovingVideo,5,236,109,0.461864406779661,0.43141338695777076
08,gazectrl_csp,NoVisuals,MovingVideo,10,116,51,0.4396551724137931,0.4051724137931034
08,gazectrl_csp,NoVisuals,MovingVideo,30,36,17,0.4722222222222222,0.33333333333333337
08,gazectrl_csp,NoVisuals,MovingVideo,60,16,8,0.5,0.40625
08,gazectrl_csp,NoVisuals,NoVisuals,1,1192,623,0.5226510067114094,0.5343790820233323
08,gazectrl_csp,NoVisuals,NoVisuals,2,596,339,0.5687919463087249,0.5884870050898608
08,gazectrl_csp,NoVisuals,NoVisuals,5,236,138,0.5847457627118644,0.6365986785406492
08,gazectrl_csp,NoVisuals,NoVisuals,10,116,67,0.5775862068965517,0.673602853745541
08,gazectrl_csp,NoVisuals,NoVisuals,30,36,22,0.6111111111111112,0.7654320987654322
08,gazectrl_csp,NoVisuals,NoVisuals,60,16,9,0.5625,0.84375
08,gazectrl_ts,FixedVideo,FixedVideo,1,1192,547,0.4588926174496644,0.45660105400657625
08,gazectrl_ts,FixedVideo,FixedVideo,2,596,277,0.46476510067114096,0.4546416828070807
08,gazectrl_ts,FixedVideo,FixedVideo,5,236,103,0.4364406779661017,0.4278942832519391
08,gazectrl_ts,FixedVideo,FixedVideo,10,116,50,0.43103448275862066,0.4007134363852556
08,gazectrl_ts,FixedVideo,FixedVideo,30,36,15,0.4166666666666667,0.3148148148148149
08,gazectrl_ts,FixedVideo,FixedVideo,60,16,4,0.25,0.21875
08,gazectrl_ts,FixedVideo,MovingTargetNoise,1,1192,614,0.5151006711409396,0.5099995495698392
08,gazectrl_ts,FixedVideo,MovingTargetNoise,2,596,289,0.4848993288590604,0.49639655871357147
08,gazectrl_ts,FixedVideo,MovingTargetNoise,5,236,130,0.5508474576271186,0.5304510198218904
08,gazectrl_ts,FixedVideo,MovingTargetNoise,10,116,62,0.5344827586206896,0.5505350772889418
08,gazectrl_ts,FixedVideo,MovingTargetNoise,30,36,17,0.4722222222222222,0.5617283950617284
08,gazectrl_ts,FixedVideo,MovingTargetNoise,60,16,7,0.4375,0.578125
08,gazectrl_ts,FixedVideo,MovingVideo,1,1192,587,0.4924496644295302,0.4879256565019594
08,gazectrl_ts,FixedVideo,MovingVideo,2,596,289,0.4848993288590604,0.4658348723030494
08,gazectrl_ts,FixedVideo,MovingVideo,5,236,112,0.4745762711864407,0.452671646078713
08,gazectrl_ts,FixedVideo,MovingVideo,10,116,55,0.47413793103448276,0.4357907253269917
08,gazectrl_ts,FixedVideo,MovingVideo,30,36,16,0.4444444444444444,0.40432098765432095
08,gazectrl_ts,FixedVideo,MovingVideo,60,16,7,0.4375,0.359375
08,gazectrl_ts,FixedVideo,NoVisuals,1,1192,620,0.5201342281879194,0.5210913922796271
08,gazectrl_ts,FixedVideo,NoVisuals,2,596,305,0.511744966442953,0.5125670014864195
08,gazectrl_ts,FixedVideo,NoVisuals,5,236,133,0.5635593220338984,0.540864694053433
08,gazectrl_ts,FixedVideo,NoVisuals,10,116,63,0.5431034482758621,0.5514268727705113
08,gazectrl_ts,FixedVideo,NoVisuals,30,36,18,0.5,0.5493827160493827
08,gazectrl_ts,FixedVideo,NoVisuals,60,16,9,0.5625,0.515625
08,gazectrl_ts,MovingTargetNoise,FixedVideo,1,1192,614,0.5151006711409396,0.5206803747578937
08,gazectrl_ts,MovingTargetNoise,FixedVideo,2,596,301,0.5050335570469798,0.510607630286924
08,gazectrl_ts,MovingTargetNoise,FixedVideo,5,236,122,0.5169491525423728,0.5366274059178398
08,gazectrl_ts,MovingTargetNoise,FixedVideo,10,116,64,0.5517241379310345,0.5508323424494649
08,gazectrl_ts,MovingTargetNoise,FixedVideo,30,36,21,0.5833333333333334,0.6080246913580246
08,gazectrl_ts,MovingTargetNoise,FixedVideo,60,16,8,0.5,0.671875
08,gazectrl_ts,MovingTargetNoise,MovingTargetNoise,1,1192,604,0.5067114093959731,0.5210745011485969
08,gazectrl_ts,MovingTargetNoise,MovingTargetNoise,2,596,292,0.4899328859060403,0.49896401063015183
08,gazectrl_ts,MovingTargetNoise,MovingTargetNoise,5,236,111,0.4703389830508475,0.47888537776501006
08,gazectrl_ts,MovingTargetNoise,MovingTargetNoise,10,116,55,0.47413793103448276,0.4774078478002378
08,gazectrl_ts,MovingTargetNoise,MovingTargetNoise,30,36,17,0.4722222222222222,0.40740740740740744
08,gazectrl_ts,MovingTargetNoise,MovingTargetNoise,60,16,8,0.5,0.3125
08,gazectrl_ts,MovingTargetNoise,MovingVideo,1,1192,595,0.49916107382550334,0.497601459393721
08,gazectrl_ts,MovingTargetNoise,MovingVideo,2,596,301,0.5050335570469798,0.49195982162965635
08,gazectrl_ts,MovingTargetNoise,MovingVideo,5,236,127,0.538135593220339,0.545461074403907
08,gazectrl_ts,MovingTargetNoise,MovingVideo,10,116,65,0.5603448275862069,0.5511296076099881
08,gazectrl_ts,MovingTargetNoise,MovingVideo,30,36,17,0.4722222222222222,0.5
08,gazectrl_ts,MovingTargetNoise,MovingVideo,60,16,7,0.4375,0.59375
08,gazectrl_ts,MovingTargetNoise,NoVisuals,1,1192,625,0.5243288590604027,0.5391958695554254
08,gazectrl_ts,MovingTargetNoise,NoVisuals,2,596,319,0.535234899328859,0.547205080852214
08,gazectrl_ts,MovingTargetNoise,NoVisuals,5,236,127,0.538135593220339,0.5485492674518817
08,gazectrl_ts,MovingTargetNoise,NoVisuals,10,116,65,0.5603448275862069,0.5689655172413793
08,gazectrl_ts,MovingTargetNoise,NoVisuals,30,36,23,0.6388888888888888,0.6697530864197532
08,gazectrl_ts,MovingTargetNoise,NoVisuals,60,16,10,0.625,0.671875
08,gazectrl_ts,MovingVideo,FixedVideo,1,1192,602,0.5050335570469798,0.48871672447187064
08,gazectrl_ts,MovingVideo,FixedVideo,2,596,281,0.4714765100671141,0.47337957749650916
08,gazectrl_ts,MovingVideo,FixedVideo,5,236,112,0.4745762711864407,0.4656707842573973
08,gazectrl_ts,MovingVideo,FixedVideo,10,116,55,0.47413793103448276,0.45659928656361476
08,gazectrl_ts,MovingVideo,FixedVideo,30,36,16,0.4444444444444444,0.45679012345679015
08,gazectrl_ts,MovingVideo,FixedVideo,60,16,6,0.375,0.4375
08,gazectrl_ts,MovingVideo,MovingTargetNoise,1,1192,586,0.49161073825503354,0.4985614386739336
08,gazectrl_ts,MovingVideo,MovingTargetNoise,2,596,283,0.4748322147651007,0.47386378991937306
08,gazectrl_ts,MovingVideo,MovingTargetNoise,5,236,120,0.5084745762711864,0.5277219189887963
08,gazectrl_ts,MovingVideo,MovingTargetNoise,10,116,60,0.5172413793103449,0.5502378121284186
08,gazectrl_ts,MovingVideo,MovingTargetNoise,30,36,18,0.5,0.5679012345679012
08,gazectrl_ts,MovingVideo,MovingTargetNoise,60,16,9,0.5625,0.703125
08,gazectrl_ts,MovingVideo,MovingVideo,1,1192,622,0.5218120805369127,0.5230000900860321
08,gazectrl_ts,MovingVideo,MovingVideo,2,596,314,0.5268456375838926,0.5183325075447052
08,gazectrl_ts,MovingVideo,MovingVideo,5,236,118,0.5,0.49209997127262284
08,gazectrl_ts,MovingVideo,MovingVideo,10,116,62,0.5344827586206896,0.49881093935790727
08,gazectrl_ts,MovingVideo,MovingVideo,30,36,19,0.5277777777777778,0.5123456790123457
08,gazectrl_ts,MovingVideo,MovingVideo,60,16,8,0.5,0.53125
08,gazectrl_ts,MovingVideo,NoVisuals,1,1192,540,0.45302013422818793,0.44162425115985765
08,gazectrl_ts,MovingVideo,NoVisuals,2,596,263,0.4412751677852349,0.41374262420611685
08,gazectrl_ts,MovingVideo,NoVisuals,5,236,103,0.4364406779661017,0.41388968687158867
08,gazectrl_ts,MovingVideo,NoVisuals,10,116,45,0.3879310344827586,0.35939357907253267
08,gazectrl_ts,MovingVideo,NoVisuals,30,36,11,0.3055555555555556,0.2716049382716049
08,gazectrl_ts,MovingVideo,NoVisuals,60,16,5,0.3125,0.265625
08,gazectrl_ts,NoVisuals,FixedVideo,1,1192,633,0.5310402684563759,0.5314034277735238
08,gazectrl_ts,NoVisuals,FixedVideo,2,596,301,0.5050335570469798,0.5115647943786317
08,gazectrl_ts,NoVisuals,FixedVideo,5,236,120,0.5084745762711864,0.5208273484630853
08,gazectrl_ts,NoVisuals,FixedVideo,10,116,63,0.5431034482758621,0.5487514863258026
08,gazectrl_ts,NoVisuals,FixedVideo,30,36,16,0.4444444444444444,0.5246913580246914
08,gazectrl_ts,NoVisuals,FixedVideo,60,16,8,0.5,0.46875
08,gazectrl_ts,NoVisuals,MovingTargetNoise,1,1192,621,0.5209731543624161,0.5150162154857889
08,gazectrl_ts,NoVisuals,MovingTargetNoise,2,596,318,0.5335570469798657,0.5432075131750822
08,gazectrl_ts,NoVisuals,MovingTargetNoise,5,236,128,0.5423728813559322,0.5512783682849757
08,gazectrl_ts,NoVisuals,MovingTargetNoise,10,116,65,0.5603448275862069,0.5668846611177171
08,gazectrl_ts,NoVisuals,MovingTargetNoise,30,36,19,0.5277777777777778,0.5925925925925926
08,gazectrl_ts,NoVisuals,MovingTargetNoise,60,16,11,0.6875,0.625
08,gazectrl_ts,NoVisuals,MovingVideo,1,1192,567,0.47567114093959734,0.4677632764289897
08,gazectrl_ts,NoVisuals,MovingVideo,2,596,263,0.4412751677852349,0.44422548533849826
08,gazectrl_ts,NoVisuals,MovingVideo,5,236,112,0.4745762711864407,0.46121804079287565
08,gazectrl_ts,NoVisuals,MovingVideo,10,116,57,0.49137931034482757,0.44619500594530315
08,gazectrl_ts,NoVisuals,MovingVideo,30,36,13,0.3611111111111111,0.4012345679012346
08,gazectrl_ts,NoVisuals,MovingVideo,60,16,6,0.375,0.375
08,gazectrl_ts,NoVisuals,NoVisuals,1,1192,643,0.5394295302013423,0.5424643034097564
08,gazectrl_ts,NoVisuals,NoVisuals,2,596,321,0.5385906040268457,0.566663663798928
08,gazectrl_ts,NoVisuals,NoVisuals,5,236,136,0.576271186440678,0.605716748060902
08,gazectrl_ts,NoVisuals,NoVisuals,10,116,68,0.5862068965517241,0.6361474435196195
08,gazectrl_ts,NoVisuals,NoVisuals,30,36,24,0.6666666666666666,0.7283950617283951
08,gazectrl_ts,NoVisuals,NoVisuals,60,16,12,0.75,0.75
09,eeg_alpha_ts,FixedVideo,FixedVideo,1,1192,587,0.4924496644295302,0.4886097473086798
09,eeg_alpha_ts,FixedVideo,FixedVideo,2,596,293,0.49161073825503354,0.48617179406333044
09,eeg_alpha_ts,FixedVideo,FixedVideo,5,236,109,0.461864406779661,0.4636598678540649
09,eeg_alpha_ts,FixedVideo,FixedVideo,10,116,56,0.4827586206896552,0.46789536266349585
09,eeg_alpha_ts,FixedVideo,FixedVideo,30,36,14,0.3888888888888889,0.39506172839506176
09,eeg_alpha_ts,FixedVideo,FixedVideo,60,16,6,0.375,0.375
09,eeg_alpha_ts,FixedVideo,MovingTargetNoise,1,1192,590,0.4949664429530201,0.49595175892977794
09,eeg_alpha_ts,FixedVideo,MovingTargetNoise,2,596,281,0.4714765100671141,0.47390883293545333
09,eeg_alpha_ts,FixedVideo,MovingTargetNoise,5,236,110,0.4661016949152542,0.45662166044240166
09,eeg_alpha_ts,FixedVideo,MovingTargetNoise,10,116,55,0.47413793103448276,0.43549346016646845
09,eeg_alpha_ts,FixedVideo,MovingTargetNoise,30,36,15,0.4166666666666667,0.3395061728395062
09,eeg_alpha_ts,FixedVideo,MovingTargetNoise,60,16,6,0.375,0.34375
09,eeg_alpha_ts,FixedVideo,MovingVideo,1,1192,660,0.5536912751677853,0.5782566100626098
09,eeg_alpha_ts,FixedVideo,MovingVideo,2,596,322,0.540268456375839,0.5818431602180083
09,eeg_alpha_ts,FixedVideo,MovingVideo,5,236,122,0.5169491525423728,0.530810112036771
09,eeg_alpha_ts,FixedVideo,MovingVideo,10,116,61,0.5258620689655172,0.5475624256837098
09,eeg_alpha_ts,FixedVideo,MovingVideo,30,36,19,0.5277777777777778,0.6203703703703703
09,eeg_alpha_ts,FixedVideo,MovingVideo,60,16,9,0.5625,0.703125
09,eeg_alpha_ts,FixedVideo,NoVisuals,1,1192,589,0.4941275167785235,0.4908337462276474
09,eeg_alpha_ts,FixedVideo,NoVisuals,2,596,317,0.5318791946308725,0.5034908337462276
09,eeg_alpha_ts,FixedVideo,NoVisuals,5,236,114,0.4830508474576271,0.4788135593220339
09,eeg_alpha_ts,FixedVideo,NoVisuals,10,116,56,0.4827586206896552,0.45600475624256837
09,eeg_alpha_ts,FixedVideo,NoVisuals,30,36,21,0.5833333333333334,0.4567901234567901
09,eeg_alpha_ts,FixedVideo,NoVisuals,60,16,9,0.5625,0.46875
09,eeg_alpha_ts,MovingTargetNoise,FixedVideo,1,1192,613,0.514261744966443,0.5098616053330931
09,eeg_alpha_ts,MovingTargetNoise,FixedVideo,2,596,300,0.5033557046979866,0.4953380478356831
09,eeg_alpha_ts,MovingTargetNoise,FixedVideo,5,236,105,0.4449152542372881,0.45633438667049697
09,eeg_alpha_ts,MovingTargetNoise,FixedVideo,10,116,50,0.43103448275862066,0.4515457788347206
09,eeg_alpha_ts,MovingTargetNoise,FixedVideo,30,36,17,0.4722222222222222,0.40432098765432095
09,eeg_alpha_ts,MovingTargetNoise,FixedVideo,60,16,8,0.5,0.34375
09,eeg_alpha_ts,MovingTargetNoise,MovingTargetNoise,1,1192,584,0.4899328859060403,0.4907549209495068
09,eeg_alpha_ts,MovingTargetNoise,MovingTargetNoise,2,596,299,0.5016778523489933,0.4828160893653439
09,eeg_alpha_ts,MovingTargetNoise,MovingTargetNoise,5,236,115,0.4872881355932203,0.5261419132433208
09,eeg_alpha_ts,MovingTargetNoise,MovingTargetNoise,10,116,58,0.5,0.5362663495838288
09,eeg_alpha_ts,MovingTargetNoise,MovingTargetNoise,30,36,16,0.4444444444444444,0.617283950617284
09,eeg_alpha_ts,MovingTargetNoise,MovingTargetNoise,60,16,8,0.5,0.5625
09,eeg_alpha_ts,MovingTargetNoise,MovingVideo,1,1192,659,0.5528523489932886,0.5656164136750597
09,eeg_alpha_ts,MovingTargetNoise,MovingVideo,2,596,324,0.5436241610738255,0.5516418179361291
09,eeg_alpha_ts,MovingTargetNoise,MovingVideo,5,236,129,0.5466101694915254,0.5451738006320024
09,eeg_alpha_ts,MovingTargetNoise,MovingVideo,10,116,59,0.5086206896551724,0.5404280618311534
09,eeg_alpha_ts,MovingTargetNoise,MovingVideo,30,36,19,0.5277777777777778,0.5617283950617284
09,eeg_alpha_ts,MovingTargetNoise,MovingVideo,60,16,8,0.5,0.609375
09,eeg_alpha_ts,MovingTargetNoise,NoVisuals,1,1192,553,0.4639261744966443,0.4561478086572677
09,eeg_alpha_ts,MovingTargetNoise,NoVisuals,2,596,276,0.46308724832214765,0.4579410837349669
09,eeg_alpha_ts,MovingTargetNoise,NoVisuals,5,236,105,0.4449152542372881,0.42358517667336976
09,eeg_alpha_ts,MovingTargetNoise,NoVisuals,10,116,50,0.43103448275862066,0.37514863258026154
09,eeg_alpha_ts,MovingTargetNoise,NoVisuals,30,36,15,0.4166666666666667,0.367283950617284
09,eeg_alpha_ts,MovingTargetNoise,NoVisuals,60,16,6,0.375,0.28125
09,eeg_alpha_ts,MovingVideo,FixedVideo,1,1192,620,0.5201342281879194,0.5272848069906761
09,eeg_alpha_ts,MovingVideo,FixedVideo,2,596,321,0.5385906040268457,0.534210170713031
09,eeg_alpha_ts,MovingVideo,FixedVideo,5,236,119,0.5042372881355932,0.49877908646940533
09,eeg_alpha_ts,MovingVideo,FixedVideo,10,116,60,0.5172413793103449,0.5104042806183116
09,eeg_alpha_ts,MovingVideo,FixedVideo,30,36,17,0.4722222222222222,0.5092592592592593
09,eeg_alpha_ts,MovingVideo,FixedVideo,60,16,7,0.4375,0.5
09,eeg_alpha_ts,MovingVideo,MovingTargetNoise,1,1192,643,0.5394295302013423,0.5608953425521372
09,eeg_alpha_ts,MovingVideo,MovingTargetNoise,2,596,319,0.535234899328859,0.5480834196657809
09,eeg_alpha_ts,MovingVideo,MovingTargetNoise,5,236,129,0.5466101694915254,0.5767020970985349
09,eeg_alpha_ts,MovingVideo,MovingTargetNoise,10,116,65,0.5603448275862069,0.6105826397146255
09,eeg_alpha_ts,MovingVideo,MovingTargetNoise,30,36,21,0.5833333333333334,0.7222222222222222
09,eeg_alpha_ts,MovingVideo,MovingTargetNoise,60,16,11,0.6875,0.78125
09,eeg_alpha_ts,MovingVideo,MovingVideo,1,1192,594,0.4983221476510067,0.49574906535741636
09,eeg_alpha_ts,MovingVideo,MovingVideo,2,596,278,0.4664429530201342,0.46169091482365654
09,eeg_alpha_ts,MovingVideo,MovingVideo,5,236,101,0.4279661016949153,0.4762999138178684
09,eeg_alpha_ts,MovingVideo,MovingVideo,10,116,53,0.45689655172413796,0.47621878715814514
09,eeg_alpha_ts,MovingVideo,MovingVideo,30,36,17,0.4722222222222222,0.45679012345679015
09,eeg_alpha_ts,MovingVideo,MovingVideo,60,16,7,0.4375,0.28125
09,eeg_alpha_ts,MovingVideo,NoVisuals,1,1192,595,0.49916107382550334,0.5040904688977974
09,eeg_alpha_ts,MovingVideo,NoVisuals,2,596,294,0.49328859060402686,0.5008445565515067
09,eeg_alpha_ts,MovingVideo,NoVisuals,5,236,114,0.4830508474576271,0.4942545245619075
09,eeg_alpha_ts,MovingVideo,NoVisuals,10,116,56,0.4827586206896552,0.5041617122473246
09,eeg_alpha_ts,MovingVideo,NoVisuals,30,36,20,0.5555555555555556,0.5185185185185185
09,eeg_alpha_ts,MovingVideo,NoVisuals,60,16,9,0.5625,0.484375
09,eeg_alpha_ts,NoVisuals,FixedVideo,1,1192,608,0.5100671140939598,0.49678786991576956
09,eeg_alpha_ts,NoVisuals,FixedVideo,2,596,297,0.4983221476510067,0.49674564208819416
09,eeg_alpha_ts,NoVisuals,FixedVideo,5,236,116,0.4915254237288136,0.5010772766446423
09,eeg_alpha_ts,NoVisuals,FixedVideo,10,116,59,0.5086206896551724,0.48929845422116525
09,eeg_alpha_ts,NoVisuals,FixedVideo,30,36,19,0.5277777777777778,0.4783950617283951
09,eeg_alpha_ts,NoVisuals,FixedVideo,60,16,10,0.625,0.578125
09,eeg_alpha_ts,NoVisuals,MovingTargetNoise,1,1192,580,0.4865771812080537,0.48495563262916086
09,eeg_alpha_ts,NoVisuals,MovingTargetNoise,2,596,303,0.5083892617449665,0.4931422008017657
09,eeg_alpha_ts,NoVisuals,MovingTargetNoise,5,236,116,0.4915254237288136,0.47242171789715603
09,eeg_alpha_ts,NoVisuals,MovingTargetNoise,10,116,59,0.5086206896551724,0.4699762187871582
09,eeg_alpha_ts,NoVisuals,MovingTargetNoise,30,36,19,0.5277777777777778,0.43827160493827155
09,eeg_alpha_ts,NoVisuals,MovingTargetNoise,60,16,8,0.5,0.4375
09,eeg_alpha_ts,NoVisuals,MovingVideo,1,1192,536,0.44966442953020136,0.4504977253276879
09,eeg_alpha_ts,NoVisuals,MovingVideo,2,596,275,0.46140939597315433,0.44582451240935084
09,eeg_alpha_ts,NoVisuals,MovingVideo,5,236,105,0.4449152542372881,0.44527434645216896
09,eeg_alpha_ts,NoVisuals,MovingVideo,10,116,51,0.4396551724137931,0.4337098692033293
09,eeg_alpha_ts,NoVisuals,MovingVideo,30,36,15,0.4166666666666667,0.404320987654321
09,eeg_alpha_ts,NoVisuals,MovingVideo,60,16,9,0.5625,0.375
09,eeg_alpha_ts,NoVisuals,NoVisuals,1,1192,635,0.5327181208053692,0.5606842034142606
09,eeg_alpha_ts,NoVisuals,NoVisuals,2,596,324,0.5436241610738255,0.5673393090401333
09,eeg_alpha_ts,NoVisuals,NoVisuals,5,236,143,0.6059322033898306,0.6424877908646941
09,eeg_alpha_ts,NoVisuals,NoVisuals,10,116,70,0.603448275862069,0.687871581450654
09,eeg_alpha_ts,NoVisuals,NoVisuals,30,36,21,0.5833333333333334,0.7592592592592593
09,eeg_alpha_ts,NoVisuals,NoVisuals,60,16,8,0.5,0.78125
09,eeg_csp,FixedVideo,FixedVideo,1,1192,565,0.473993288590604,0.47077834331786855
09,eeg_csp,FixedVideo,FixedVideo,2,596,277,0.46476510067114096,0.44306562767442903
09,eeg_csp,FixedVideo,FixedVideo,5,236,109,0.461864406779661,0.449439816144786
09,eeg_csp,FixedVideo,FixedVideo,10,116,49,0.4224137931034483,0.43162901307966706
09,eeg_csp,FixedVideo,FixedVideo,30,36,15,0.4166666666666667,0.4506172839506173
09,eeg_csp,FixedVideo,FixedVideo,60,16,8,0.5,0.4375
09,eeg_csp,FixedVideo,MovingTargetNoise,1,1192,594,0.4983221476510067,0.4271429214900229
09,eeg_csp,FixedVideo,MovingTargetNoise,2,596,273,0.45805369127516776,0.41172694923652087
09,eeg_csp,FixedVideo,MovingTargetNoise,5,236,111,0.4703389830508475,0.4816862970410801
09,eeg_csp,FixedVideo,MovingTargetNoise,10,116,60,0.5172413793103449,0.4892984542211653
09,eeg_csp,FixedVideo,MovingTargetNoise,30,36,20,0.5555555555555556,0.4907407407407407
09,eeg_csp,FixedVideo,MovingTargetNoise,60,16,8,0.5,0.5
09,eeg_csp,FixedVideo,MovingVideo,1,1192,720,0.6040268456375839,0.5935712355299311
09,eeg_csp,FixedVideo,MovingVideo,2,596,350,0.587248322147651,0.5379374802936805
09,eeg_csp,FixedVideo,MovingVideo,5,236,149,0.6313559322033898,0.5568802068371157
09,eeg_csp,FixedVideo,MovingVideo,10,116,70,0.603448275862069,0.5808561236623069
09,eeg_csp,FixedVideo,MovingVideo,30,36,21,0.5833333333333334,0.6296296296296297
09,eeg_csp,FixedVideo,MovingVideo,60,16,8,0.5,0.5625
09,eeg_csp,FixedVideo,NoVisuals,1,1192,458,0.38422818791946306,0.26099049592360707
09,eeg_csp,FixedVideo,NoVisuals,2,596,233,0.39093959731543626,0.2814512859781091
09,eeg_csp,FixedVideo,NoVisuals,5,236,101,0.4279661016949153,0.3427176098822177
09,eeg_csp,FixedVideo,NoVisuals,10,116,50,0.43103448275862066,0.3284780023781213
09,eeg_csp,FixedVideo,NoVisuals,30,36,15,0.4166666666666667,0.2993827160493827
09,eeg_csp,FixedVideo,NoVisuals,60,16,6,0.375,0.25
09,eeg_csp,MovingTargetNoise,FixedVideo,1,1192,727,0.6098993288590604,0.6577856853294897
09,eeg_csp,MovingTargetNoise,FixedVideo,2,596,359,0.6023489932885906,0.6210418449619386
09,eeg_csp,MovingTargetNoise,FixedVideo,5,236,150,0.635593220338983,0.6618069520252801
09,eeg_csp,MovingTargetNoise,FixedVideo,10,116,80,0.6896551724137931,0.6941141498216408
09,eeg_csp,MovingTargetNoise,FixedVideo,30,36,24,0.6666666666666666,0.7160493827160493
09,eeg_csp,MovingTargetNoise,FixedVideo,60,16,10,0.625,0.78125
09,eeg_csp,MovingTargetNoise,MovingTargetNoise,1,1192,545,0.45721476510067116,0.3248783838565831
09,eeg_csp,MovingTargetNoise,MovingTargetNoise,2,596,262,0.4395973154362416,0.29579748659970273
09,eeg_csp,MovingTargetNoise,MovingTargetNoise,5,236,101,0.4279661016949153,0.3040792875610457
09,eeg_csp,MovingTargetNoise,MovingTargetNoise,10,116,48,0.41379310344827586,0.2877526753864447
09,eeg_csp,MovingTargetNoise,MovingTargetNoise,30,36,14,0.3888888888888889,0.2222222222222222
09,eeg_csp,MovingTargetNoise,MovingTargetNoise,60,16,7,0.4375,0.1875
09,eeg_csp,MovingTargetNoise,MovingVideo,1,1192,672,0.5637583892617449,0.6061185306968154
09,eeg_csp,MovingTargetNoise,MovingVideo,2,596,349,0.5855704697986577,0.6328431151749921
09,eeg_csp,MovingTargetNoise,MovingVideo,5,236,135,0.5720338983050848,0.6667624245906348
09,eeg_csp,MovingTargetNoise,MovingVideo,10,116,68,0.5862068965517241,0.6846016646848989
09,eeg_csp,MovingTargetNoise,MovingVideo,30,36,23,0.6388888888888888,0.7376543209876543
09,eeg_csp,MovingTargetNoise,MovingVideo,60,16,10,0.625,0.765625
09,eeg_csp,MovingTargetNoise,NoVisuals,1,1192,597,0.5008389261744967,0.5019818927075357
09,eeg_csp,MovingTargetNoise,NoVisuals,2,596,294,0.49328859060402686,0.5056754200261249
09,eeg_csp,MovingTargetNoise,NoVisuals,5,236,123,0.5211864406779662,0.5056018385521401
09,eeg_csp,MovingTargetNoise,NoVisuals,10,116,63,0.5431034482758621,0.5276456599286564
09,eeg_csp,MovingTargetNoise,NoVisuals,30,36,19,0.5277777777777778,0.558641975308642
09,eeg_csp,MovingTargetNoise,NoVisuals,60,16,7,0.4375,0.46875
09,eeg_csp,MovingVideo,FixedVideo,1,1192,598,0.5016778523489933,0.5854100040538714
09,eeg_csp,MovingVideo,FixedVideo,2,596,306,0.5134228187919463,0.5827552812936354
09,eeg_csp,MovingVideo,FixedVideo,5,236,119,0.5042372881355932,0.6039931054294743
09,eeg_csp,MovingVideo,FixedVideo,10,116,56,0.4827586206896552,0.5826397146254458
09,eeg_csp,MovingVideo,FixedVideo,30,36,19,0.5277777777777778,0.6728395061728395
09,eeg_csp,MovingVideo,FixedVideo,60,16,10,0.625,0.859375
09,eeg_csp,MovingVideo,MovingTargetNoise,1,1192,716,0.6006711409395973,0.6771767037520833
09,eeg_csp,MovingVideo,MovingTargetNoise,2,596,357,0.5989932885906041,0.6568848250078826
09,eeg_csp,MovingVideo,MovingTargetNoise,5,236,142,0.6016949152542372,0.7299626544096525
09,eeg_csp,MovingVideo,MovingTargetNoise,10,116,71,0.6120689655172413,0.7434601664684899
09,eeg_csp,MovingVideo,MovingTargetNoise,30,36,24,0.6666666666666666,0.8055555555555556
09,eeg_csp,MovingVideo,MovingTargetNoise,60,16,9,0.5625,0.9375
09,eeg_csp,MovingVideo,MovingVideo,1,1192,669,0.5612416107382551,0.5091831449033828
09,eeg_csp,MovingVideo,MovingVideo,2,596,333,0.5587248322147651,0.4786270888698707
09,eeg_csp,MovingVideo,MovingVideo,5,236,130,0.5508474576271186,0.529445561620224
09,eeg_csp,MovingVideo,MovingVideo,10,116,67,0.5775862068965517,0.5529131985731273
09,eeg_csp,MovingVideo,MovingVideo,30,36,21,0.5833333333333334,0.6234567901234568
09,eeg_csp,MovingVideo,MovingVideo,60,16,8,0.5,0.625
09,eeg_csp,MovingVideo,NoVisuals,1,1192,605,0.5075503355704698,0.44865096166839336
09,eeg_csp,MovingVideo,NoVisuals,2,596,305,0.511744966442953,0.46845862798973026
09,eeg_csp,MovingVideo,NoVisuals,5,236,107,0.4533898305084746,0.3861677678827923
09,eeg_csp,MovingVideo,NoVisuals,10,116,52,0.4482758620689655,0.3686087990487515
09,eeg_csp,MovingVideo,NoVisuals,30,36,15,0.4166666666666667,0.35802469135802467
09,eeg_csp,MovingVideo,NoVisuals,60,16,7,0.4375,0.328125
09,eeg_csp,NoVisuals,FixedVideo,1,1192,449,0.3766778523489933,0.3637251700373857
09,eeg_csp,NoVisuals,FixedVideo,2,596,199,0.3338926174496644,0.3452434575019143
09,eeg_csp,NoVisuals,FixedVideo,5,236,77,0.326271186440678,0.34602125825912095
09,eeg_csp,NoVisuals,FixedVideo,10,116,33,0.28448275862068967,0.32936979785969084
09,eeg_csp,NoVisuals,FixedVideo,30,36,10,0.2777777777777778,0.22530864197530864
09,eeg_csp,NoVisuals,FixedVideo,60,16,4,0.25,0.125
09,eeg_csp,NoVisuals,MovingTargetNoise,1,1192,681,0.5713087248322147,0.6177705959191028
09,eeg_csp,NoVisuals,MovingTargetNoise,2,596,336,0.5637583892617449,0.5373969641007161
09,eeg_csp,NoVisuals,MovingTargetNoise,5,236,122,0.5169491525423728,0.509695489801781
09,eeg_csp,NoVisuals,MovingTargetNoise,10,116,52,0.4482758620689655,0.49375743162901303
09,eeg_csp,NoVisuals,MovingTargetNoise,30,36,14,0.3888888888888889,0.47530864197530864
09,eeg_csp,NoVisuals,MovingTargetNoise,60,16,6,0.375,0.40625
09,eeg_csp,NoVisuals,MovingVideo,1,1192,467,0.39177852348993286,0.328152448087924
09,eeg_csp,NoVisuals,MovingVideo,2,596,238,0.39932885906040266,0.3609409486059187
09,eeg_csp,NoVisuals,MovingVideo,5,236,92,0.3898305084745763,0.3302930192473427
09,eeg_csp,NoVisuals,MovingVideo,10,116,46,0.39655172413793105,0.3139120095124851
09,eeg_csp,NoVisuals,MovingVideo,30,36,14,0.3888888888888889,0.28703703703703703
09,eeg_csp,NoVisuals,MovingVideo,60,16,7,0.4375,0.3125
09,eeg_csp,NoVisuals,NoVisuals,1,1192,581,0.4874161073825503,0.4843531822890861
09,eeg_csp,NoVisuals,NoVisuals,2,596,288,0.48322147651006714,0.4905409666231251
09,eeg_csp,NoVisuals,NoVisuals,5,236,121,0.5127118644067796,0.5024418270611893
09,eeg_csp,NoVisuals,NoVisuals,10,116,58,0.5,0.5309155766944115
09,eeg_csp,NoVisuals,NoVisuals,30,36,19,0.5277777777777778,0.5432098765432098
09,eeg_csp,NoVisuals,NoVisuals,60,16,8,0.5,0.75
09,eeg_eogreg_ts,FixedVideo,FixedVideo,1,1192,473,0.39681208053691275,0.3470733300301788
09,eeg_eogreg_ts,FixedVideo,FixedVideo,2,596,210,0.3523489932885906,0.325007882527814
09,eeg_eogreg_ts,FixedVideo,FixedVideo,5,236,84,0.3559322033898305,0.3056592933065211
09,eeg_eogreg_ts,FixedVideo,FixedVideo,10,116,41,0.35344827586206895,0.2556480380499405
09,eeg_eogreg_ts,FixedVideo,FixedVideo,30,36,8,0.2222222222222222,0.19135802469135804
09,eeg_eogreg_ts,FixedVideo,FixedVideo,60,16,3,0.1875,0.09375
09,eeg_eogreg_ts,FixedVideo,MovingTargetNoise,1,1192,605,0.5075503355704698,0.5245878564028648
09,eeg_eogreg_ts,FixedVideo,MovingTargetNoise,2,596,309,0.5184563758389261,0.51136210080627
09,eeg_eogreg_ts,FixedVideo,MovingTargetNoise,5,236,120,0.5084745762711864,0.5006463659867855
09,eeg_eogreg_ts,FixedVideo,MovingTargetNoise,10,116,62,0.5344827586206896,0.5356718192627824
09,eeg_eogreg_ts,FixedVideo,MovingTargetNoise,30,36,20,0.5555555555555556,0.5401234567901234
09,eeg_eogreg_ts,FixedVideo,MovingTargetNoise,60,16,9,0.5625,0.578125
09,eeg_eogreg_ts,FixedVideo,MovingVideo,1,1192,730,0.6124161073825504,0.6721797441556686
09,eeg_eogreg_ts,FixedVideo,MovingVideo,2,596,368,0.6174496644295302,0.6740124318724382
09,eeg_eogreg_ts,FixedVideo,MovingVideo,5,236,147,0.6228813559322034,0.6740879057742027
09,eeg_eogreg_ts,FixedVideo,MovingVideo,10,116,75,0.646551724137931,0.6881688466111772
09,eeg_eogreg_ts,FixedVideo,MovingVideo,30,36,23,0.6388888888888888,0.7376543209876543
09,eeg_eogreg_ts,FixedVideo,MovingVideo,60,16,11,0.6875,0.75
09,eeg_eogreg_ts,FixedVideo,NoVisuals,1,1192,589,0.4941275167785235,0.464154204765551
09,eeg_eogreg_ts,FixedVideo,NoVisuals,2,596,297,0.4983221476510067,0.44690554479527955
09,eeg_eogreg_ts,FixedVideo,NoVisuals,5,236,114,0.4830508474576271,0.40721057167480607
09,eeg_eogreg_ts,FixedVideo,NoVisuals,10,116,56,0.4827586206896552,0.3938763376932224
09,eeg_eogreg_ts,FixedVideo,NoVisuals,30,36,18,0.5,0.3302469135802469
09,eeg_eogreg_ts,FixedVideo,NoVisuals,60,16,8,0.5,0.265625
09,eeg_eogreg_ts,MovingTargetNoise,FixedVideo,1,1192,622,0.5218120805369127,0.5368480023422368
09,eeg_eogreg_ts,MovingTargetNoise,FixedVideo,2,596,309,0.5184563758389261,0.5437592901220666
09,eeg_eogreg_ts,MovingTargetNoise,FixedVideo,5,236,124,0.5254237288135594,0.5364837690318874
09,eeg_eogreg_ts,MovingTargetNoise,FixedVideo,10,116,61,0.5258620689655172,0.558858501783591
09,eeg_eogreg_ts,MovingTargetNoise,FixedVideo,30,36,22,0.6111111111111112,0.617283950617284
09,eeg_eogreg_ts,MovingTargetNoise,FixedVideo,60,16,10,0.625,0.625
09,eeg_eogreg_ts,MovingTargetNoise,MovingTargetNoise,1,1192,533,0.4471476510067114,0.3745720913472366
09,eeg_eogreg_ts,MovingTargetNoise,MovingTargetNoise,2,596,274,0.4597315436241611,0.35232647178055043
09,eeg_eogreg_ts,MovingTargetNoise,MovingTargetNoise,5,236,112,0.4745762711864407,0.3332375754093651
09,eeg_eogreg_ts,MovingTargetNoise,MovingTargetNoise,10,116,57,0.49137931034482757,0.2984542211652794
09,eeg_eogreg_ts,MovingTargetNoise,MovingTargetNoise,30,36,18,0.5,0.22222222222222224
09,eeg_eogreg_ts,MovingTargetNoise,MovingTargetNoise,60,16,8,0.5,0.15625
09,eeg_eogreg_ts,MovingTargetNoise,MovingVideo,1,1192,701,0.5880872483221476,0.6181027881626955
09,eeg_eogreg_ts,MovingTargetNoise,MovingVideo,2,596,342,0.5738255033557047,0.6076415476780326
09,eeg_eogreg_ts,MovingTargetNoise,MovingVideo,5,236,138,0.5847457627118644,0.6200086182131572
09,eeg_eogreg_ts,MovingTargetNoise,MovingVideo,10,116,70,0.603448275862069,0.632282996432818
09,eeg_eogreg_ts,MovingTargetNoise,MovingVideo,30,36,25,0.6944444444444444,0.6234567901234568
09,eeg_eogreg_ts,MovingTargetNoise,MovingVideo,60,16,11,0.6875,0.59375
09,eeg_eogreg_ts,MovingTargetNoise,NoVisuals,1,1192,644,0.540268456375839,0.5602985225890726
09,eeg_eogreg_ts,MovingTargetNoise,NoVisuals,2,596,291,0.48825503355704697,0.5071393180487366
09,eeg_eogreg_ts,MovingTargetNoise,NoVisuals,5,236,120,0.5084745762711864,0.5148664176960643
09,eeg_eogreg_ts,MovingTargetNoise,NoVisuals,10,116,64,0.5517241379310345,0.5285374554102259
09,eeg_eogreg_ts,MovingTargetNoise,NoVisuals,30,36,20,0.5555555555555556,0.5679012345679013
09,eeg_eogreg_ts,MovingTargetNoise,NoVisuals,60,16,11,0.6875,0.484375
09,eeg_eogreg_ts,MovingVideo,FixedVideo,1,1192,638,0.535234899328859,0.5479511058060448
09,eeg_eogreg_ts,MovingVideo,FixedVideo,2,596,310,0.5201342281879194,0.5256857799198235
09,eeg_eogreg_ts,MovingVideo,FixedVideo,5,236,124,0.5254237288135594,0.5248491812697501
09,eeg_eogreg_ts,MovingVideo,FixedVideo,10,116,56,0.4827586206896552,0.5169441141498217
09,eeg_eogreg_ts,MovingVideo,FixedVideo,30,36,19,0.5277777777777778,0.5524691358024691
09,eeg_eogreg_ts,MovingVideo,FixedVideo,60,16,9,0.5625,0.546875
09,eeg_eogreg_ts,MovingVideo,MovingTargetNoise,1,1192,659,0.5528523489932886,0.5817587045628575
09,eeg_eogreg_ts,MovingVideo,MovingTargetNoise,2,596,325,0.5453020134228188,0.5650083329579749
09,eeg_eogreg_ts,MovingVideo,MovingTargetNoise,5,236,126,0.5338983050847458,0.5875466819879345
09,eeg_eogreg_ts,MovingVideo,MovingTargetNoise,10,116,61,0.5258620689655172,0.6123662306777645
09,eeg_eogreg_ts,MovingVideo,MovingTargetNoise,30,36,17,0.4722222222222222,0.7037037037037037
09,eeg_eogreg_ts,MovingVideo,MovingTargetNoise,60,16,9,0.5625,0.78125
09,eeg_eogreg_ts,MovingVideo,MovingVideo,1,1192,586,0.49161073825503354,0.4810368902301698
09,eeg_eogreg_ts,MovingVideo,MovingVideo,2,596,293,0.49161073825503354,0.47223098058646007
09,eeg_eogreg_ts,MovingVideo,MovingVideo,5,236,117,0.4957627118644068,0.5002872737719046
09,eeg_eogreg_ts,MovingVideo,MovingVideo,10,116,55,0.47413793103448276,0.5005945303210464
09,eeg_eogreg_ts,MovingVideo,MovingVideo,30,36,17,0.4722222222222222,0.49382716049382713
09,eeg_eogreg_ts,MovingVideo,MovingVideo,60,16,8,0.5,0.4375
09,eeg_eogreg_ts,MovingVideo,NoVisuals,1,1192,616,0.5167785234899329,0.5448966262780955
09,eeg_eogreg_ts,MovingVideo,NoVisuals,2,596,295,0.4949664429530201,0.5332304851132832
09,eeg_eogreg_ts,MovingVideo,NoVisuals,5,236,121,0.5127118644067796,0.5033754668198793
09,eeg_eogreg_ts,MovingVideo,NoVisuals,10,116,57,0.49137931034482757,0.49821640903686093
09,eeg_eogreg_ts,MovingVideo,NoVisuals,30,36,19,0.5277777777777778,0.5246913580246914
09,eeg_eogreg_ts,MovingVideo,NoVisuals,60,16,8,0.5,0.5625
09,eeg_eogreg_ts,NoVisuals,FixedVideo,1,1192,578,0.4848993288590604,0.4795926985270934
09,eeg_eogreg_ts,NoVisuals,FixedVideo,2,596,283,0.4748322147651007,0.45920228818521686
09,eeg_eogreg_ts,NoVisuals,FixedVideo,5,236,101,0.4279661016949153,0.42401608733122664
09,eeg_eogreg_ts,NoVisuals,FixedVideo,10,116,52,0.4482758620689655,0.42508917954815695
09,eeg_eogreg_ts,NoVisuals,FixedVideo,30,36,13,0.3611111111111111,0.30864197530864196
09,eeg_eogreg_ts,NoVisuals,FixedVideo,60,16,5,0.3125,0.203125
09,eeg_eogreg_ts,NoVisuals,MovingTargetNoise,1,1192,649,0.5444630872483222,0.5543246925814153
09,eeg_eogreg_ts,NoVisuals,MovingTargetNoise,2,596,335,0.5620805369127517,0.5425881717039773
09,eeg_eogreg_ts,NoVisuals,MovingTargetNoise,5,236,124,0.5254237288135594,0.5184573398448722
09,eeg_eogreg_ts,NoVisuals,MovingTargetNoise,10,116,63,0.5431034482758621,0.5124851367419738
09,eeg_eogreg_ts,NoVisuals,MovingTargetNoise,30,36,19,0.5277777777777778,0.47839506172839513
09,eeg_eogreg_ts,NoVisuals,MovingTargetNoise,60,16,9,0.5625,0.46875
09,eeg_eogreg_ts,NoVisuals,MovingVideo,1,1192,593,0.4974832214765101,0.5099995495698393
09,eeg_eogreg_ts,NoVisuals,MovingVideo,2,596,302,0.5067114093959731,0.5203594432683212
09,eeg_eogreg_ts,NoVisuals,MovingVideo,5,236,109,0.461864406779661,0.45525711002585467
09,eeg_eogreg_ts,NoVisuals,MovingVideo,10,116,59,0.5086206896551724,0.45600475624256837
09,eeg_eogreg_ts,NoVisuals,MovingVideo,30,36,19,0.5277777777777778,0.4845679012345679
09,eeg_eogreg_ts,NoVisuals,MovingVideo,60,16,9,0.5625,0.5
09,eeg_eogreg_ts,NoVisuals,NoVisuals,1,1192,637,0.5343959731543624,0.504926579883789
09,eeg_eogreg_ts,NoVisuals,NoVisuals,2,596,302,0.5067114093959731,0.47770370704022336
09,eeg_eogreg_ts,NoVisuals,NoVisuals,5,236,125,0.5296610169491526,0.5307382935937949
09,eeg_eogreg_ts,NoVisuals,NoVisuals,10,116,63,0.5431034482758621,0.5136741973840665
09,eeg_eogreg_ts,NoVisuals,NoVisuals,30,36,18,0.5,0.5
09,eeg_eogreg_ts,NoVisuals,NoVisuals,60,16,9,0.5625,0.4375
09,eeg_post_ts,FixedVideo,FixedVideo,1,1192,591,0.49580536912751677,0.4741002657537949
09,eeg_post_ts,FixedVideo,FixedVideo,2,596,287,0.4815436241610738,0.4741903517859556
09,eeg_post_ts,FixedVideo,FixedVideo,5,236,115,0.4872881355932203,0.4708417121516806
09,eeg_post_ts,FixedVideo,FixedVideo,10,116,57,0.49137931034482757,0.4791914387633769
09,eeg_post_ts,FixedVideo,FixedVideo,30,36,15,0.4166666666666667,0.45061728395061723
09,eeg_post_ts,FixedVideo,FixedVideo,60,16,7,0.4375,0.4375
09,eeg_post_ts,FixedVideo,MovingTargetNoise,1,1192,582,0.48825503355704697,0.4861267510472501
09,eeg_post_ts,FixedVideo,MovingTargetNoise,2,596,274,0.4597315436241611,0.4692806630331967
09,eeg_post_ts,FixedVideo,MovingTargetNoise,5,236,105,0.4449152542372881,0.43909796035621945
09,eeg_post_ts,FixedVideo,MovingTargetNoise,10,116,51,0.4396551724137931,0.42419738406658736
09,eeg_post_ts,FixedVideo,MovingTargetNoise,30,36,16,0.4444444444444444,0.37962962962962965
09,eeg_post_ts,FixedVideo,MovingTargetNoise,60,16,6,0.375,0.328125
09,eeg_post_ts,FixedVideo,MovingVideo,1,1192,678,0.5687919463087249,0.591031935498401
09,eeg_post_ts,FixedVideo,MovingVideo,2,596,339,0.5687919463087249,0.5754583126886176
09,eeg_post_ts,FixedVideo,MovingVideo,5,236,121,0.5127118644067796,0.5587474863544959
09,eeg_post_ts,FixedVideo,MovingVideo,10,116,62,0.5344827586206896,0.6031510107015459
09,eeg_post_ts,FixedVideo,MovingVideo,30,36,21,0.5833333333333334,0.654320987654321
09,eeg_post_ts,FixedVideo,MovingVideo,60,16,8,0.5,0.609375
09,eeg_post_ts,FixedVideo,NoVisuals,1,1192,610,0.511744966442953,0.49172334579523447
09,eeg_post_ts,FixedVideo,NoVisuals,2,596,302,0.5067114093959731,0.5007995135354263
09,eeg_post_ts,FixedVideo,NoVisuals,5,236,113,0.4788135593220339,0.4747917265153691
09,eeg_post_ts,FixedVideo,NoVisuals,10,116,54,0.46551724137931033,0.48602853745541025
09,eeg_post_ts,FixedVideo,NoVisuals,30,36,19,0.5277777777777778,0.49691358024691357
09,eeg_post_ts,FixedVideo,NoVisuals,60,16,11,0.6875,0.5625
09,eeg_post_ts,MovingTargetNoise,FixedVideo,1,1192,585,0.49077181208053694,0.48230372505742986
09,eeg_post_ts,MovingTargetNoise,FixedVideo,2,596,294,0.49328859060402686,0.48312012972388635
09,eeg_post_ts,MovingTargetNoise,FixedVideo,5,236,116,0.4915254237288136,0.4789571962079862
09,eeg_post_ts,MovingTargetNoise,FixedVideo,10,116,59,0.5086206896551724,0.47324613555291317
09,eeg_post_ts,MovingTargetNoise,FixedVideo,30,36,18,0.5,0.4753086419753086
09,eeg_post_ts,MovingTargetNoise,FixedVideo,60,16,8,0.5,0.484375
09,eeg_post_ts,MovingTargetNoise,MovingTargetNoise,1,1192,568,0.47651006711409394,0.452530291428314
09,eeg_post_ts,MovingTargetNoise,MovingTargetNoise,2,596,277,0.46476510067114096,0.42932750776992024
09,eeg_post_ts,MovingTargetNoise,MovingTargetNoise,5,236,109,0.461864406779661,0.43421430623384083
09,eeg_post_ts,MovingTargetNoise,MovingTargetNoise,10,116,51,0.4396551724137931,0.401307966706302
09,eeg_post_ts,MovingTargetNoise,MovingTargetNoise,30,36,16,0.4444444444444444,0.3395061728395061
09,eeg_post_ts,MovingTargetNoise,MovingTargetNoise,60,16,8,0.5,0.28125
09,eeg_post_ts,MovingTargetNoise,MovingVideo,1,1192,647,0.5427852348993288,0.541797103734066
09,eeg_post_ts,MovingTargetNoise,MovingVideo,2,596,311,0.5218120805369127,0.5428584298004595
09,eeg_post_ts,MovingTargetNoise,MovingVideo,5,236,143,0.6059322033898306,0.6019103705831658
09,eeg_post_ts,MovingTargetNoise,MovingVideo,10,116,71,0.6120689655172413,0.6257431629013078
09,eeg_post_ts,MovingTargetNoise,MovingVideo,30,36,24,0.6666666666666666,0.7253086419753086
09,eeg_post_ts,MovingTargetNoise,MovingVideo,60,16,12,0.75,0.6875
09,eeg_post_ts,MovingTargetNoise,NoVisuals,1,1192,541,0.4538590604026846,0.45160409441016164
09,eeg_post_ts,MovingTargetNoise,NoVisuals,2,596,266,0.4463087248322148,0.42954146209630195
09,eeg_post_ts,MovingTargetNoise,NoVisuals,5,236,98,0.4152542372881356,0.3666331513932778
09,eeg_post_ts,MovingTargetNoise,NoVisuals,10,116,48,0.41379310344827586,0.3382877526753864
09,eeg_post_ts,MovingTargetNoise,NoVisuals,30,36,12,0.3333333333333333,0.25925925925925924
09,eeg_post_ts,MovingTargetNoise,NoVisuals,60,16,5,0.3125,0.171875
09,eeg_post_ts,MovingVideo,FixedVideo,1,1192,603,0.5058724832214765,0.48522307553713795
09,eeg_post_ts,MovingVideo,FixedVideo,2,596,282,0.47315436241610737,0.48031620197288416
09,eeg_post_ts,MovingVideo,FixedVideo,5,236,109,0.461864406779661,0.4392415972421718
09,eeg_post_ts,MovingVideo,FixedVideo,10,116,49,0.4224137931034483,0.42092746730083236
09,eeg_post_ts,MovingVideo,FixedVideo,30,36,18,0.5,0.42901234567901236
09,eeg_post_ts,MovingVideo,FixedVideo,60,16,7,0.4375,0.46875
09,eeg_post_ts,MovingVideo,MovingTargetNoise,1,1192,589,0.4941275167785235,0.5038342867438403
09,eeg_post_ts,MovingVideo,MovingTargetNoise,2,596,292,0.4899328859060403,0.5021057610017566
09,eeg_post_ts,MovingVideo,MovingTargetNoise,5,236,124,0.5254237288135594,0.5263573685722494
09,eeg_post_ts,MovingVideo,MovingTargetNoise,10,116,59,0.5086206896551724,0.5309155766944114
09,eeg_post_ts,MovingVideo,MovingTargetNoise,30,36,17,0.4722222222222222,0.5740740740740741
09,eeg_post_ts,MovingVideo,MovingTargetNoise,60,16,9,0.5625,0.640625
09,eeg_post_ts,MovingVideo,MovingVideo,1,1192,624,0.5234899328859061,0.5572440430611234
09,eeg_post_ts,MovingVideo,MovingVideo,2,596,300,0.5033557046979866,0.5149768028467187
09,eeg_post_ts,MovingVideo,MovingVideo,5,236,117,0.4957627118644068,0.4760126400459638
09,eeg_post_ts,MovingVideo,MovingVideo,10,116,54,0.46551724137931033,0.47621878715814503
09,eeg_post_ts,MovingVideo,MovingVideo,30,36,19,0.5277777777777778,0.5308641975308642
09,eeg_post_ts,MovingVideo,MovingVideo,60,16,6,0.375,0.5
09,eeg_post_ts,MovingVideo,NoVisuals,1,1192,730,0.6124161073825504,0.6924125039412639
09,eeg_post_ts,MovingVideo,NoVisuals,2,596,384,0.6442953020134228,0.7136615467771722
09,eeg_post_ts,MovingVideo,NoVisuals,5,236,138,0.5847457627118644,0.662237862683137
09,eeg_post_ts,MovingVideo,NoVisuals,10,116,68,0.5862068965517241,0.6982758620689655
09,eeg_post_ts,MovingVideo,NoVisuals,30,36,21,0.5833333333333334,0.8271604938271605
09,eeg_post_ts,MovingVideo,NoVisuals,60,16,7,0.4375,0.828125
09,eeg_post_ts,NoVisuals,FixedVideo,1,1192,563,0.47231543624161076,0.47998682491779654
09,eeg_post_ts,NoVisuals,FixedVideo,2,596,294,0.49328859060402686,0.4725800639610829
09,eeg_post_ts,NoVisuals,FixedVideo,5,236,101,0.4279661016949153,0.41726515369146794
09,eeg_post_ts,NoVisuals,FixedVideo,10,116,53,0.45689655172413796,0.41141498216409034
09,eeg_post_ts,NoVisuals,FixedVideo,30,36,16,0.4444444444444444,0.32098765432098764
09,eeg_post_ts,NoVisuals,FixedVideo,60,16,8,0.5,0.328125
09,eeg_post_ts,NoVisuals,MovingTargetNoise,1,1192,553,0.4639261744966443,0.4642161389126616
09,eeg_post_ts,NoVisuals,MovingTargetNoise,2,596,276,0.46308724832214765,0.4538196477636142
09,eeg_post_ts,NoVisuals,MovingTargetNoise,5,236,107,0.4533898305084746,0.4415397874174088
09,eeg_post_ts,NoVisuals,MovingTargetNoise,10,116,49,0.4224137931034483,0.43370986920332943
09,eeg_post_ts,NoVisuals,MovingTargetNoise,30,36,15,0.4166666666666667,0.441358024691358
09,eeg_post_ts,NoVisuals,MovingTargetNoise,60,16,7,0.4375,0.359375
09,eeg_post_ts,NoVisuals,MovingVideo,1,1192,675,0.5662751677852349,0.5986920634205667
09,eeg_post_ts,NoVisuals,MovingVideo,2,596,349,0.5855704697986577,0.6184518715373182
09,eeg_post_ts,NoVisuals,MovingVideo,5,236,122,0.5169491525423728,0.570741166331514
09,eeg_post_ts,NoVisuals,MovingVideo,10,116,61,0.5258620689655172,0.6034482758620691
09,eeg_post_ts,NoVisuals,MovingVideo,30,36,18,0.5,0.6450617283950617
09,eeg_post_ts,NoVisuals,MovingVideo,60,16,9,0.5625,0.640625
09,eeg_post_ts,NoVisuals,NoVisuals,1,1192,834,0.6996644295302014,0.767285257420837
09,eeg_post_ts,NoVisuals,NoVisuals,2,596,410,0.6879194630872483,0.7534795729922075
09,eeg_post_ts,NoVisuals,NoVisuals,5,236,168,0.711864406779661,0.7631427750646366
09,eeg_post_ts,NoVisuals,NoVisuals,10,116,82,0.7068965517241379,0.7889417360285376
09,eeg_post_ts,NoVisuals,NoVisuals,30,36,27,0.75,0.8765432098765433
09,eeg_post_ts,NoVisuals,NoVisuals,60,16,11,0.6875,0.875
09,eeg_ts,FixedVideo,FixedVideo,1,1192,488,0.40939597315436244,0.36512994910139185
09,eeg_ts,FixedVideo,FixedVideo,2,596,229,0.38422818791946306,0.3509751812981397
09,eeg_ts,FixedVideo,FixedVideo,5,236,85,0.3601694915254237,0.3303648376903189
09,eeg_ts,FixedVideo,FixedVideo,10,116,33,0.28448275862068967,0.2705112960760999
09,eeg_ts,FixedVideo,FixedVideo,30,36,11,0.3055555555555556,0.20370370370370372
09,eeg_ts,FixedVideo,FixedVideo,60,16,4,0.25,0.1875
09,eeg_ts,FixedVideo,MovingTargetNoise,1,1192,598,0.5016778523489933,0.5121390928336562
09,eeg_ts,FixedVideo,MovingTargetNoise,2,596,306,0.5134228187919463,0.5008445565515067
09,eeg_ts,FixedVideo,MovingTargetNoise,5,236,117,0.4957627118644068,0.46365986785406493
09,eeg_ts,FixedVideo,MovingTargetNoise,10,116,62,0.5344827586206896,0.46105826397146255
09,eeg_ts,FixedVideo,MovingTargetNoise,30,36,20,0.5555555555555556,0.4506172839506173
09,eeg_ts,FixedVideo,MovingTargetNoise,60,16,8,0.5,0.484375
09,eeg_ts,FixedVideo,MovingVideo,1,1192,741,0.6216442953020134,0.66918719877483
09,eeg_ts,FixedVideo,MovingVideo,2,596,381,0.639261744966443,0.694067834782217
09,eeg_ts,FixedVideo,MovingVideo,5,236,156,0.6610169491525424,0.7042516518241884
09,eeg_ts,FixedVideo,MovingVideo,10,116,80,0.6896551724137931,0.7348394768133175
09,eeg_ts,FixedVideo,MovingVideo,30,36,27,0.75,0.7746913580246915
09,eeg_ts,FixedVideo,MovingVideo,60,16,11,0.6875,0.828125
09,eeg_ts,FixedVideo,NoVisuals,1,1192,606,0.5083892617449665,0.5065115310121165
09,eeg_ts,FixedVideo,NoVisuals,2,596,311,0.5218120805369127,0.5177919913517409
09,eeg_ts,FixedVideo,NoVisuals,5,236,121,0.5127118644067796,0.5201809824763
09,eeg_ts,FixedVideo,NoVisuals,10,116,58,0.5,0.5332936979785968
09,eeg_ts,FixedVideo,NoVisuals,30,36,20,0.5555555555555556,0.5339506172839505
09,eeg_ts,FixedVideo,NoVisuals,60,16,9,0.5625,0.484375
09,eeg_ts,MovingTargetNoise,FixedVideo,1,1192,611,0.5125838926174496,0.5049068735642538
09,eeg_ts,MovingTargetNoise,FixedVideo,2,596,298,0.5,0.5171388676185757
09,eeg_ts,MovingTargetNoise,FixedVideo,5,236,120,0.5084745762711864,0.47234989945417977
09,eeg_ts,MovingTargetNoise,FixedVideo,10,116,58,0.5,0.49613555291319855
09,eeg_ts,MovingTargetNoise,FixedVideo,30,36,18,0.5,0.48456790123456794
09,eeg_ts,MovingTargetNoise,FixedVideo,60,16,8,0.5,0.515625
09,eeg_ts,MovingTargetNoise,MovingTargetNoise,1,1192,559,0.46895973154362414,0.4002240890049998
09,eeg_ts,MovingTargetNoise,MovingTargetNoise,2,596,287,0.4815436241610738,0.3889914868699608
09,eeg_ts,MovingTargetNoise,MovingTargetNoise,5,236,115,0.4872881355932203,0.4176960643493249
09,eeg_ts,MovingTargetNoise,MovingTargetNoise,10,116,56,0.4827586206896552,0.41914387633769323
09,eeg_ts,MovingTargetNoise,MovingTargetNoise,30,36,18,0.5,0.3703703703703704
09,eeg_ts,MovingTargetNoise,MovingTargetNoise,60,16,8,0.5,0.375
09,eeg_ts,MovingTargetNoise,MovingVideo,1,1192,684,0.5738255033557047,0.6057215891176073
09,eeg_ts,MovingTargetNoise,MovingVideo,2,596,354,0.5939597315436241,0.6110760776541597
09,eeg_ts,MovingTargetNoise,MovingVideo,5,236,140,0.5932203389830508,0.6169204251651825
09,eeg_ts,MovingTargetNoise,MovingVideo,10,116,73,0.6293103448275862,0.6334720570749108
09,eeg_ts,MovingTargetNoise,MovingVideo,30,36,23,0.6388888888888888,0.595679012345679
09,eeg_ts,MovingTargetNoise,MovingVideo,60,16,10,0.625,0.59375
09,eeg_ts,MovingTargetNoise,NoVisuals,1,1192,695,0.5830536912751678,0.5975519120760325
09,eeg_ts,MovingTargetNoise,NoVisuals,2,596,317,0.5318791946308725,0.5441759380208099
09,eeg_ts,MovingTargetNoise,NoVisuals,5,236,112,0.4745762711864407,0.48692904337833953
09,eeg_ts,MovingTargetNoise,NoVisuals,10,116,61,0.5258620689655172,0.4958382877526754
09,eeg_ts,MovingTargetNoise,NoVisuals,30,36,22,0.6111111111111112,0.5308641975308642
09,eeg_ts,MovingTargetNoise,NoVisuals,60,16,10,0.625,0.5
09,eeg_ts,MovingVideo,FixedVideo,1,1192,657,0.5511744966442953,0.5581223818746903
09,eeg_ts,MovingVideo,FixedVideo,2,596,318,0.5335570469798657,0.5369240124318724
09,eeg_ts,MovingVideo,FixedVideo,5,236,130,0.5508474576271186,0.5413674231542661
09,eeg_ts,MovingVideo,FixedVideo,10,116,60,0.5172413793103449,0.5419143876337693
09,eeg_ts,MovingVideo,FixedVideo,30,36,20,0.5555555555555556,0.611111111111111
09,eeg_ts,MovingVideo,FixedVideo,60,16,10,0.625,0.65625
09,eeg_ts,MovingVideo,MovingTargetNoise,1,1192,691,0.5796979865771812,0.6114420521598126
09,eeg_ts,MovingVideo,MovingTargetNoise,2,596,331,0.5553691275167785,0.5930926534840772
09,eeg_ts,MovingVideo,MovingTargetNoise,5,236,131,0.5550847457627118,0.5970267164607872
09,eeg_ts,MovingVideo,MovingTargetNoise,10,116,61,0.5258620689655172,0.62128418549346
09,eeg_ts,MovingVideo,MovingTargetNoise,30,36,19,0.5277777777777778,0.6666666666666666
09,eeg_ts,MovingVideo,MovingTargetNoise,60,16,8,0.5,0.78125
09,eeg_ts,MovingVideo,MovingVideo,1,1192,622,0.5218120805369127,0.5499020314400253
09,eeg_ts,MovingVideo,MovingVideo,2,596,304,0.5100671140939598,0.5283095356065042
09,eeg_ts,MovingVideo,MovingVideo,5,236,119,0.5042372881355932,0.559752944556162
09,eeg_ts,MovingVideo,MovingVideo,10,116,58,0.5,0.5784780023781213
09,eeg_ts,MovingVideo,MovingVideo,30,36,17,0.4722222222222222,0.617283950617284
09,eeg_ts,MovingVideo,MovingVideo,60,16,8,0.5,0.625
09,eeg_ts,MovingVideo,NoVisuals,1,1192,603,0.5058724832214765,0.5330052700328813
09,eeg_ts,MovingVideo,NoVisuals,2,596,293,0.49161073825503354,0.5106639340570245
09,eeg_ts,MovingVideo,NoVisuals,5,236,109,0.461864406779661,0.46768170066072967
09,eeg_ts,MovingVideo,NoVisuals,10,116,55,0.47413793103448276,0.4542211652794293
09,eeg_ts,MovingVideo,NoVisuals,30,36,18,0.5,0.43827160493827155
09,eeg_ts,MovingVideo,NoVisuals,60,16,8,0.5,0.4375
09,eeg_ts,NoVisuals,FixedVideo,1,1192,614,0.5151006711409396,0.5290696365028602
09,eeg_ts,NoVisuals,FixedVideo,2,596,309,0.5184563758389261,0.5126796090266205
09,eeg_ts,NoVisuals,FixedVideo,5,236,117,0.4957627118644068,0.5044527434645217
09,eeg_ts,NoVisuals,FixedVideo,10,116,62,0.5344827586206896,0.5228894173602853
09,eeg_ts,NoVisuals,FixedVideo,30,36,15,0.4166666666666667,0.4814814814814815
09,eeg_ts,NoVisuals,FixedVideo,60,16,6,0.375,0.40625
09,eeg_ts,NoVisuals,MovingTargetNoise,1,1192,639,0.5360738255033557,0.5454821854871402
09,eeg_ts,NoVisuals,MovingTargetNoise,2,596,320,0.5369127516778524,0.545200666636638
09,eeg_ts,NoVisuals,MovingTargetNoise,5,236,129,0.5466101694915254,0.5273628267739155
09,eeg_ts,NoVisuals,MovingTargetNoise,10,116,63,0.5431034482758621,0.5240784780023782
09,eeg_ts,NoVisuals,MovingTargetNoise,30,36,19,0.5277777777777778,0.4969135802469136
09,eeg_ts,NoVisuals,MovingTargetNoise,60,16,10,0.625,0.53125
09,eeg_ts,NoVisuals,MovingVideo,1,1192,596,0.5,0.5048505697941534
09,eeg_ts,NoVisuals,MovingVideo,2,596,295,0.4949664429530201,0.4861380118012702
09,eeg_ts,NoVisuals,MovingVideo,5,236,104,0.4406779661016949,0.46286986498132715
09,eeg_ts,NoVisuals,MovingVideo,10,116,58,0.5,0.46254458977407853
09,eeg_ts,NoVisuals,MovingVideo,30,36,20,0.5555555555555556,0.47530864197530864
09,eeg_ts,NoVisuals,MovingVideo,60,16,8,0.5,0.40625
09,eeg_ts,NoVisuals,NoVisuals,1,1192,626,0.5251677852348994,0.5310796810954461
09,eeg_ts,NoVisuals,NoVisuals,2,596,315,0.5285234899328859,0.5155173190396829
09,eeg_ts,NoVisuals,NoVisuals,5,236,123,0.5211864406779662,0.5703820741166332
09,eeg_ts,NoVisuals,NoVisuals,10,116,65,0.5603448275862069,0.5612366230677763
09,eeg_ts,NoVisuals,NoVisuals,30,36,19,0.5277777777777778,0.5
09,eeg_ts,NoVisuals,NoVisuals,60,16,8,0.5,0.5625
09,eog_ts,FixedVideo,FixedVideo,1,1192,531,0.44546979865771813,0.39066370884194407
09,eog_ts,FixedVideo,FixedVideo,2,596,276,0.46308724832214765,0.4080446826719517
09,eog_ts,FixedVideo,FixedVideo,5,236,89,0.3771186440677966,0.3237575409365125
09,eog_ts,FixedVideo,FixedVideo,10,116,41,0.35344827586206895,0.2639714625445898
09,eog_ts,FixedVideo,FixedVideo,30,36,11,0.3055555555555556,0.154320987654321
09,eog_ts,FixedVideo,FixedVideo,60,16,3,0.1875,0.0625
09,eog_ts,FixedVideo,MovingTargetNoise,1,1192,655,0.549496644295302,0.5757426467276249
09,eog_ts,FixedVideo,MovingTargetNoise,2,596,324,0.5436241610738255,0.5894554299355885
09,eog_ts,FixedVideo,MovingTargetNoise,5,236,127,0.538135593220339,0.5596811261131859
09,eog_ts,FixedVideo,MovingTargetNoise,10,116,62,0.5344827586206896,0.584423305588585
09,eog_ts,FixedVideo,MovingTargetNoise,30,36,20,0.5555555555555556,0.6203703703703703
09,eog_ts,FixedVideo,MovingTargetNoise,60,16,9,0.5625,0.796875
09,eog_ts,FixedVideo,MovingVideo,1,1192,499,0.4186241610738255,0.3853570785099771
09,eog_ts,FixedVideo,MovingVideo,2,596,222,0.3724832214765101,0.3468199630647268
09,eog_ts,FixedVideo,MovingVideo,5,236,87,0.3686440677966102,0.33761850043091063
09,eog_ts,FixedVideo,MovingVideo,10,116,35,0.3017241379310345,0.2996432818073722
09,eog_ts,FixedVideo,MovingVideo,30,36,10,0.2777777777777778,0.16666666666666666
09,eog_ts,FixedVideo,MovingVideo,60,16,3,0.1875,0.09375
09,eog_ts,FixedVideo,NoVisuals,1,1192,753,0.6317114093959731,0.6792149002297194
09,eog_ts,FixedVideo,NoVisuals,2,596,387,0.6493288590604027,0.7143597135264178
09,eog_ts,FixedVideo,NoVisuals,5,236,158,0.6694915254237288,0.722852628555013
09,eog_ts,FixedVideo,NoVisuals,10,116,76,0.6551724137931034,0.7363258026159334
09,eog_ts,FixedVideo,NoVisuals,30,36,26,0.7222222222222222,0.7283950617283951
09,eog_ts,FixedVideo,NoVisuals,60,16,11,0.6875,0.71875
09,eog_ts,MovingTargetNoise,FixedVideo,1,1192,672,0.5637583892617449,0.5996238908157291
09,eog_ts,MovingTargetNoise,FixedVideo,2,596,344,0.5771812080536913,0.6071235529931085
09,eog_ts,MovingTargetNoise,FixedVideo,5,236,129,0.5466101694915254,0.5668629704108015
09,eog_ts,MovingTargetNoise,FixedVideo,10,116,62,0.5344827586206896,0.5802615933412604
09,eog_ts,MovingTargetNoise,FixedVideo,30,36,20,0.5555555555555556,0.5833333333333334
09,eog_ts,MovingTargetNoise,FixedVideo,60,16,9,0.5625,0.59375
09,eog_ts,MovingTargetNoise,MovingTargetNoise,1,1192,569,0.4773489932885906,0.4730079726138462
09,eog_ts,MovingTargetNoise,MovingTargetNoise,2,596,283,0.4748322147651007,0.47036169541912526
09,eog_ts,MovingTargetNoise,MovingTargetNoise,5,236,111,0.4703389830508475,0.4688307957483482
09,eog_ts,MovingTargetNoise,MovingTargetNoise,10,116,57,0.49137931034482757,0.49464922711058257
09,eog_ts,MovingTargetNoise,MovingTargetNoise,30,36,17,0.4722222222222222,0.5061728395061729
09,eog_ts,MovingTargetNoise,MovingTargetNoise,60,16,7,0.4375,0.5625
09,eog_ts,MovingTargetNoise,MovingVideo,1,1192,540,0.45302013422818793,0.44428741948560874
09,eog_ts,MovingTargetNoise,MovingVideo,2,596,270,0.45302013422818793,0.4291473357055989
09,eog_ts,MovingTargetNoise,MovingVideo,5,236,102,0.4322033898305085,0.4108733122665901
09,eog_ts,MovingTargetNoise,MovingVideo,10,116,50,0.43103448275862066,0.4066587395957194
09,eog_ts,MovingTargetNoise,MovingVideo,30,36,13,0.3611111111111111,0.39814814814814814
09,eog_ts,MovingTargetNoise,MovingVideo,60,16,6,0.375,0.359375
09,eog_ts,MovingTargetNoise,NoVisuals,1,1192,790,0.662751677852349,0.7068684969145533
09,eog_ts,MovingTargetNoise,NoVisuals,2,596,419,0.7030201342281879,0.7399103643980001
09,eog_ts,MovingTargetNoise,NoVisuals,5,236,172,0.7288135593220338,0.7763573685722494
09,eog_ts,MovingTargetNoise,NoVisuals,10,116,82,0.7068965517241379,0.8252080856123662
09,eog_ts,MovingTargetNoise,NoVisuals,30,36,28,0.7777777777777778,0.9567901234567902
09,eog_ts,MovingTargetNoise,NoVisuals,60,16,12,0.75,1.0
09,eog_ts,MovingVideo,FixedVideo,1,1192,471,0.3951342281879195,0.3634689878834287
09,eog_ts,MovingVideo,FixedVideo,2,596,228,0.3825503355704698,0.3300864825908743
09,eog_ts,MovingVideo,FixedVideo,5,236,85,0.3601694915254237,0.2999138178684286
09,eog_ts,MovingVideo,FixedVideo,10,116,40,0.3448275862068966,0.2800237812128418
09,eog_ts,MovingVideo,FixedVideo,30,36,12,0.3333333333333333,0.25617283950617287
09,eog_ts,MovingVideo,FixedVideo,60,16,6,0.375,0.28125
09,eog_ts,MovingVideo,MovingTargetNoise,1,1192,586,0.49161073825503354,0.4742832530066213
09,eog_ts,MovingVideo,MovingTargetNoise,2,596,291,0.48825503355704697,0.4704292599432458
09,eog_ts,MovingVideo,MovingTargetNoise,5,236,121,0.5127118644067796,0.44469979890835964
09,eog_ts,MovingVideo,MovingTargetNoise,10,116,54,0.46551724137931033,0.4467895362663496
09,eog_ts,MovingVideo,MovingTargetNoise,30,36,14,0.3888888888888889,0.39814814814814814
09,eog_ts,MovingVideo,MovingTargetNoise,60,16,5,0.3125,0.265625
09,eog_ts,MovingVideo,MovingVideo,1,1192,548,0.4597315436241611,0.4478289266249268
09,eog_ts,MovingVideo,MovingVideo,2,596,280,0.4697986577181208,0.47078960407188863
09,eog_ts,MovingVideo,MovingVideo,5,236,97,0.4110169491525424,0.4201378914105143
09,eog_ts,MovingVideo,MovingVideo,10,116,44,0.3793103448275862,0.38466111771700356
09,eog_ts,MovingVideo,MovingVideo,30,36,14,0.3888888888888889,0.3888888888888889
09,eog_ts,MovingVideo,MovingVideo,60,16,5,0.3125,0.3125
09,eog_ts,MovingVideo,NoVisuals,1,1192,496,0.4161073825503356,0.40047182559344174
09,eog_ts,MovingVideo,NoVisuals,2,596,240,0.40268456375838924,0.37507319490113056
09,eog_ts,MovingVideo,NoVisuals,5,236,77,0.326271186440678,0.299626544096524
09,eog_ts,MovingVideo,NoVisuals,10,116,39,0.33620689655172414,0.28923900118906065
09,eog_ts,MovingVideo,NoVisuals,30,36,11,0.3055555555555556,0.2839506172839506
09,eog_ts,MovingVideo,NoVisuals,60,16,5,0.3125,0.296875
09,eog_ts,NoVisuals,FixedVideo,1,1192,683,0.572986577181208,0.6026445880816179
09,eog_ts,NoVisuals,FixedVideo,2,596,360,0.6040268456375839,0.6176523580018919
09,eog_ts,NoVisuals,FixedVideo,5,236,136,0.576271186440678,0.6266877334099397
09,eog_ts,NoVisuals,FixedVideo,10,116,71,0.6120689655172413,0.6575505350772889
09,eog_ts,NoVisuals,FixedVideo,30,36,23,0.6388888888888888,0.6635802469135803
09,eog_ts,NoVisuals,FixedVideo,60,16,9,0.5625,0.671875
09,eog_ts,NoVisuals,MovingTargetNoise,1,1192,628,0.5268456375838926,0.6068983379127066
09,eog_ts,NoVisuals,MovingTargetNoise,2,596,325,0.5453020134228188,0.6317733435430837
09,eog_ts,NoVisuals,MovingTargetNoise,5,236,133,0.5635593220338984,0.6501005458201666
09,eog_ts,NoVisuals,MovingTargetNoise,10,116,71,0.6120689655172413,0.7083828775267538
09,eog_ts,NoVisuals,MovingTargetNoise,30,36,23,0.6388888888888888,0.8179012345679012
09,eog_ts,NoVisuals,MovingTargetNoise,60,16,9,0.5625,0.890625
09,eog_ts,NoVisuals,MovingVideo,1,1192,553,0.4639261744966443,0.46621492275122745
09,eog_ts,NoVisuals,MovingVideo,2,596,272,0.4563758389261745,0.4601594522769245
09,eog_ts,NoVisuals,MovingVideo,5,236,102,0.4322033898305085,0.439816144785981
09,eog_ts,NoVisuals,MovingVideo,10,116,48,0.41379310344827586,0.41319857312722946
09,eog_ts,NoVisuals,MovingVideo,30,36,11,0.3055555555555556,0.3703703703703704
09,eog_ts,NoVisuals,MovingVideo,60,16,5,0.3125,0.40625
09,eog_ts,NoVisuals,NoVisuals,1,1192,706,0.5922818791946308,0.6433325075447052
09,eog_ts,NoVisuals,NoVisuals,2,596,369,0.6191275167785235,0.7004414215575875
09,eog_ts,NoVisuals,NoVisuals,5,236,159,0.673728813559322,0.7513645504165469
09,eog_ts,NoVisuals,NoVisuals,10,116,83,0.7155172413793104,0.7824019024970273
09,eog_ts,NoVisuals,NoVisuals,30,36,28,0.7777777777777778,0.8580246913580247
09,eog_ts,NoVisuals,NoVisuals,60,16,12,0.75,0.8125
09,gazectrl_csp,FixedVideo,FixedVideo,1,1192,592,0.4966442953020134,0.48484865546597
09,gazectrl_csp,FixedVideo,FixedVideo,2,596,273,0.45805369127516776,0.4682221521553084
09,gazectrl_csp,FixedVideo,FixedVideo,5,236,105,0.4449152542372881,0.4429761562769319
09,gazectrl_csp,FixedVideo,FixedVideo,10,116,52,0.4482758620689655,0.4304399524375743
09,gazectrl_csp,FixedVideo,FixedVideo,30,36,16,0.4444444444444444,0.35185185185185186
09,gazectrl_csp,FixedVideo,FixedVideo,60,16,7,0.4375,0.28125
09,gazectrl_csp,FixedVideo,MovingTargetNoise,1,1192,609,0.5109060402684564,0.4942457546957344
09,gazectrl_csp,FixedVideo,MovingTargetNoise,2,596,304,0.5100671140939598,0.4986712310256295
09,gazectrl_csp,FixedVideo,MovingTargetNoise,5,236,120,0.5084745762711864,0.49296179258833667
09,gazectrl_csp,FixedVideo,MovingTargetNoise,10,116,59,0.5086206896551724,0.49019024970273484
09,gazectrl_csp,FixedVideo,MovingTargetNoise,30,36,18,0.5,0.4351851851851851
09,gazectrl_csp,FixedVideo,MovingTargetNoise,60,16,7,0.4375,0.375
09,gazectrl_csp,FixedVideo,MovingVideo,1,1192,595,0.49916107382550334,0.5007009819377506
09,gazectrl_csp,FixedVideo,MovingVideo,2,596,303,0.5083892617449665,0.5106526733030043
09,gazectrl_csp,FixedVideo,MovingVideo,5,236,128,0.5423728813559322,0.5144355070382074
09,gazectrl_csp,FixedVideo,MovingVideo,10,116,57,0.49137931034482757,0.5163495838287753
09,gazectrl_csp,FixedVideo,MovingVideo,30,36,16,0.4444444444444444,0.5339506172839507
09,gazectrl_csp,FixedVideo,MovingVideo,60,16,5,0.3125,0.5
09,gazectrl_csp,FixedVideo,NoVisuals,1,1192,585,0.49077181208053694,0.4910814828160894
09,gazectrl_csp,FixedVideo,NoVisuals,2,596,296,0.4966442953020134,0.47888608621233275
09,gazectrl_csp,FixedVideo,NoVisuals,5,236,109,0.461864406779661,0.41834243033611035
09,gazectrl_csp,FixedVideo,NoVisuals,10,116,51,0.4396551724137931,0.38436385255648037
09,gazectrl_csp,FixedVideo,NoVisuals,30,36,16,0.4444444444444444,0.32407407407407407
09,gazectrl_csp,FixedVideo,NoVisuals,60,16,7,0.4375,0.328125
09,gazectrl_csp,MovingTargetNoise,FixedVideo,1,1192,563,0.47231543624161076,0.4666034187649205
09,gazectrl_csp,MovingTargetNoise,FixedVideo,2,596,268,0.44966442953020136,0.4520066663663799
09,gazectrl_csp,MovingTargetNoise,FixedVideo,5,236,104,0.4406779661016949,0.4109451307095662
09,gazectrl_csp,MovingTargetNoise,FixedVideo,10,116,48,0.41379310344827586,0.3629607609988109
09,gazectrl_csp,MovingTargetNoise,FixedVideo,30,36,17,0.4722222222222222,0.3117283950617284
09,gazectrl_csp,MovingTargetNoise,FixedVideo,60,16,6,0.375,0.265625
09,gazectrl_csp,MovingTargetNoise,MovingTargetNoise,1,1192,614,0.5151006711409396,0.529165352912031
09,gazectrl_csp,MovingTargetNoise,MovingTargetNoise,2,596,308,0.5167785234899329,0.536867708661772
09,gazectrl_csp,MovingTargetNoise,MovingTargetNoise,5,236,122,0.5169491525423728,0.5670784257397299
09,gazectrl_csp,MovingTargetNoise,MovingTargetNoise,10,116,64,0.5517241379310345,0.595719381688466
09,gazectrl_csp,MovingTargetNoise,MovingTargetNoise,30,36,21,0.5833333333333334,0.6604938271604939
09,gazectrl_csp,MovingTargetNoise,MovingTargetNoise,60,16,9,0.5625,0.71875
09,gazectrl_csp,MovingTargetNoise,MovingVideo,1,1192,593,0.4974832214765101,0.5164660375658754
09,gazectrl_csp,MovingTargetNoise,MovingVideo,2,596,307,0.5151006711409396,0.5314850682401694
09,gazectrl_csp,MovingTargetNoise,MovingVideo,5,236,124,0.5254237288135594,0.5425165182418845
09,gazectrl_csp,MovingTargetNoise,MovingVideo,10,116,65,0.5603448275862069,0.5621284185493459
09,gazectrl_csp,MovingTargetNoise,MovingVideo,30,36,20,0.5555555555555556,0.6141975308641975
09,gazectrl_csp,MovingTargetNoise,MovingVideo,60,16,10,0.625,0.59375
09,gazectrl_csp,MovingTargetNoise,NoVisuals,1,1192,517,0.4337248322147651,0.3852472861582812
09,gazectrl_csp,MovingTargetNoise,NoVisuals,2,596,231,0.3875838926174497,0.3714021890905815
09,gazectrl_csp,MovingTargetNoise,NoVisuals,5,236,90,0.3813559322033898,0.3532749209997127
09,gazectrl_csp,MovingTargetNoise,NoVisuals,10,116,45,0.3879310344827586,0.32520808561236625
09,gazectrl_csp,MovingTargetNoise,NoVisuals,30,36,14,0.3888888888888889,0.24074074074074076
09,gazectrl_csp,MovingTargetNoise,NoVisuals,60,16,7,0.4375,0.09375
09,gazectrl_csp,MovingVideo,FixedVideo,1,1192,573,0.48070469798657717,0.4755303815143462
09,gazectrl_csp,MovingVideo,FixedVideo,2,596,289,0.4848993288590604,0.4767352821944957
09,gazectrl_csp,MovingVideo,FixedVideo,5,236,121,0.5127118644067796,0.511490950876185
09,gazectrl_csp,MovingVideo,FixedVideo,10,116,62,0.5344827586206896,0.5499405469678954
09,gazectrl_csp,MovingVideo,FixedVideo,30,36,19,0.5277777777777778,0.5246913580246914
09,gazectrl_csp,MovingVideo,FixedVideo,60,16,8,0.5,0.453125
09,gazectrl_csp,MovingVideo,MovingTargetNoise,1,1192,582,0.48825503355704697,0.49445407864510615
09,gazectrl_csp,MovingVideo,MovingTargetNoise,2,596,285,0.47818791946308725,0.4840998153236341
09,gazectrl_csp,MovingVideo,MovingTargetNoise,5,236,118,0.5,0.46567078425739733
09,gazectrl_csp,MovingVideo,MovingTargetNoise,10,116,52,0.4482758620689655,0.46759809750297265
09,gazectrl_csp,MovingVideo,MovingTargetNoise,30,36,16,0.4444444444444444,0.4537037037037037
09,gazectrl_csp,MovingVideo,MovingTargetNoise,60,16,9,0.5625,0.484375
09,gazectrl_csp,MovingVideo,MovingVideo,1,1192,583,0.4890939597315436,0.5009402729606774
09,gazectrl_csp,MovingVideo,MovingVideo,2,596,284,0.47651006711409394,0.5052249898653214
09,gazectrl_csp,MovingVideo,MovingVideo,5,236,105,0.4449152542372881,0.4856363114047687
09,gazectrl_csp,MovingVideo,MovingVideo,10,116,51,0.4396551724137931,0.48810939357907257
09,gazectrl_csp,MovingVideo,MovingVideo,30,36,18,0.5,0.537037037037037
09,gazectrl_csp,MovingVideo,MovingVideo,60,16,8,0.5,0.46875
09,gazectrl_csp,MovingVideo,NoVisuals,1,1192,637,0.5343959731543624,0.5647324444844827
09,gazectrl_csp,MovingVideo,NoVisuals,2,596,325,0.5453020134228188,0.5736453312913833
09,gazectrl_csp,MovingVideo,NoVisuals,5,236,143,0.6059322033898306,0.6513932777937375
09,gazectrl_csp,MovingVideo,NoVisuals,10,116,67,0.5775862068965517,0.6557669441141498
09,gazectrl_csp,MovingVideo,NoVisuals,30,36,24,0.6666666666666666,0.7006172839506173
09,gazectrl_csp,MovingVideo,NoVisuals,60,16,10,0.625,0.765625
09,gazectrl_csp,NoVisuals,FixedVideo,1,1192,566,0.4748322147651007,0.4815182874645286
09,gazectrl_csp,NoVisuals,FixedVideo,2,596,288,0.48322147651006714,0.473863789919373
09,gazectrl_csp,NoVisuals,FixedVideo,5,236,109,0.461864406779661,0.46164895145073254
09,gazectrl_csp,NoVisuals,FixedVideo,10,116,59,0.5086206896551724,0.4622473246135553
09,gazectrl_csp,NoVisuals,FixedVideo,30,36,15,0.4166666666666667,0.4228395061728395
09,gazectrl_csp,NoVisuals,FixedVideo,60,16,9,0.5625,0.34375
09,gazectrl_csp,NoVisuals,MovingTargetNoise,1,1192,560,0.4697986577181208,0.44798657718120805
09,gazectrl_csp,NoVisuals,MovingTargetNoise,2,596,289,0.4848993288590604,0.444191703076438
09,gazectrl_csp,NoVisuals,MovingTargetNoise,5,236,107,0.4533898305084746,0.4459207124389543
09,gazectrl_csp,NoVisuals,MovingTargetNoise,10,116,56,0.4827586206896552,0.4295481569560048
09,gazectrl_csp,NoVisuals,MovingTargetNoise,30,36,18,0.5,0.36419753086419754
09,gazectrl_csp,NoVisuals,MovingTargetNoise,60,16,8,0.5,0.3125
09,gazectrl_csp,NoVisuals,MovingVideo,1,1192,658,0.552013422818792,0.5653292644475474
09,gazectrl_csp,NoVisuals,MovingVideo,2,596,328,0.5503355704697986,0.5762127832079635
09,gazectrl_csp,NoVisuals,MovingVideo,5,236,129,0.5466101694915254,0.5773484630853204
09,gazectrl_csp,NoVisuals,MovingVideo,10,116,66,0.5689655172413793,0.5835315101070154
09,gazectrl_csp,NoVisuals,MovingVideo,30,36,24,0.6666666666666666,0.5802469135802469
09,gazectrl_csp,NoVisuals,MovingVideo,60,16,9,0.5625,0.5625
09,gazectrl_csp,NoVisuals,NoVisuals,1,1192,673,0.5645973154362416,0.5890613035448854
09,gazectrl_csp,NoVisuals,NoVisuals,2,596,333,0.5587248322147651,0.5880816179451376
09,gazectrl_csp,NoVisuals,NoVisuals,5,236,135,0.5720338983050848,0.5950876185004309
09,gazectrl_csp,NoVisuals,NoVisuals,10,116,58,0.5,0.5927467300832343
09,gazectrl_csp,NoVisuals,NoVisuals,30,36,18,0.5,0.6049382716049383
09,gazectrl_csp,NoVisuals,NoVisuals,60,16,8,0.5,0.65625
09,gazectrl_ts,FixedVideo,FixedVideo,1,1192,620,0.5201342281879194,0.51389577046079
09,gazectrl_ts,FixedVideo,FixedVideo,2,596,287,0.4815436241610738,0.4981307148326652
09,gazectrl_ts,FixedVideo,FixedVideo,5,236,116,0.4915254237288136,0.4933927032461936
09,gazectrl_ts,FixedVideo,FixedVideo,10,116,61,0.5258620689655172,0.5196195005945303
09,gazectrl_ts,FixedVideo,FixedVideo,30,36,17,0.4722222222222222,0.4567901234567901
09,gazectrl_ts,FixedVideo,FixedVideo,60,16,9,0.5625,0.40625
09,gazectrl_ts,FixedVideo,MovingTargetNoise,1,1192,564,0.47315436241610737,0.48075255619116253
09,gazectrl_ts,FixedVideo,MovingTargetNoise,2,596,279,0.46812080536912754,0.46247916760506286
09,gazectrl_ts,FixedVideo,MovingTargetNoise,5,236,105,0.4449152542372881,0.4029014650962367
09,gazectrl_ts,FixedVideo,MovingTargetNoise,10,116,45,0.3879310344827586,0.3745541022592152
09,gazectrl_ts,FixedVideo,MovingTargetNoise,30,36,12,0.3333333333333333,0.2839506172839506
09,gazectrl_ts,FixedVideo,MovingTargetNoise,60,16,5,0.3125,0.234375
09,gazectrl_ts,FixedVideo,MovingVideo,1,1192,592,0.4966442953020134,0.48406321787306883
09,gazectrl_ts,FixedVideo,MovingVideo,2,596,289,0.4848993288590604,0.49042835908292415
09,gazectrl_ts,FixedVideo,MovingVideo,5,236,101,0.4279661016949153,0.414536052858374
09,gazectrl_ts,FixedVideo,MovingVideo,10,116,49,0.4224137931034483,0.39328180737217594
09,gazectrl_ts,FixedVideo,MovingVideo,30,36,12,0.3333333333333333,0.3055555555555556
09,gazectrl_ts,FixedVideo,MovingVideo,60,16,6,0.375,0.296875
09,gazectrl_ts,FixedVideo,NoVisuals,1,1192,585,0.49077181208053694,0.49478908607720373
09,gazectrl_ts,FixedVideo,NoVisuals,2,596,277,0.46476510067114096,0.44823431376964995
09,gazectrl_ts,FixedVideo,NoVisuals,5,236,103,0.4364406779661017,0.4291151967825338
09,gazectrl_ts,FixedVideo,NoVisuals,10,116,50,0.43103448275862066,0.3962544589774078
09,gazectrl_ts,FixedVideo,NoVisuals,30,36,15,0.4166666666666667,0.38271604938271603
09,gazectrl_ts,FixedVideo,NoVisuals,60,16,7,0.4375,0.40625
09,gazectrl_ts,MovingTargetNoise,FixedVideo,1,1192,593,0.4974832214765101,0.4884042385478132
09,gazectrl_ts,MovingTargetNoise,FixedVideo,2,596,275,0.46140939597315433,0.48098058646006936
09,gazectrl_ts,MovingTargetNoise,FixedVideo,5,236,108,0.4576271186440678,0.4219333524849181
09,gazectrl_ts,MovingTargetNoise,FixedVideo,10,116,43,0.3706896551724138,0.37931034482758613
09,gazectrl_ts,MovingTargetNoise,FixedVideo,30,36,18,0.5,0.35185185185185186
09,gazectrl_ts,MovingTargetNoise,FixedVideo,60,16,7,0.4375,0.3125
09,gazectrl_ts,MovingTargetNoise,MovingTargetNoise,1,1192,586,0.49161073825503354,0.4877088869870726
09,gazectrl_ts,MovingTargetNoise,MovingTargetNoise,2,596,298,0.5,0.5067339309040133
09,gazectrl_ts,MovingTargetNoise,MovingTargetNoise,5,236,125,0.5296610169491526,0.582734846308532
09,gazectrl_ts,MovingTargetNoise,MovingTargetNoise,10,116,62,0.5344827586206896,0.6111771700356718
09,gazectrl_ts,MovingTargetNoise,MovingTargetNoise,30,36,17,0.4722222222222222,0.7160493827160493
09,gazectrl_ts,MovingTargetNoise,MovingTargetNoise,60,16,8,0.5,0.78125
09,gazectrl_ts,MovingTargetNoise,MovingVideo,1,1192,627,0.5260067114093959,0.5268991261654881
09,gazectrl_ts,MovingTargetNoise,MovingVideo,2,596,329,0.552013422818792,0.5391311202198099
09,gazectrl_ts,MovingTargetNoise,MovingVideo,5,236,131,0.5550847457627118,0.5562338408503303
09,gazectrl_ts,MovingTargetNoise,MovingVideo,10,116,66,0.5689655172413793,0.5731272294887039
09,gazectrl_ts,MovingTargetNoise,MovingVideo,30,36,20,0.5555555555555556,0.5925925925925926
09,gazectrl_ts,MovingTargetNoise,MovingVideo,60,16,9,0.5625,0.609375
09,gazectrl_ts,MovingTargetNoise,NoVisuals,1,1192,526,0.4412751677852349,0.4202794919147786
09,gazectrl_ts,MovingTargetNoise,NoVisuals,2,596,257,0.4312080536912752,0.4166478987432998
09,gazectrl_ts,MovingTargetNoise,NoVisuals,5,236,110,0.4661016949152542,0.37790864694053433
09,gazectrl_ts,MovingTargetNoise,NoVisuals,10,116,51,0.4396551724137931,0.3109393579072533
09,gazectrl_ts,MovingTargetNoise,NoVisuals,30,36,16,0.4444444444444444,0.19444444444444445
09,gazectrl_ts,MovingTargetNoise,NoVisuals,60,16,7,0.4375,0.140625
09,gazectrl_ts,MovingVideo,FixedVideo,1,1192,589,0.4941275167785235,0.49901749921174726
09,gazectrl_ts,MovingVideo,FixedVideo,2,596,300,0.5033557046979866,0.5124431331921986
09,gazectrl_ts,MovingVideo,FixedVideo,5,236,103,0.4364406779661017,0.4473570812984774
09,gazectrl_ts,MovingVideo,FixedVideo,10,116,49,0.4224137931034483,0.4241973840665874
09,gazectrl_ts,MovingVideo,FixedVideo,30,36,15,0.4166666666666667,0.35802469135802467
09,gazectrl_ts,MovingVideo,FixedVideo,60,16,4,0.25,0.0625
09,gazectrl_ts,MovingVideo,MovingTargetNoise,1,1192,598,0.5016778523489933,0.5065256069546417
09,gazectrl_ts,MovingVideo,MovingTargetNoise,2,596,303,0.5083892617449665,0.5097405522273771
09,gazectrl_ts,MovingVideo,MovingTargetNoise,5,236,118,0.5,0.5184573398448722
09,gazectrl_ts,MovingVideo,MovingTargetNoise,10,116,62,0.5344827586206896,0.5130796670630202
09,gazectrl_ts,MovingVideo,MovingTargetNoise,30,36,21,0.5833333333333334,0.5246913580246914
09,gazectrl_ts,MovingVideo,MovingTargetNoise,60,16,9,0.5625,0.46875
09,gazectrl_ts,MovingVideo,MovingVideo,1,1192,587,0.4924496644295302,0.5041552182334129
09,gazectrl_ts,MovingVideo,MovingVideo,2,596,284,0.47651006711409394,0.5001126075402009
09,gazectrl_ts,MovingVideo,MovingVideo,5,236,103,0.4364406779661017,0.47759264579143923
09,gazectrl_ts,MovingVideo,MovingVideo,10,116,50,0.43103448275862066,0.45719381688466115
09,gazectrl_ts,MovingVideo,MovingVideo,30,36,17,0.4722222222222222,0.47530864197530864
09,gazectrl_ts,MovingVideo,MovingVideo,60,16,8,0.5,0.53125
09,gazectrl_ts,MovingVideo,NoVisuals,1,1192,670,0.5620805369127517,0.5764154767803252
09,gazectrl_ts,MovingVideo,NoVisuals,2,596,342,0.5738255033557047,0.6091842709787847
09,gazectrl_ts,MovingVideo,NoVisuals,5,236,137,0.5805084745762712,0.6062194771617352
09,gazectrl_ts,MovingVideo,NoVisuals,10,116,68,0.5862068965517241,0.632282996432818
09,gazectrl_ts,MovingVideo,NoVisuals,30,36,23,0.6388888888888888,0.6882716049382716
09,gazectrl_ts,MovingVideo,NoVisuals,60,16,11,0.6875,0.703125
09,gazectrl_ts,NoVisuals,FixedVideo,1,1192,573,0.48070469798657717,0.4697676906445655
09,gazectrl_ts,NoVisuals,FixedVideo,2,596,283,0.4748322147651007,0.45265979009954505
09,gazectrl_ts,NoVisuals,FixedVideo,5,236,102,0.4322033898305085,0.3947141625969549
09,gazectrl_ts,NoVisuals,FixedVideo,10,116,50,0.43103448275862066,0.36771700356718195
09,gazectrl_ts,NoVisuals,FixedVideo,30,36,10,0.2777777777777778,0.2160493827160494
09,gazectrl_ts,NoVisuals,FixedVideo,60,16,4,0.25,0.21875
09,gazectrl_ts,NoVisuals,MovingTargetNoise,1,1192,575,0.4823825503355705,0.46271845862798977
09,gazectrl_ts,NoVisuals,MovingTargetNoise,2,596,277,0.46476510067114096,0.44840322507995134
09,gazectrl_ts,NoVisuals,MovingTargetNoise,5,236,106,0.4491525423728814,0.42430336110313127
09,gazectrl_ts,NoVisuals,MovingTargetNoise,10,116,46,0.39655172413793105,0.39565992865636146
09,gazectrl_ts,NoVisuals,MovingTargetNoise,30,36,15,0.4166666666666667,0.35802469135802467
09,gazectrl_ts,NoVisuals,MovingTargetNoise,60,16,5,0.3125,0.34375
09,gazectrl_ts,NoVisuals,MovingVideo,1,1192,638,0.535234899328859,0.53913675059682
09,gazectrl_ts,NoVisuals,MovingVideo,2,596,321,0.5385906040268457,0.5532521057610018
09,gazectrl_ts,NoVisuals,MovingVideo,5,236,124,0.5254237288135594,0.5557311117494973
09,gazectrl_ts,NoVisuals,MovingVideo,10,116,64,0.5517241379310345,0.5695600475624256
09,gazectrl_ts,NoVisuals,MovingVideo,30,36,21,0.5833333333333334,0.595679012345679
09,gazectrl_ts,NoVisuals,MovingVideo,60,16,10,0.625,0.59375
09,gazectrl_ts,NoVisuals,NoVisuals,1,1192,635,0.5327181208053692,0.5628631593171478
09,gazectrl_ts,NoVisuals,NoVisuals,2,596,314,0.5268456375838926,0.5682176478537003
09,gazectrl_ts,NoVisuals,NoVisuals,5,236,135,0.5720338983050848,0.6083022120080437
09,gazectrl_ts,NoVisuals,NoVisuals,10,116,63,0.5431034482758621,0.6361474435196195
09,gazectrl_ts,NoVisuals,NoVisuals,30,36,19,0.5277777777777778,0.6975308641975309
09,gazectrl_ts,NoVisuals,NoVisuals,60,16,8,0.5,0.625
10,eeg_alpha_ts,FixedVideo,FixedVideo,1,1192,459,0.3850671140939597,0.32856628079816225
10,eeg_alpha_ts,FixedVideo,FixedVideo,2,596,232,0.38926174496644295,0.3059772082338633
10,eeg_alpha_ts,FixedVideo,FixedVideo,5,236,91,0.3855932203389831,0.25553002010916404
10,eeg_alpha_ts,FixedVideo,FixedVideo,10,116,37,0.31896551724137934,0.20630202140309153
10,eeg_alpha_ts,FixedVideo,FixedVideo,30,36,11,0.3055555555555556,0.06172839506172839
10,eeg_alpha_ts,FixedVideo,FixedVideo,60,16,6,0.375,0.03125
10,eeg_alpha_ts,FixedVideo,MovingTargetNoise,1,1192,540,0.45302013422818793,0.4453909733795775
10,eeg_alpha_ts,FixedVideo,MovingTargetNoise,2,596,268,0.44966442953020136,0.4226949236520877
10,eeg_alpha_ts,FixedVideo,MovingTargetNoise,5,236,110,0.4661016949152542,0.4256679115196783
10,eeg_alpha_ts,FixedVideo,MovingTargetNoise,10,116,55,0.47413793103448276,0.42419738406658736
10,eeg_alpha_ts,FixedVideo,MovingTargetNoise,30,36,16,0.4444444444444444,0.4228395061728395
10,eeg_alpha_ts,FixedVideo,MovingTargetNoise,60,16,7,0.4375,0.390625
10,eeg_alpha_ts,FixedVideo,MovingVideo,1,1192,560,0.4697986577181208,0.4537577136165038
10,eeg_alpha_ts,FixedVideo,MovingVideo,2,596,293,0.49161073825503354,0.4753389486960047
10,eeg_alpha_ts,FixedVideo,MovingVideo,5,236,110,0.4661016949152542,0.4900172364263143
10,eeg_alpha_ts,FixedVideo,MovingVideo,10,116,60,0.5172413793103449,0.490487514863258
10,eeg_alpha_ts,FixedVideo,MovingVideo,30,36,15,0.4166666666666667,0.46296296296296297
10,eeg_alpha_ts,FixedVideo,MovingVideo,60,16,7,0.4375,0.484375
10,eeg_alpha_ts,FixedVideo,NoVisuals,1,1192,551,0.462248322147651,0.4444929282464754
10,eeg_alpha_ts,FixedVideo,NoVisuals,2,596,275,0.46140939597315433,0.430048196027206
10,eeg_alpha_ts,FixedVideo,NoVisuals,5,236,108,0.4576271186440678,0.4207124389543235
10,eeg_alpha_ts,FixedVideo,NoVisuals,10,116,57,0.49137931034482757,0.3995243757431629
10,eeg_alpha_ts,FixedVideo,NoVisuals,30,36,15,0.4166666666666667,0.38271604938271603
10,eeg_alpha_ts,FixedVideo,NoVisuals,60,16,7,0.4375,0.359375
10,eeg_alpha_ts,MovingTargetNoise,FixedVideo,1,1192,530,0.4446308724832215,0.41873113823701635
10,eeg_alpha_ts,MovingTargetNoise,FixedVideo,2,596,254,0.4261744966442953,0.39832665195261474
10,eeg_alpha_ts,MovingTargetNoise,FixedVideo,5,236,103,0.4364406779661017,0.39198506176386094
10,eeg_alpha_ts,MovingTargetNoise,FixedVideo,10,116,50,0.43103448275862066,0.37277051129607613
10,eeg_alpha_ts,MovingTargetNoise,FixedVideo,30,36,12,0.3333333333333333,0.2561728395061728
10,eeg_alpha_ts,MovingTargetNoise,FixedVideo,60,16,6,0.375,0.234375
10,eeg_alpha_ts,MovingTargetNoise,MovingTargetNoise,1,1192,594,0.4983221476510067,0.44794716454213773
10,eeg_alpha_ts,MovingTargetNoise,MovingTargetNoise,2,596,301,0.5050335570469798,0.45241205351110314
10,eeg_alpha_ts,MovingTargetNoise,MovingTargetNoise,5,236,117,0.4957627118644068,0.39126687733409937
10,eeg_alpha_ts,MovingTargetNoise,MovingTargetNoise,10,116,60,0.5172413793103449,0.3299643281807372
10,eeg_alpha_ts,MovingTargetNoise,MovingTargetNoise,30,36,18,0.5,0.2160493827160494
10,eeg_alpha_ts,MovingTargetNoise,MovingTargetNoise,60,16,8,0.5,0.0625
10,eeg_alpha_ts,MovingTargetNoise,MovingVideo,1,1192,621,0.5209731543624161,0.5344128642853925
10,eeg_alpha_ts,MovingTargetNoise,MovingVideo,2,596,323,0.5419463087248322,0.5428809513084996
10,eeg_alpha_ts,MovingTargetNoise,MovingVideo,5,236,130,0.5508474576271186,0.5611893134156851
10,eeg_alpha_ts,MovingTargetNoise,MovingVideo,10,116,68,0.5862068965517241,0.5805588585017836
10,eeg_alpha_ts,MovingTargetNoise,MovingVideo,30,36,21,0.5833333333333334,0.6882716049382717
10,eeg_alpha_ts,MovingTargetNoise,MovingVideo,60,16,12,0.75,0.765625
10,eeg_alpha_ts,MovingTargetNoise,NoVisuals,1,1192,611,0.5125838926174496,0.5318989009504076
10,eeg_alpha_ts,MovingTargetNoise,NoVisuals,2,596,330,0.5536912751677853,0.5517206432142696
10,eeg_alpha_ts,MovingTargetNoise,NoVisuals,5,236,134,0.5677966101694916,0.5598965814421144
10,eeg_alpha_ts,MovingTargetNoise,NoVisuals,10,116,64,0.5517241379310345,0.5799643281807372
10,eeg_alpha_ts,MovingTargetNoise,NoVisuals,30,36,23,0.6388888888888888,0.6450617283950617
10,eeg_alpha_ts,MovingTargetNoise,NoVisuals,60,16,8,0.5,0.640625
10,eeg_alpha_ts,MovingVideo,FixedVideo,1,1192,557,0.4672818791946309,0.45375208323949373
10,eeg_alpha_ts,MovingVideo,FixedVideo,2,596,277,0.46476510067114096,0.46687086167289765
10,eeg_alpha_ts,MovingVideo,FixedVideo,5,236,111,0.4703389830508475,0.4819735708129848
10,eeg_alpha_ts,MovingVideo,FixedVideo,10,116,55,0.47413793103448276,0.4747324613555292
10,eeg_alpha_ts,MovingVideo,FixedVideo,30,36,15,0.4166666666666667,0.4382716049382716
10,eeg_alpha_ts,MovingVideo,FixedVideo,60,16,6,0.375,0.46875
10,eeg_alpha_ts,MovingVideo,MovingTargetNoise,1,1192,624,0.5234899328859061,0.5214742579163101
10,eeg_alpha_ts,MovingVideo,MovingTargetNoise,2,596,326,0.5469798657718121,0.5307080762127833
10,eeg_alpha_ts,MovingVideo,MovingTargetNoise,5,236,127,0.538135593220339,0.530379201378914
10,eeg_alpha_ts,MovingVideo,MovingTargetNoise,10,116,61,0.5258620689655172,0.5329964328180736
10,eeg_alpha_ts,MovingVideo,MovingTargetNoise,30,36,21,0.5833333333333334,0.5185185185185186
10,eeg_alpha_ts,MovingVideo,MovingTargetNoise,60,16,10,0.625,0.484375
10,eeg_alpha_ts,MovingVideo,MovingVideo,1,1192,553,0.4639261744966443,0.37646952839962167
10,eeg_alpha_ts,MovingVideo,MovingVideo,2,596,281,0.4714765100671141,0.36719066708706816
10,eeg_alpha_ts,MovingVideo,MovingVideo,5,236,114,0.4830508474576271,0.3521976443550704
10,eeg_alpha_ts,MovingVideo,MovingVideo,10,116,58,0.5,0.31985731272294887
10,eeg_alpha_ts,MovingVideo,MovingVideo,30,36,18,0.5,0.23456790123456792
10,eeg_alpha_ts,MovingVideo,MovingVideo,60,16,8,0.5,0.25
10,eeg_alpha_ts,MovingVideo,NoVisuals,1,1192,607,0.5092281879194631,0.5309473672357101
10,eeg_alpha_ts,MovingVideo,NoVisuals,2,596,316,0.5302013422818792,0.5566190712130085
10,eeg_alpha_ts,MovingVideo,NoVisuals,5,236,124,0.5254237288135594,0.5632720482619937
10,eeg_alpha_ts,MovingVideo,NoVisuals,10,116,59,0.5086206896551724,0.603745541022592
10,eeg_alpha_ts,MovingVideo,NoVisuals,30,36,16,0.4444444444444444,0.6666666666666667
10,eeg_alpha_ts,MovingVideo,NoVisuals,60,16,7,0.4375,0.703125
10,eeg_alpha_ts,NoVisuals,FixedVideo,1,1192,571,0.4790268456375839,0.4705249763524166
10,eeg_alpha_ts,NoVisuals,FixedVideo,2,596,280,0.4697986577181208,0.4529187874420071
10,eeg_alpha_ts,NoVisuals,FixedVideo,5,236,116,0.4915254237288136,0.4310542947428899
10,eeg_alpha_ts,NoVisuals,FixedVideo,10,116,55,0.47413793103448276,0.40279429250891796
10,eeg_alpha_ts,NoVisuals,FixedVideo,30,36,17,0.4722222222222222,0.38271604938271603
10,eeg_alpha_ts,NoVisuals,FixedVideo,60,16,8,0.5,0.375
10,eeg_alpha_ts,NoVisuals,MovingTargetNoise,1,1192,607,0.5092281879194631,0.5150894103869195
10,eeg_alpha_ts,NoVisuals,MovingTargetNoise,2,596,324,0.5436241610738255,0.543804333138147
10,eeg_alpha_ts,NoVisuals,MovingTargetNoise,5,236,119,0.5042372881355932,0.5535765584602126
10,eeg_alpha_ts,NoVisuals,MovingTargetNoise,10,116,66,0.5689655172413793,0.5576694411414982
10,eeg_alpha_ts,NoVisuals,MovingTargetNoise,30,36,17,0.4722222222222222,0.5524691358024691
10,eeg_alpha_ts,NoVisuals,MovingTargetNoise,60,16,8,0.5,0.625
10,eeg_alpha_ts,NoVisuals,MovingVideo,1,1192,571,0.4790268456375839,0.47873406603306157
10,eeg_alpha_ts,NoVisuals,MovingVideo,2,596,281,0.4714765100671141,0.5079275708301428
10,eeg_alpha_ts,NoVisuals,MovingVideo,5,236,119,0.5042372881355932,0.5440247055443838
10,eeg_alpha_ts,NoVisuals,MovingVideo,10,116,57,0.49137931034482757,0.5567776456599287
10,eeg_alpha_ts,NoVisuals,MovingVideo,30,36,18,0.5,0.5740740740740741
10,eeg_alpha_ts,NoVisuals,MovingVideo,60,16,8,0.5,0.59375
10,eeg_alpha_ts,NoVisuals,NoVisuals,1,1192,533,0.4471476510067114,0.4072620602675555
10,eeg_alpha_ts,NoVisuals,NoVisuals,2,596,277,0.46476510067114096,0.4109274357010945
10,eeg_alpha_ts,NoVisuals,NoVisuals,5,236,115,0.4872881355932203,0.3399885090491238
10,eeg_alpha_ts,NoVisuals,NoVisuals,10,116,58,0.5,0.30321046373365046
10,eeg_alpha_ts,NoVisuals,NoVisuals,30,36,18,0.5,0.17901234567901234
10,eeg_alpha_ts,NoVisuals,NoVisuals,60,16,8,0.5,0.03125
10,eeg_csp,FixedVideo,FixedVideo,1,1192,511,0.4286912751677852,0.21490586009639207
10,eeg_csp,FixedVideo,FixedVideo,2,596,256,0.42953020134228187,0.2334129093284086
10,eeg_csp,FixedVideo,FixedVideo,5,236,109,0.461864406779661,0.2539500143636886
10,eeg_csp,FixedVideo,FixedVideo,10,116,54,0.46551724137931033,0.24078478002378123
10,eeg_csp,FixedVideo,FixedVideo,30,36,17,0.4722222222222222,0.19135802469135804
10,eeg_csp,FixedVideo,FixedVideo,60,16,7,0.4375,0.15625
10,eeg_csp,FixedVideo,MovingTargetNoise,1,1192,559,0.46895973154362414,0.45578746452862484
10,eeg_csp,FixedVideo,MovingTargetNoise,2,596,275,0.46140939597315433,0.4546416828070807
10,eeg_csp,FixedVideo,MovingTargetNoise,5,236,104,0.4406779661016949,0.42760700948003444
10,eeg_csp,FixedVideo,MovingTargetNoise,10,116,47,0.4051724137931034,0.42479191438763375
10,eeg_csp,FixedVideo,MovingTargetNoise,30,36,14,0.3888888888888889,0.4228395061728395
10,eeg_csp,FixedVideo,MovingTargetNoise,60,16,6,0.375,0.390625
10,eeg_csp,FixedVideo,MovingVideo,1,1192,446,0.37416107382550334,0.28859341921535075
10,eeg_csp,FixedVideo,MovingVideo,2,596,218,0.36577181208053694,0.26633935408314946
10,eeg_csp,FixedVideo,MovingVideo,5,236,83,0.3516949152542373,0.23384085033036484
10,eeg_csp,FixedVideo,MovingVideo,10,116,42,0.3620689655172414,0.2116527942925089
10,eeg_csp,FixedVideo,MovingVideo,30,36,12,0.3333333333333333,0.14506172839506173
10,eeg_csp,FixedVideo,MovingVideo,60,16,4,0.25,0.078125
10,eeg_csp,FixedVideo,NoVisuals,1,1192,453,0.3800335570469799,0.3109995045268231
10,eeg_csp,FixedVideo,NoVisuals,2,596,274,0.4597315436241611,0.37239313544434943
10,eeg_csp,FixedVideo,NoVisuals,5,236,106,0.4491525423728814,0.3952887101407642
10,eeg_csp,FixedVideo,NoVisuals,10,116,53,0.45689655172413796,0.4212247324613555
10,eeg_csp,FixedVideo,NoVisuals,30,36,18,0.5,0.42592592592592593
10,eeg_csp,FixedVideo,NoVisuals,60,16,8,0.5,0.40625
10,eeg_csp,MovingTargetNoise,FixedVideo,1,1192,507,0.42533557046979864,0.4376548353677762
10,eeg_csp,MovingTargetNoise,FixedVideo,2,596,296,0.4966442953020134,0.5081640466645647
10,eeg_csp,MovingTargetNoise,FixedVideo,5,236,133,0.5635593220338984,0.5933639758690031
10,eeg_csp,MovingTargetNoise,FixedVideo,10,116,66,0.5689655172413793,0.616230677764566
10,eeg_csp,MovingTargetNoise,FixedVideo,30,36,21,0.5833333333333334,0.6944444444444444
10,eeg_csp,MovingTargetNoise,FixedVideo,60,16,10,0.625,0.765625
10,eeg_csp,MovingTargetNoise,MovingTargetNoise,1,1192,568,0.47651006711409394,0.14428967163641276
10,eeg_csp,MovingTargetNoise,MovingTargetNoise,2,596,259,0.43456375838926176,0.14832665195261474
10,eeg_csp,MovingTargetNoise,MovingTargetNoise,5,236,108,0.4576271186440678,0.1347313990232692
10,eeg_csp,MovingTargetNoise,MovingTargetNoise,10,116,55,0.47413793103448276,0.11296076099881094
10,eeg_csp,MovingTargetNoise,MovingTargetNoise,30,36,18,0.5,0.09876543209876544
10,eeg_csp,MovingTargetNoise,MovingTargetNoise,60,16,8,0.5,0.0625
10,eeg_csp,MovingTargetNoise,MovingVideo,1,1192,589,0.4941275167785235,0.5154216026305122
10,eeg_csp,MovingTargetNoise,MovingVideo,2,596,263,0.4412751677852349,0.4417593802080987
10,eeg_csp,MovingTargetNoise,MovingVideo,5,236,98,0.4152542372881356,0.37697500718184435
10,eeg_csp,MovingTargetNoise,MovingVideo,10,116,44,0.3793103448275862,0.35701545778834726
10,eeg_csp,MovingTargetNoise,MovingVideo,30,36,14,0.3888888888888889,0.3487654320987655
10,eeg_csp,MovingTargetNoise,MovingVideo,60,16,5,0.3125,0.28125
10,eeg_csp,MovingTargetNoise,NoVisuals,1,1192,599,0.50251677852349,0.5246610513039953
10,eeg_csp,MovingTargetNoise,NoVisuals,2,596,300,0.5033557046979866,0.5068240169361741
10,eeg_csp,MovingTargetNoise,NoVisuals,5,236,116,0.4915254237288136,0.4858517667336972
10,eeg_csp,MovingTargetNoise,NoVisuals,10,116,60,0.5172413793103449,0.495243757431629
10,eeg_csp,MovingTargetNoise,NoVisuals,30,36,17,0.4722222222222222,0.45987654320987653
10,eeg_csp,MovingTargetNoise,NoVisuals,60,16,7,0.4375,0.359375
10,eeg_csp,MovingVideo,FixedVideo,1,1192,383,0.3213087248322148,0.3413697581190036
10,eeg_csp,MovingVideo,FixedVideo,2,596,196,0.3288590604026846,0.40165983514256115
10,eeg_csp,MovingVideo,FixedVideo,5,236,98,0.4152542372881356,0.3565785693766159
10,eeg_csp,MovingVideo,FixedVideo,10,116,45,0.3879310344827586,0.3489892984542212
10,eeg_csp,MovingVideo,FixedVideo,30,36,16,0.4444444444444444,0.34259259259259256
10,eeg_csp,MovingVideo,FixedVideo,60,16,6,0.375,0.296875
10,eeg_csp,MovingVideo,MovingTargetNoise,1,1192,674,0.5654362416107382,0.5449670059907211
10,eeg_csp,MovingVideo,MovingTargetNoise,2,596,300,0.5033557046979866,0.5393450745461915
10,eeg_csp,MovingVideo,MovingTargetNoise,5,236,140,0.5932203389830508,0.49296179258833667
10,eeg_csp,MovingVideo,MovingTargetNoise,10,116,68,0.5862068965517241,0.5
10,eeg_csp,MovingVideo,MovingTargetNoise,30,36,21,0.5833333333333334,0.5030864197530864
10,eeg_csp,MovingVideo,MovingTargetNoise,60,16,9,0.5625,0.5
10,eeg_csp,MovingVideo,MovingVideo,1,1192,337,0.2827181208053691,0.09067722174676816
10,eeg_csp,MovingVideo,MovingVideo,2,596,170,0.28523489932885904,0.07772172424665555
10,eeg_csp,MovingVideo,MovingVideo,5,236,85,0.3601694915254237,0.07196207986210859
10,eeg_csp,MovingVideo,MovingVideo,10,116,42,0.3620689655172414,0.04518430439952438
10,eeg_csp,MovingVideo,MovingVideo,30,36,13,0.3611111111111111,0.024691358024691357
10,eeg_csp,MovingVideo,MovingVideo,60,16,6,0.375,0.0
10,eeg_csp,MovingVideo,NoVisuals,1,1192,592,0.4966442953020134,0.6508040178370343
10,eeg_csp,MovingVideo,NoVisuals,2,596,301,0.5050335570469798,0.6518512679609028
10,eeg_csp,MovingVideo,NoVisuals,5,236,109,0.461864406779661,0.5908503303648377
10,eeg_csp,MovingVideo,NoVisuals,10,116,55,0.47413793103448276,0.5882877526753865
10,eeg_csp,MovingVideo,NoVisuals,30,36,16,0.4444444444444444,0.5802469135802468
10,eeg_csp,MovingVideo,NoVisuals,60,16,6,0.375,0.5625
10,eeg_csp,NoVisuals,FixedVideo,1,1192,360,0.30201342281879195,0.24425420026124947
10,eeg_csp,NoVisuals,FixedVideo,2,596,193,0.3238255033557047,0.23808612224674564
10,eeg_csp,NoVisuals,FixedVideo,5,236,83,0.3516949152542373,0.2683137029589199
10,eeg_csp,NoVisuals,FixedVideo,10,116,35,0.3017241379310345,0.2749702734839477
10,eeg_csp,NoVisuals,FixedVideo,30,36,12,0.3333333333333333,0.27469135802469136
10,eeg_csp,NoVisuals,FixedVideo,60,16,4,0.25,0.234375
10,eeg_csp,NoVisuals,MovingTargetNoise,1,1192,628,0.5268456375838926,0.5119363992612945
10,eeg_csp,NoVisuals,MovingTargetNoise,2,596,314,0.5268456375838926,0.5182649430205846
10,eeg_csp,NoVisuals,MovingTargetNoise,5,236,131,0.5550847457627118,0.5592502154553289
10,eeg_csp,NoVisuals,MovingTargetNoise,10,116,67,0.5775862068965517,0.5683709869203329
10,eeg_csp,NoVisuals,MovingTargetNoise,30,36,22,0.6111111111111112,0.6141975308641976
10,eeg_csp,NoVisuals,MovingTargetNoise,60,16,11,0.6875,0.640625
10,eeg_csp,NoVisuals,MovingVideo,1,1192,740,0.6208053691275168,0.6625996576730779
10,eeg_csp,NoVisuals,MovingVideo,2,596,378,0.6342281879194631,0.6782014323679114
10,eeg_csp,NoVisuals,MovingVideo,5,236,151,0.6398305084745762,0.6837833955759839
10,eeg_csp,NoVisuals,MovingVideo,10,116,75,0.646551724137931,0.700653983353151
10,eeg_csp,NoVisuals,MovingVideo,30,36,22,0.6111111111111112,0.7191358024691358
10,eeg_csp,NoVisuals,MovingVideo,60,16,10,0.625,0.75
10,eeg_csp,NoVisuals,NoVisuals,1,1192,491,0.41191275167785235,0.2866537543353903
10,eeg_csp,NoVisuals,NoVisuals,2,596,249,0.41778523489932884,0.27771271564343947
10,eeg_csp,NoVisuals,NoVisuals,5,236,100,0.423728813559322,0.2553863832232117
10,eeg_csp,NoVisuals,NoVisuals,10,116,48,0.41379310344827586,0.1920332936979786
10,eeg_csp,NoVisuals,NoVisuals,30,36,17,0.4722222222222222,0.13580246913580246
10,eeg_csp,NoVisuals,NoVisuals,60,16,8,0.5,0.09375
10,eeg_eogreg_ts,FixedVideo,FixedVideo,1,1192,531,0.44546979865771813,0.25960542317913604
10,eeg_eogreg_ts,FixedVideo,FixedVideo,2,596,270,0.45302013422818793,0.22465204270077926
10,eeg_eogreg_ts,FixedVideo,FixedVideo,5,236,108,0.4576271186440678,0.21631715024418272
10,eeg_eogreg_ts,FixedVideo,FixedVideo,10,116,53,0.45689655172413796,0.1848989298454221
10,eeg_eogreg_ts,FixedVideo,FixedVideo,30,36,16,0.4444444444444444,0.1111111111111111
10,eeg_eogreg_ts,FixedVideo,FixedVideo,60,16,7,0.4375,0.03125
10,eeg_eogreg_ts,FixedVideo,MovingTargetNoise,1,1192,491,0.41191275167785235,0.37938043331381477
10,eeg_eogreg_ts,FixedVideo,MovingTargetNoise,2,596,220,0.3691275167785235,0.34624566460970224
10,eeg_eogreg_ts,FixedVideo,MovingTargetNoise,5,236,91,0.3855932203389831,0.3119074978454467
10,eeg_eogreg_ts,FixedVideo,MovingTargetNoise,10,116,37,0.31896551724137934,0.27705112960760997
10,eeg_eogreg_ts,FixedVideo,MovingTargetNoise,30,36,11,0.3055555555555556,0.22839506172839508
10,eeg_eogreg_ts,FixedVideo,MovingTargetNoise,60,16,5,0.3125,0.21875
10,eeg_eogreg_ts,FixedVideo,MovingVideo,1,1192,480,0.40268456375838924,0.3424367145624071
10,eeg_eogreg_ts,FixedVideo,MovingVideo,2,596,211,0.3540268456375839,0.310098644205216
10,eeg_eogreg_ts,FixedVideo,MovingVideo,5,236,78,0.3305084745762712,0.25617638609594945
10,eeg_eogreg_ts,FixedVideo,MovingVideo,10,116,28,0.2413793103448276,0.20124851367419738
10,eeg_eogreg_ts,FixedVideo,MovingVideo,30,36,9,0.25,0.1080246913580247
10,eeg_eogreg_ts,FixedVideo,MovingVideo,60,16,2,0.125,0.078125
10,eeg_eogreg_ts,FixedVideo,NoVisuals,1,1192,407,0.3414429530201342,0.29080334219179316
10,eeg_eogreg_ts,FixedVideo,NoVisuals,2,596,205,0.34395973154362414,0.2916535291203099
10,eeg_eogreg_ts,FixedVideo,NoVisuals,5,236,87,0.3686440677966102,0.26615914966963516
10,eeg_eogreg_ts,FixedVideo,NoVisuals,10,116,43,0.3706896551724138,0.22919143876337694
10,eeg_eogreg_ts,FixedVideo,NoVisuals,30,36,12,0.3333333333333333,0.19753086419753085
10,eeg_eogreg_ts,FixedVideo,NoVisuals,60,16,5,0.3125,0.171875
10,eeg_eogreg_ts,MovingTargetNoise,FixedVideo,1,1192,448,0.37583892617449666,0.2800099094635377
10,eeg_eogreg_ts,MovingTargetNoise,FixedVideo,2,596,209,0.35067114093959734,0.2503265618665826
10,eeg_eogreg_ts,MovingTargetNoise,FixedVideo,5,236,84,0.3559322033898305,0.22665900603274922
10,eeg_eogreg_ts,MovingTargetNoise,FixedVideo,10,116,43,0.3706896551724138,0.1652794292508918
10,eeg_eogreg_ts,MovingTargetNoise,FixedVideo,30,36,15,0.4166666666666667,0.0617283950617284
10,eeg_eogreg_ts,MovingTargetNoise,FixedVideo,60,16,6,0.375,0.0
10,eeg_eogreg_ts,MovingTargetNoise,MovingTargetNoise,1,1192,448,0.37583892617449666,0.13154812846268185
10,eeg_eogreg_ts,MovingTargetNoise,MovingTargetNoise,2,596,226,0.37919463087248323,0.12015224539435161
10,eeg_eogreg_ts,MovingTargetNoise,MovingTargetNoise,5,236,94,0.3983050847457627,0.10614765871875897
10,eeg_eogreg_ts,MovingTargetNoise,MovingTargetNoise,10,116,47,0.4051724137931034,0.07847800237812129
10,eeg_eogreg_ts,MovingTargetNoise,MovingTargetNoise,30,36,16,0.4444444444444444,0.07407407407407408
10,eeg_eogreg_ts,MovingTargetNoise,MovingTargetNoise,60,16,7,0.4375,0.03125
10,eeg_eogreg_ts,MovingTargetNoise,MovingVideo,1,1192,754,0.6325503355704698,0.6842456420881943
10,eeg_eogreg_ts,MovingTargetNoise,MovingVideo,2,596,381,0.639261744966443,0.7021980991847215
10,eeg_eogreg_ts,MovingTargetNoise,MovingVideo,5,236,145,0.614406779661017,0.7197644355070382
10,eeg_eogreg_ts,MovingTargetNoise,MovingVideo,10,116,79,0.6810344827586207,0.7404875148632579
10,eeg_eogreg_ts,MovingTargetNoise,MovingVideo,30,36,24,0.6666666666666666,0.7777777777777777
10,eeg_eogreg_ts,MovingTargetNoise,MovingVideo,60,16,10,0.625,0.78125
10,eeg_eogreg_ts,MovingTargetNoise,NoVisuals,1,1192,556,0.4664429530201342,0.4904677717219945
10,eeg_eogreg_ts,MovingTargetNoise,NoVisuals,2,596,273,0.45805369127516776,0.49408810413945314
10,eeg_eogreg_ts,MovingTargetNoise,NoVisuals,5,236,111,0.4703389830508475,0.48312266590060327
10,eeg_eogreg_ts,MovingTargetNoise,NoVisuals,10,116,51,0.4396551724137931,0.4708680142687277
10,eeg_eogreg_ts,MovingTargetNoise,NoVisuals,30,36,17,0.4722222222222222,0.4320987654320988
10,eeg_eogreg_ts,MovingTargetNoise,NoVisuals,60,16,7,0.4375,0.484375
10,eeg_eogreg_ts,MovingVideo,FixedVideo,1,1192,440,0.3691275167785235,0.31138518535201115
10,eeg_eogreg_ts,MovingVideo,FixedVideo,2,596,222,0.3724832214765101,0.3249741002657538
10,eeg_eogreg_ts,MovingVideo,FixedVideo,5,236,98,0.4152542372881356,0.3323757540936512
10,eeg_eogreg_ts,MovingVideo,FixedVideo,10,116,44,0.3793103448275862,0.3189655172413793
10,eeg_eogreg_ts,MovingVideo,FixedVideo,30,36,12,0.3333333333333333,0.34259259259259256
10,eeg_eogreg_ts,MovingVideo,FixedVideo,60,16,4,0.25,0.3125
10,eeg_eogreg_ts,MovingVideo,MovingTargetNoise,1,1192,690,0.5788590604026845,0.5770995675870456
10,eeg_eogreg_ts,MovingVideo,MovingTargetNoise,2,596,354,0.5939597315436241,0.5791293184991668
10,eeg_eogreg_ts,MovingVideo,MovingTargetNoise,5,236,136,0.576271186440678,0.5711002585463947
10,eeg_eogreg_ts,MovingVideo,MovingTargetNoise,10,116,68,0.5862068965517241,0.5633174791914388
10,eeg_eogreg_ts,MovingVideo,MovingTargetNoise,30,36,22,0.6111111111111112,0.5524691358024691
10,eeg_eogreg_ts,MovingVideo,MovingTargetNoise,60,16,9,0.5625,0.546875
10,eeg_eogreg_ts,MovingVideo,MovingVideo,1,1192,361,0.3028523489932886,0.0799344624116031
10,eeg_eogreg_ts,MovingVideo,MovingVideo,2,596,216,0.3624161073825503,0.08528895094815549
10,eeg_eogreg_ts,MovingVideo,MovingVideo,5,236,74,0.3135593220338983,0.07454754380925022
10,eeg_eogreg_ts,MovingVideo,MovingVideo,10,116,35,0.3017241379310345,0.04518430439952436
10,eeg_eogreg_ts,MovingVideo,MovingVideo,30,36,11,0.3055555555555556,0.012345679012345678
10,eeg_eogreg_ts,MovingVideo,MovingVideo,60,16,4,0.25,0.0
10,eeg_eogreg_ts,MovingVideo,NoVisuals,1,1192,637,0.5343959731543624,0.598109319400027
10,eeg_eogreg_ts,MovingVideo,NoVisuals,2,596,311,0.5218120805369127,0.5852776901941354
10,eeg_eogreg_ts,MovingVideo,NoVisuals,5,236,116,0.4915254237288136,0.565282964665326
10,eeg_eogreg_ts,MovingVideo,NoVisuals,10,116,58,0.5,0.5659928656361475
10,eeg_eogreg_ts,MovingVideo,NoVisuals,30,36,17,0.4722222222222222,0.5925925925925926
10,eeg_eogreg_ts,MovingVideo,NoVisuals,60,16,6,0.375,0.546875
10,eeg_eogreg_ts,NoVisuals,FixedVideo,1,1192,393,0.3296979865771812,0.24868249177964957
10,eeg_eogreg_ts,NoVisuals,FixedVideo,2,596,193,0.3238255033557047,0.2598869420296383
10,eeg_eogreg_ts,NoVisuals,FixedVideo,5,236,78,0.3305084745762712,0.24454179833381212
10,eeg_eogreg_ts,NoVisuals,FixedVideo,10,116,35,0.3017241379310345,0.22175980975029727
10,eeg_eogreg_ts,NoVisuals,FixedVideo,30,36,12,0.3333333333333333,0.16358024691358022
10,eeg_eogreg_ts,NoVisuals,FixedVideo,60,16,5,0.3125,0.15625
10,eeg_eogreg_ts,NoVisuals,MovingTargetNoise,1,1192,572,0.4798657718120805,0.4729038106391604
10,eeg_eogreg_ts,NoVisuals,MovingTargetNoise,2,596,287,0.4815436241610738,0.45673618305481734
10,eeg_eogreg_ts,NoVisuals,MovingTargetNoise,5,236,116,0.4915254237288136,0.44268888250502725
10,eeg_eogreg_ts,NoVisuals,MovingTargetNoise,10,116,61,0.5258620689655172,0.4390606420927467
10,eeg_eogreg_ts,NoVisuals,MovingTargetNoise,30,36,21,0.5833333333333334,0.45987654320987653
10,eeg_eogreg_ts,NoVisuals,MovingTargetNoise,60,16,10,0.625,0.40625
10,eeg_eogreg_ts,NoVisuals,MovingVideo,1,1192,664,0.5570469798657718,0.581693955227242
10,eeg_eogreg_ts,NoVisuals,MovingVideo,2,596,335,0.5620805369127517,0.5804580874735372
10,eeg_eogreg_ts,NoVisuals,MovingVideo,5,236,137,0.5805084745762712,0.5716029876472278
10,eeg_eogreg_ts,NoVisuals,MovingVideo,10,116,67,0.5775862068965517,0.589179548156956
10,eeg_eogreg_ts,NoVisuals,MovingVideo,30,36,21,0.5833333333333334,0.5802469135802468
10,eeg_eogreg_ts,NoVisuals,MovingVideo,60,16,10,0.625,0.578125
10,eeg_eogreg_ts,NoVisuals,NoVisuals,1,1192,535,0.4488255033557047,0.3017206432142696
10,eeg_eogreg_ts,NoVisuals,NoVisuals,2,596,273,0.45805369127516776,0.28480699067609566
10,eeg_eogreg_ts,NoVisuals,NoVisuals,5,236,113,0.4788135593220339,0.24087905774202817
10,eeg_eogreg_ts,NoVisuals,NoVisuals,10,116,58,0.5,0.19262782401902498
10,eeg_eogreg_ts,NoVisuals,NoVisuals,30,36,18,0.5,0.11111111111111112
10,eeg_eogreg_ts,NoVisuals,NoVisuals,60,16,8,0.5,0.0625
10,eeg_post_ts,FixedVideo,FixedVideo,1,1192,539,0.4521812080536913,0.4515674969595964
10,eeg_post_ts,FixedVideo,FixedVideo,2,596,269,0.4513422818791946,0.44034052520156747
10,eeg_post_ts,FixedVideo,FixedVideo,5,236,111,0.4703389830508475,0.4698362539500143
10,eeg_post_ts,FixedVideo,FixedVideo,10,116,54,0.46551724137931033,0.49643281807372175
10,eeg_post_ts,FixedVideo,FixedVideo,30,36,18,0.5,0.5617283950617284
10,eeg_post_ts,FixedVideo,FixedVideo,60,16,4,0.25,0.46875
10,eeg_post_ts,FixedVideo,MovingTargetNoise,1,1192,582,0.48825503355704697,0.48702198099184724
10,eeg_post_ts,FixedVideo,MovingTargetNoise,2,596,280,0.4697986577181208,0.47670149993243544
10,eeg_post_ts,FixedVideo,MovingTargetNoise,5,236,107,0.4533898305084746,0.488078138465958
10,eeg_post_ts,FixedVideo,MovingTargetNoise,10,116,48,0.41379310344827586,0.485731272294887
10,eeg_post_ts,FixedVideo,MovingTargetNoise,30,36,16,0.4444444444444444,0.46604938271604934
10,eeg_post_ts,FixedVideo,MovingTargetNoise,60,16,7,0.4375,0.46875
10,eeg_post_ts,FixedVideo,MovingVideo,1,1192,569,0.4773489932885906,0.45843092653484074
10,eeg_post_ts,FixedVideo,MovingVideo,2,596,285,0.47818791946308725,0.46497905499752273
10,eeg_post_ts,FixedVideo,MovingVideo,5,236,113,0.4788135593220339,0.435650675093364
10,eeg_post_ts,FixedVideo,MovingVideo,10,116,52,0.4482758620689655,0.4215219976218787
10,eeg_post_ts,FixedVideo,MovingVideo,30,36,16,0.4444444444444444,0.4104938271604939
10,eeg_post_ts,FixedVideo,MovingVideo,60,16,7,0.4375,0.40625
10,eeg_post_ts,FixedVideo,NoVisuals,1,1192,549,0.46057046979865773,0.46262274221881894
10,eeg_post_ts,FixedVideo,NoVisuals,2,596,284,0.47651006711409394,0.4563533174181343
10,eeg_post_ts,FixedVideo,NoVisuals,5,236,99,0.4194915254237288,0.4300488365412238
10,eeg_post_ts,FixedVideo,NoVisuals,10,116,49,0.4224137931034483,0.42241379310344823
10,eeg_post_ts,FixedVideo,NoVisuals,30,36,16,0.4444444444444444,0.45679012345679015
10,eeg_post_ts,FixedVideo,NoVisuals,60,16,8,0.5,0.421875
10,eeg_post_ts,MovingTargetNoise,FixedVideo,1,1192,505,0.4236577181208054,0.40724235394802033
10,eeg_post_ts,MovingTargetNoise,FixedVideo,2,596,264,0.4429530201342282,0.4123575514616459
10,eeg_post_ts,MovingTargetNoise,FixedVideo,5,236,95,0.4025423728813559,0.3677822464808963
10,eeg_post_ts,MovingTargetNoise,FixedVideo,10,116,44,0.3793103448275862,0.32461355529131986
10,eeg_post_ts,MovingTargetNoise,FixedVideo,30,36,11,0.3055555555555556,0.2685185185185185
10,eeg_post_ts,MovingTargetNoise,FixedVideo,60,16,4,0.25,0.1875
10,eeg_post_ts,MovingTargetNoise,MovingTargetNoise,1,1192,559,0.46895973154362414,0.4332124679068511
10,eeg_post_ts,MovingTargetNoise,MovingTargetNoise,2,596,277,0.46476510067114096,0.4220080176568623
10,eeg_post_ts,MovingTargetNoise,MovingTargetNoise,5,236,114,0.4830508474576271,0.4395288710140764
10,eeg_post_ts,MovingTargetNoise,MovingTargetNoise,10,116,57,0.49137931034482757,0.40249702734839476
10,eeg_post_ts,MovingTargetNoise,MovingTargetNoise,30,36,18,0.5,0.3580246913580247
10,eeg_post_ts,MovingTargetNoise,MovingTargetNoise,60,16,8,0.5,0.125
10,eeg_post_ts,MovingTargetNoise,MovingVideo,1,1192,602,0.5050335570469798,0.4985529931084186
10,eeg_post_ts,MovingTargetNoise,MovingVideo,2,596,308,0.5167785234899329,0.5180960317102833
10,eeg_post_ts,MovingTargetNoise,MovingVideo,5,236,131,0.5550847457627118,0.550057454754381
10,eeg_post_ts,MovingTargetNoise,MovingVideo,10,116,63,0.5431034482758621,0.5659928656361475
10,eeg_post_ts,MovingTargetNoise,MovingVideo,30,36,19,0.5277777777777778,0.5925925925925927
10,eeg_post_ts,MovingTargetNoise,MovingVideo,60,16,8,0.5,0.53125
10,eeg_post_ts,MovingTargetNoise,NoVisuals,1,1192,583,0.4890939597315436,0.5003490833746227
10,eeg_post_ts,MovingTargetNoise,NoVisuals,2,596,292,0.4899328859060403,0.49248907706860046
10,eeg_post_ts,MovingTargetNoise,NoVisuals,5,236,111,0.4703389830508475,0.4765153691467969
10,eeg_post_ts,MovingTargetNoise,NoVisuals,10,116,50,0.43103448275862066,0.44708680142687274
10,eeg_post_ts,MovingTargetNoise,NoVisuals,30,36,16,0.4444444444444444,0.41975308641975306
10,eeg_post_ts,MovingTargetNoise,NoVisuals,60,16,8,0.5,0.375
10,eeg_post_ts,MovingVideo,FixedVideo,1,1192,568,0.47651006711409394,0.44835536687536603
10,eeg_post_ts,MovingVideo,FixedVideo,2,596,295,0.4949664429530201,0.4494279536957795
10,eeg_post_ts,MovingVideo,FixedVideo,5,236,98,0.4152542372881356,0.3998850904912382
10,eeg_post_ts,MovingVideo,FixedVideo,10,116,53,0.45689655172413796,0.38049940546967903
10,eeg_post_ts,MovingVideo,FixedVideo,30,36,13,0.3611111111111111,0.2932098765432099
10,eeg_post_ts,MovingVideo,FixedVideo,60,16,6,0.375,0.171875
10,eeg_post_ts,MovingVideo,MovingTargetNoise,1,1192,585,0.49077181208053694,0.46215260573848027
10,eeg_post_ts,MovingVideo,MovingTargetNoise,2,596,290,0.4865771812080537,0.4726251069771632
10,eeg_post_ts,MovingVideo,MovingTargetNoise,5,236,123,0.5211864406779662,0.47866992243608153
10,eeg_post_ts,MovingVideo,MovingTargetNoise,10,116,58,0.5,0.48275862068965514
10,eeg_post_ts,MovingVideo,MovingTargetNoise,30,36,21,0.5833333333333334,0.5030864197530864
10,eeg_post_ts,MovingVideo,MovingTargetNoise,60,16,7,0.4375,0.4375
10,eeg_post_ts,MovingVideo,MovingVideo,1,1192,592,0.4966442953020134,0.44139340570244584
10,eeg_post_ts,MovingVideo,MovingVideo,2,596,295,0.4949664429530201,0.45302013422818793
10,eeg_post_ts,MovingVideo,MovingVideo,5,236,118,0.5,0.47357081298477444
10,eeg_post_ts,MovingVideo,MovingVideo,10,116,58,0.5,0.4512485136741974
10,eeg_post_ts,MovingVideo,MovingVideo,30,36,18,0.5,0.38888888888888895
10,eeg_post_ts,MovingVideo,MovingVideo,60,16,8,0.5,0.34375
10,eeg_post_ts,MovingVideo,NoVisuals,1,1192,618,0.5184563758389261,0.5319608350975181
10,eeg_post_ts,MovingVideo,NoVisuals,2,596,324,0.5436241610738255,0.5348182514301157
10,eeg_post_ts,MovingVideo,NoVisuals,5,236,115,0.4872881355932203,0.516087331226659
10,eeg_post_ts,MovingVideo,NoVisuals,10,116,62,0.5344827586206896,0.520808561236623
10,eeg_post_ts,MovingVideo,NoVisuals,30,36,18,0.5,0.5432098765432098
10,eeg_post_ts,MovingVideo,NoVisuals,60,16,9,0.5625,0.515625
10,eeg_post_ts,NoVisuals,FixedVideo,1,1192,561,0.47063758389261745,0.463005607855502
10,eeg_post_ts,NoVisuals,FixedVideo,2,596,269,0.4513422818791946,0.431444529525697
10,eeg_post_ts,NoVisuals,FixedVideo,5,236,115,0.4872881355932203,0.4081442114334961
10,eeg_post_ts,NoVisuals,FixedVideo,10,116,50,0.43103448275862066,0.379013079667063
10,eeg_post_ts,NoVisuals,FixedVideo,30,36,13,0.3611111111111111,0.2777777777777778
10,eeg_post_ts,NoVisuals,FixedVideo,60,16,5,0.3125,0.265625
10,eeg_post_ts,NoVisuals,MovingTargetNoise,1,1192,576,0.48322147651006714,0.4754797081212558
10,eeg_post_ts,NoVisuals,MovingTargetNoise,2,596,295,0.4949664429530201,0.48373947119499117
10,eeg_post_ts,NoVisuals,MovingTargetNoise,5,236,116,0.4915254237288136,0.4788135593220339
10,eeg_post_ts,NoVisuals,MovingTargetNoise,10,116,55,0.47413793103448276,0.4821640903686088
10,eeg_post_ts,NoVisuals,MovingTargetNoise,30,36,19,0.5277777777777778,0.5030864197530864
10,eeg_post_ts,NoVisuals,MovingTargetNoise,60,16,9,0.5625,0.515625
10,eeg_post_ts,NoVisuals,MovingVideo,1,1192,662,0.5553691275167785,0.55556056033512
10,eeg_post_ts,NoVisuals,MovingVideo,2,596,316,0.5302013422818792,0.5562362055763254
10,eeg_post_ts,NoVisuals,MovingVideo,5,236,123,0.5211864406779662,0.5639902326917553
10,eeg_post_ts,NoVisuals,MovingVideo,10,116,67,0.5775862068965517,0.5915576694411415
10,eeg_post_ts,NoVisuals,MovingVideo,30,36,19,0.5277777777777778,0.6049382716049383
10,eeg_post_ts,NoVisuals,MovingVideo,60,16,8,0.5,0.625
10,eeg_post_ts,NoVisuals,NoVisuals,1,1192,566,0.4748322147651007,0.4556438899148687
10,eeg_post_ts,NoVisuals,NoVisuals,2,596,289,0.4848993288590604,0.428291518400072
10,eeg_post_ts,NoVisuals,NoVisuals,5,236,113,0.4788135593220339,0.3882505027291009
10,eeg_post_ts,NoVisuals,NoVisuals,10,116,60,0.5172413793103449,0.35196195005945297
10,eeg_post_ts,NoVisuals,NoVisuals,30,36,18,0.5,0.2716049382716049
10,eeg_post_ts,NoVisuals,NoVisuals,60,16,8,0.5,0.1875
10,eeg_ts,FixedVideo,FixedVideo,1,1192,514,0.4312080536912752,0.28591617494707444
10,eeg_ts,FixedVideo,FixedVideo,2,596,264,0.4429530201342282,0.22697175802891761
10,eeg_ts,FixedVideo,FixedVideo,5,236,106,0.4491525423728814,0.18241884515943696
10,eeg_ts,FixedVideo,FixedVideo,10,116,53,0.45689655172413796,0.15695600475624255
10,eeg_ts,FixedVideo,FixedVideo,30,36,16,0.4444444444444444,0.08641975308641975
10,eeg_ts,FixedVideo,FixedVideo,60,16,7,0.4375,0.03125
10,eeg_ts,FixedVideo,MovingTargetNoise,1,1192,529,0.4437919463087248,0.43640770686005137
10,eeg_ts,FixedVideo,MovingTargetNoise,2,596,251,0.4211409395973154,0.42441781901716136
10,eeg_ts,FixedVideo,MovingTargetNoise,5,236,92,0.3898305084745763,0.440247055443838
10,eeg_ts,FixedVideo,MovingTargetNoise,10,116,39,0.33620689655172414,0.4464922711058264
10,eeg_ts,FixedVideo,MovingTargetNoise,30,36,13,0.3611111111111111,0.45370370370370366
10,eeg_ts,FixedVideo,MovingTargetNoise,60,16,5,0.3125,0.453125
10,eeg_ts,FixedVideo,MovingVideo,1,1192,523,0.438758389261745,0.41937300121616145
10,eeg_ts,FixedVideo,MovingVideo,2,596,253,0.42449664429530204,0.3924485383541282
10,eeg_ts,FixedVideo,MovingVideo,5,236,94,0.3983050847457627,0.35650675093363976
10,eeg_ts,FixedVideo,MovingVideo,10,116,42,0.3620689655172414,0.3234244946492271
10,eeg_ts,FixedVideo,MovingVideo,30,36,10,0.2777777777777778,0.25
10,eeg_ts,FixedVideo,MovingVideo,60,16,5,0.3125,0.3125
10,eeg_ts,FixedVideo,NoVisuals,1,1192,410,0.34395973154362414,0.29242770595919104
10,eeg_ts,FixedVideo,NoVisuals,2,596,193,0.3238255033557047,0.28243097157785685
10,eeg_ts,FixedVideo,NoVisuals,5,236,79,0.3347457627118644,0.2755673656995116
10,eeg_ts,FixedVideo,NoVisuals,10,116,37,0.31896551724137934,0.254756242568371
10,eeg_ts,FixedVideo,NoVisuals,30,36,10,0.2777777777777778,0.26543209876543206
10,eeg_ts,FixedVideo,NoVisuals,60,16,5,0.3125,0.25
10,eeg_ts,MovingTargetNoise,FixedVideo,1,1192,463,0.3884228187919463,0.3155572947164542
10,eeg_ts,MovingTargetNoise,FixedVideo,2,596,218,0.36577181208053694,0.2983311562542228
10,eeg_ts,MovingTargetNoise,FixedVideo,5,236,83,0.3516949152542373,0.2561045676529733
10,eeg_ts,MovingTargetNoise,FixedVideo,10,116,43,0.3706896551724138,0.1893579072532699
10,eeg_ts,MovingTargetNoise,FixedVideo,30,36,17,0.4722222222222222,0.12962962962962965
10,eeg_ts,MovingTargetNoise,FixedVideo,60,16,7,0.4375,0.0
10,eeg_ts,MovingTargetNoise,MovingTargetNoise,1,1192,467,0.39177852348993286,0.14928381604432234
10,eeg_ts,MovingTargetNoise,MovingTargetNoise,2,596,230,0.3859060402684564,0.12186388000540516
10,eeg_ts,MovingTargetNoise,MovingTargetNoise,5,236,89,0.3771186440677966,0.10112036771042804
10,eeg_ts,MovingTargetNoise,MovingTargetNoise,10,116,45,0.3879310344827586,0.0760998810939358
10,eeg_ts,MovingTargetNoise,MovingTargetNoise,30,36,13,0.3611111111111111,0.061728395061728406
10,eeg_ts,MovingTargetNoise,MovingTargetNoise,60,16,6,0.375,0.03125
10,eeg_ts,MovingTargetNoise,MovingVideo,1,1192,714,0.5989932885906041,0.6329838746002432
10,eeg_ts,MovingTargetNoise,MovingVideo,2,596,351,0.5889261744966443,0.6522904373676862
10,eeg_ts,MovingTargetNoise,MovingVideo,5,236,148,0.6271186440677966,0.6681269750071819
10,eeg_ts,MovingTargetNoise,MovingVideo,10,116,70,0.603448275862069,0.6798454221165279
10,eeg_ts,MovingTargetNoise,MovingVideo,30,36,21,0.5833333333333334,0.7037037037037037
10,eeg_ts,MovingTargetNoise,MovingVideo,60,16,9,0.5625,0.75
10,eeg_ts,MovingTargetNoise,NoVisuals,1,1192,565,0.473993288590604,0.5081612314760596
10,eeg_ts,MovingTargetNoise,NoVisuals,2,596,279,0.46812080536912754,0.5047182559344174
10,eeg_ts,MovingTargetNoise,NoVisuals,5,236,116,0.4915254237288136,0.5000000000000001
10,eeg_ts,MovingTargetNoise,NoVisuals,10,116,49,0.4224137931034483,0.4863258026159334
10,eeg_ts,MovingTargetNoise,NoVisuals,30,36,13,0.3611111111111111,0.4506172839506173
10,eeg_ts,MovingTargetNoise,NoVisuals,60,16,5,0.3125,0.515625
10,eeg_ts,MovingVideo,FixedVideo,1,1192,492,0.412751677852349,0.3662503941263907
10,eeg_ts,MovingVideo,FixedVideo,2,596,244,0.40939597315436244,0.378530246385298
10,eeg_ts,MovingVideo,FixedVideo,5,236,94,0.3983050847457627,0.4001723642631428
10,eeg_ts,MovingVideo,FixedVideo,10,116,44,0.3793103448275862,0.39863258026159337
10,eeg_ts,MovingVideo,FixedVideo,30,36,11,0.3055555555555556,0.42283950617283955
10,eeg_ts,MovingVideo,FixedVideo,60,16,4,0.25,0.453125
10,eeg_ts,MovingVideo,MovingTargetNoise,1,1192,661,0.5545302013422819,0.5320481059411738
10,eeg_ts,MovingVideo,MovingTargetNoise,2,596,342,0.5738255033557047,0.5346155578577542
10,eeg_ts,MovingVideo,MovingTargetNoise,5,236,134,0.5677966101694916,0.5269319161160586
10,eeg_ts,MovingVideo,MovingTargetNoise,10,116,67,0.5775862068965517,0.5169441141498217
10,eeg_ts,MovingVideo,MovingTargetNoise,30,36,20,0.5555555555555556,0.5092592592592593
10,eeg_ts,MovingVideo,MovingTargetNoise,60,16,9,0.5625,0.515625
10,eeg_ts,MovingVideo,MovingVideo,1,1192,309,0.25922818791946306,0.08086347461826045
10,eeg_ts,MovingVideo,MovingVideo,2,596,173,0.2902684563758389,0.07983874600243232
10,eeg_ts,MovingVideo,MovingVideo,5,236,75,0.3177966101694915,0.07598391266877334
10,eeg_ts,MovingVideo,MovingVideo,10,116,35,0.3017241379310345,0.031510107015457776
10,eeg_ts,MovingVideo,MovingVideo,30,36,9,0.25,0.006172839506172842
10,eeg_ts,MovingVideo,MovingVideo,60,16,5,0.3125,0.0
10,eeg_ts,MovingVideo,NoVisuals,1,1192,618,0.5184563758389261,0.5950970676996532
10,eeg_ts,MovingVideo,NoVisuals,2,596,308,0.5167785234899329,0.5961330570695014
10,eeg_ts,MovingVideo,NoVisuals,5,236,114,0.4830508474576271,0.5604711289859237
10,eeg_ts,MovingVideo,NoVisuals,10,116,53,0.45689655172413796,0.5582639714625446
10,eeg_ts,MovingVideo,NoVisuals,30,36,18,0.5,0.5617283950617283
10,eeg_ts,MovingVideo,NoVisuals,60,16,8,0.5,0.578125
10,eeg_ts,NoVisuals,FixedVideo,1,1192,412,0.34563758389261745,0.24896401063015178
10,eeg_ts,NoVisuals,FixedVideo,2,596,206,0.34563758389261745,0.2350344579073015
10,eeg_ts,NoVisuals,FixedVideo,5,236,78,0.3305084745762712,0.19319161160586037
10,eeg_ts,NoVisuals,FixedVideo,10,116,37,0.31896551724137934,0.14863258026159337
10,eeg_ts,NoVisuals,FixedVideo,30,36,11,0.3055555555555556,0.10185185185185185
10,eeg_ts,NoVisuals,FixedVideo,60,16,5,0.3125,0.0625
10,eeg_ts,NoVisuals,MovingTargetNoise,1,1192,566,0.4748322147651007,0.49190914823656595
10,eeg_ts,NoVisuals,MovingTargetNoise,2,596,287,0.4815436241610738,0.4818814467816765
10,eeg_ts,NoVisuals,MovingTargetNoise,5,236,122,0.5169491525423728,0.4708417121516805
10,eeg_ts,NoVisuals,MovingTargetNoise,10,116,60,0.5172413793103449,0.4628418549346017
10,eeg_ts,NoVisuals,MovingTargetNoise,30,36,21,0.5833333333333334,0.4598765432098765
10,eeg_ts,NoVisuals,MovingTargetNoise,60,16,9,0.5625,0.421875
10,eeg_ts,NoVisuals,MovingVideo,1,1192,639,0.5360738255033557,0.5608080717084816
10,eeg_ts,NoVisuals,MovingVideo,2,596,328,0.5503355704697986,0.5929124814197558
10,eeg_ts,NoVisuals,MovingVideo,5,236,128,0.5423728813559322,0.5781384659580581
10,eeg_ts,NoVisuals,MovingVideo,10,116,61,0.5258620689655172,0.5951248513674197
10,eeg_ts,NoVisuals,MovingVideo,30,36,19,0.5277777777777778,0.6728395061728395
10,eeg_ts,NoVisuals,MovingVideo,60,16,9,0.5625,0.625
10,eeg_ts,NoVisuals,NoVisuals,1,1192,531,0.44546979865771813,0.2955891626503311
10,eeg_ts,NoVisuals,NoVisuals,2,596,264,0.4429530201342282,0.26874915544344846
10,eeg_ts,NoVisuals,NoVisuals,5,236,104,0.4406779661016949,0.2367135880494111
10,eeg_ts,NoVisuals,NoVisuals,10,116,52,0.4482758620689655,0.1759809750297265
10,eeg_ts,NoVisuals,NoVisuals,30,36,17,0.4722222222222222,0.11111111111111112
10,eeg_ts,NoVisuals,NoVisuals,60,16,8,0.5,0.03125
10,eog_ts,FixedVideo,FixedVideo,1,1192,450,0.3775167785234899,0.28754335390297736
10,eog_ts,FixedVideo,FixedVideo,2,596,235,0.39429530201342283,0.30325210576100176
10,eog_ts,FixedVideo,FixedVideo,5,236,92,0.3898305084745763,0.2869864981327205
10,eog_ts,FixedVideo,FixedVideo,10,116,45,0.3879310344827586,0.27110582639714625
10,eog_ts,FixedVideo,FixedVideo,30,36,14,0.3888888888888889,0.18518518518518517
10,eog_ts,FixedVideo,FixedVideo,60,16,7,0.4375,0.125
10,eog_ts,FixedVideo,MovingTargetNoise,1,1192,595,0.49916107382550334,0.4881987297869465
10,eog_ts,FixedVideo,MovingTargetNoise,2,596,286,0.4798657718120805,0.46290707625782623
10,eog_ts,FixedVideo,MovingTargetNoise,5,236,112,0.4745762711864407,0.42933065211146226
10,eog_ts,FixedVideo,MovingTargetNoise,10,116,45,0.3879310344827586,0.39357907253269914
10,eog_ts,FixedVideo,MovingTargetNoise,30,36,11,0.3055555555555556,0.3271604938271605
10,eog_ts,FixedVideo,MovingTargetNoise,60,16,5,0.3125,0.296875
10,eog_ts,FixedVideo,MovingVideo,1,1192,661,0.5545302013422819,0.5903281383721454
10,eog_ts,FixedVideo,MovingVideo,2,596,339,0.5687919463087249,0.5874960587360931
10,eog_ts,FixedVideo,MovingVideo,5,236,131,0.5550847457627118,0.537704682562482
10,eog_ts,FixedVideo,MovingVideo,10,116,65,0.5603448275862069,0.5439952437574316
10,eog_ts,FixedVideo,MovingVideo,30,36,19,0.5277777777777778,0.5740740740740741
10,eog_ts,FixedVideo,MovingVideo,60,16,10,0.625,0.546875
10,eog_ts,FixedVideo,NoVisuals,1,1192,596,0.5,0.5094871852619252
10,eog_ts,FixedVideo,NoVisuals,2,596,302,0.5067114093959731,0.5415071393180487
10,eog_ts,FixedVideo,NoVisuals,5,236,124,0.5254237288135594,0.5644929617925883
10,eog_ts,FixedVideo,NoVisuals,10,116,66,0.5689655172413793,0.5865041617122473
10,eog_ts,FixedVideo,NoVisuals,30,36,21,0.5833333333333334,0.6481481481481481
10,eog_ts,FixedVideo,NoVisuals,60,16,9,0.5625,0.671875
10,eog_ts,MovingTargetNoise,FixedVideo,1,1192,575,0.4823825503355705,0.4887448763569209
10,eog_ts,MovingTargetNoise,FixedVideo,2,596,275,0.46140939597315433,0.4610940948605919
10,eog_ts,MovingTargetNoise,FixedVideo,5,236,102,0.4322033898305085,0.40555874748635445
10,eog_ts,MovingTargetNoise,FixedVideo,10,116,54,0.46551724137931033,0.39030915576694414
10,eog_ts,MovingTargetNoise,FixedVideo,30,36,17,0.4722222222222222,0.4074074074074074
10,eog_ts,MovingTargetNoise,FixedVideo,60,16,8,0.5,0.375
10,eog_ts,MovingTargetNoise,MovingTargetNoise,1,1192,510,0.4278523489932886,0.3235665060132426
10,eog_ts,MovingTargetNoise,MovingTargetNoise,2,596,256,0.42953020134228187,0.3264042160263051
10,eog_ts,MovingTargetNoise,MovingTargetNoise,5,236,100,0.423728813559322,0.3351048549267452
10,eog_ts,MovingTargetNoise,MovingTargetNoise,10,116,47,0.4051724137931034,0.3240190249702735
10,eog_ts,MovingTargetNoise,MovingTargetNoise,30,36,15,0.4166666666666667,0.31481481481481477
10,eog_ts,MovingTargetNoise,MovingTargetNoise,60,16,7,0.4375,0.28125
10,eog_ts,MovingTargetNoise,MovingVideo,1,1192,539,0.4521812080536913,0.4548471915679474
10,eog_ts,MovingTargetNoise,MovingVideo,2,596,270,0.45302013422818793,0.45390973379577493
10,eog_ts,MovingTargetNoise,MovingVideo,5,236,105,0.4449152542372881,0.4452025280091928
10,eog_ts,MovingTargetNoise,MovingVideo,10,116,51,0.4396551724137931,0.42598097502972654
10,eog_ts,MovingTargetNoise,MovingVideo,30,36,16,0.4444444444444444,0.4537037037037037
10,eog_ts,MovingTargetNoise,MovingVideo,60,16,8,0.5,0.40625
10,eog_ts,MovingTargetNoise,NoVisuals,1,1192,582,0.48825503355704697,0.4293725507860006
10,eog_ts,MovingTargetNoise,NoVisuals,2,596,296,0.4966442953020134,0.4065695238953201
10,eog_ts,MovingTargetNoise,NoVisuals,5,236,117,0.4957627118644068,0.32368572249353633
10,eog_ts,MovingTargetNoise,NoVisuals,10,116,57,0.49137931034482757,0.27675386444708683
10,eog_ts,MovingTargetNoise,NoVisuals,30,36,18,0.5,0.21296296296296297
10,eog_ts,MovingTargetNoise,NoVisuals,60,16,8,0.5,0.171875
10,eog_ts,MovingVideo,FixedVideo,1,1192,615,0.5159395973154363,0.5405049322102609
10,eog_ts,MovingVideo,FixedVideo,2,596,312,0.5234899328859061,0.5448403225079952
10,eog_ts,MovingVideo,FixedVideo,5,236,119,0.5042372881355932,0.5353346739442689
10,eog_ts,MovingVideo,FixedVideo,10,116,58,0.5,0.528537455410226
10,eog_ts,MovingVideo,FixedVideo,30,36,16,0.4444444444444444,0.5185185185185185
10,eog_ts,MovingVideo,FixedVideo,60,16,7,0.4375,0.546875
10,eog_ts,MovingVideo,MovingTargetNoise,1,1192,594,0.4983221476510067,0.49131795865051126
10,eog_ts,MovingVideo,MovingTargetNoise,2,596,301,0.5050335570469798,0.5062271969731094
10,eog_ts,MovingVideo,MovingTargetNoise,5,236,128,0.5423728813559322,0.5347601264004597
10,eog_ts,MovingVideo,MovingTargetNoise,10,116,60,0.5172413793103449,0.560344827586207
10,eog_ts,MovingVideo,MovingTargetNoise,30,36,21,0.5833333333333334,0.5709876543209876
10,eog_ts,MovingVideo,MovingTargetNoise,60,16,9,0.5625,0.625
10,eog_ts,MovingVideo,MovingVideo,1,1192,440,0.3691275167785235,0.18710305842079186
10,eog_ts,MovingVideo,MovingVideo,2,596,216,0.3624161073825503,0.1733705688932931
10,eog_ts,MovingVideo,MovingVideo,5,236,81,0.3432203389830508,0.18457339844872162
10,eog_ts,MovingVideo,MovingVideo,10,116,38,0.3275862068965517,0.13376932223543403
10,eog_ts,MovingVideo,MovingVideo,30,36,13,0.3611111111111111,0.04320987654320989
10,eog_ts,MovingVideo,MovingVideo,60,16,5,0.3125,0.03125
10,eog_ts,MovingVideo,NoVisuals,1,1192,621,0.5209731543624161,0.49564490338273054
10,eog_ts,MovingVideo,NoVisuals,2,596,296,0.4966442953020134,0.4804738525291654
10,eog_ts,MovingVideo,NoVisuals,5,236,109,0.461864406779661,0.450373455903476
10,eog_ts,MovingVideo,NoVisuals,10,116,48,0.41379310344827586,0.44381688466111774
10,eog_ts,MovingVideo,NoVisuals,30,36,15,0.4166666666666667,0.4691358024691358
10,eog_ts,MovingVideo,NoVisuals,60,16,6,0.375,0.46875
10,eog_ts,NoVisuals,FixedVideo,1,1192,616,0.5167785234899329,0.5078797126255574
10,eog_ts,NoVisuals,FixedVideo,2,596,315,0.5285234899328859,0.5304603396243412
10,eog_ts,NoVisuals,FixedVideo,5,236,119,0.5042372881355932,0.5549411088767595
10,eog_ts,NoVisuals,FixedVideo,10,116,59,0.5086206896551724,0.5490487514863258
10,eog_ts,NoVisuals,FixedVideo,30,36,19,0.5277777777777778,0.5648148148148148
10,eog_ts,NoVisuals,FixedVideo,60,16,8,0.5,0.609375
10,eog_ts,NoVisuals,MovingTargetNoise,1,1192,502,0.4211409395973154,0.42074118282960227
10,eog_ts,NoVisuals,MovingTargetNoise,2,596,232,0.38926174496644295,0.40530831944507006
10,eog_ts,NoVisuals,MovingTargetNoise,5,236,91,0.3855932203389831,0.41769606434932494
10,eog_ts,NoVisuals,MovingTargetNoise,10,116,42,0.3620689655172414,0.40309155766944105
10,eog_ts,NoVisuals,MovingTargetNoise,30,36,10,0.2777777777777778,0.36419753086419754
10,eog_ts,NoVisuals,MovingTargetNoise,60,16,4,0.25,0.375
10,eog_ts,NoVisuals,MovingVideo,1,1192,578,0.4848993288590604,0.5181917481194541
10,eog_ts,NoVisuals,MovingVideo,2,596,271,0.4546979865771812,0.5202017927120399
10,eog_ts,NoVisuals,MovingVideo,5,236,119,0.5042372881355932,0.5025854639471417
10,eog_ts,NoVisuals,MovingVideo,10,116,58,0.5,0.5050535077288941
10,eog_ts,NoVisuals,MovingVideo,30,36,18,0.5,0.49382716049382713
10,eog_ts,NoVisuals,MovingVideo,60,16,8,0.5,0.46875
10,eog_ts,NoVisuals,NoVisuals,1,1192,511,0.4286912751677852,0.4089173911085086
10,eog_ts,NoVisuals,NoVisuals,2,596,272,0.4563758389261745,0.4419395522724202
10,eog_ts,NoVisuals,NoVisuals,5,236,110,0.4661016949152542,0.48692904337833953
10,eog_ts,NoVisuals,NoVisuals,10,116,50,0.43103448275862066,0.48989298454221164
10,eog_ts,NoVisuals,NoVisuals,30,36,17,0.4722222222222222,0.41975308641975306
10,eog_ts,NoVisuals,NoVisuals,60,16,9,0.5625,0.34375
10,gazectrl_csp,FixedVideo,FixedVideo,1,1192,575,0.4823825503355705,0.4893360659429755
10,gazectrl_csp,FixedVideo,FixedVideo,2,596,279,0.46812080536912754,0.4612855276789334
10,gazectrl_csp,FixedVideo,FixedVideo,5,236,110,0.4661016949152542,0.4566216604424016
10,gazectrl_csp,FixedVideo,FixedVideo,10,116,54,0.46551724137931033,0.43638525564803804
10,gazectrl_csp,FixedVideo,FixedVideo,30,36,16,0.4444444444444444,0.40740740740740744
10,gazectrl_csp,FixedVideo,FixedVideo,60,16,7,0.4375,0.375
10,gazectrl_csp,FixedVideo,MovingTargetNoise,1,1192,599,0.50251677852349,0.4892065672717445
10,gazectrl_csp,FixedVideo,MovingTargetNoise,2,596,303,0.5083892617449665,0.4849556326291608
10,gazectrl_csp,FixedVideo,MovingTargetNoise,5,236,122,0.5169491525423728,0.4847026716460787
10,gazectrl_csp,FixedVideo,MovingTargetNoise,10,116,58,0.5,0.47384066587395957
10,gazectrl_csp,FixedVideo,MovingTargetNoise,30,36,21,0.5833333333333334,0.45679012345679015
10,gazectrl_csp,FixedVideo,MovingTargetNoise,60,16,8,0.5,0.484375
10,gazectrl_csp,FixedVideo,MovingVideo,1,1192,548,0.4597315436241611,0.4490056754200261
10,gazectrl_csp,FixedVideo,MovingVideo,2,596,268,0.44966442953020136,0.4448673483176434
10,gazectrl_csp,FixedVideo,MovingVideo,5,236,110,0.4661016949152542,0.43234702671646075
10,gazectrl_csp,FixedVideo,MovingVideo,10,116,48,0.41379310344827586,0.4295481569560048
10,gazectrl_csp,FixedVideo,MovingVideo,30,36,17,0.4722222222222222,0.3827160493827161
10,gazectrl_csp,FixedVideo,MovingVideo,60,16,8,0.5,0.328125
10,gazectrl_csp,FixedVideo,NoVisuals,1,1192,560,0.4697986577181208,0.4755669789649115
10,gazectrl_csp,FixedVideo,NoVisuals,2,596,291,0.48825503355704697,0.46137561371109403
10,gazectrl_csp,FixedVideo,NoVisuals,5,236,106,0.4491525423728814,0.4187015225509911
10,gazectrl_csp,FixedVideo,NoVisuals,10,116,54,0.46551724137931033,0.3992271105826397
10,gazectrl_csp,FixedVideo,NoVisuals,30,36,18,0.5,0.3395061728395062
10,gazectrl_csp,FixedVideo,NoVisuals,60,16,7,0.4375,0.296875
10,gazectrl_csp,MovingTargetNoise,FixedVideo,1,1192,581,0.4874161073825503,0.48840705373631815
10,gazectrl_csp,MovingTargetNoise,FixedVideo,2,596,281,0.4714765100671141,0.47298545110580603
10,gazectrl_csp,MovingTargetNoise,FixedVideo,5,236,121,0.5127118644067796,0.5293737431772478
10,gazectrl_csp,MovingTargetNoise,FixedVideo,10,116,65,0.5603448275862069,0.5514268727705113
10,gazectrl_csp,MovingTargetNoise,FixedVideo,30,36,19,0.5277777777777778,0.6049382716049383
10,gazectrl_csp,MovingTargetNoise,FixedVideo,60,16,8,0.5,0.734375
10,gazectrl_csp,MovingTargetNoise,MovingTargetNoise,1,1192,569,0.4773489932885906,0.45580154047114996
10,gazectrl_csp,MovingTargetNoise,MovingTargetNoise,2,596,278,0.4664429530201342,0.46403315165983516
10,gazectrl_csp,MovingTargetNoise,MovingTargetNoise,5,236,110,0.4661016949152542,0.4461361677678828
10,gazectrl_csp,MovingTargetNoise,MovingTargetNoise,10,116,54,0.46551724137931033,0.4435196195005945
10,gazectrl_csp,MovingTargetNoise,MovingTargetNoise,30,36,18,0.5,0.37037037037037035
10,gazectrl_csp,MovingTargetNoise,MovingTargetNoise,60,16,8,0.5,0.25
10,gazectrl_csp,MovingTargetNoise,MovingVideo,1,1192,556,0.4664429530201342,0.47460136930768887
10,gazectrl_csp,MovingTargetNoise,MovingVideo,2,596,272,0.4563758389261745,0.47540651322012517
10,gazectrl_csp,MovingTargetNoise,MovingVideo,5,236,103,0.4364406779661017,0.4217178971559896
10,gazectrl_csp,MovingTargetNoise,MovingVideo,10,116,47,0.4051724137931034,0.4134958382877527
10,gazectrl_csp,MovingTargetNoise,MovingVideo,30,36,15,0.4166666666666667,0.41358024691358025
10,gazectrl_csp,MovingTargetNoise,MovingVideo,60,16,8,0.5,0.390625
10,gazectrl_csp,MovingTargetNoise,NoVisuals,1,1192,588,0.49328859060402686,0.5011964551146344
10,gazectrl_csp,MovingTargetNoise,NoVisuals,2,596,286,0.4798657718120805,0.4859578397369487
10,gazectrl_csp,MovingTargetNoise,NoVisuals,5,236,116,0.4915254237288136,0.5043091065785694
10,gazectrl_csp,MovingTargetNoise,NoVisuals,10,116,60,0.5172413793103449,0.5044589774078478
10,gazectrl_csp,MovingTargetNoise,NoVisuals,30,36,18,0.5,0.5462962962962963
10,gazectrl_csp,MovingTargetNoise,NoVisuals,60,16,8,0.5,0.5
10,gazectrl_csp,MovingVideo,FixedVideo,1,1192,608,0.5100671140939598,0.4911969055447953
10,gazectrl_csp,MovingVideo,FixedVideo,2,596,293,0.49161073825503354,0.4801360299085627
10,gazectrl_csp,MovingVideo,FixedVideo,5,236,114,0.4830508474576271,0.4942545245619075
10,gazectrl_csp,MovingVideo,FixedVideo,10,116,54,0.46551724137931033,0.4875148632580262
10,gazectrl_csp,MovingVideo,FixedVideo,30,36,19,0.5277777777777778,0.4629629629629629
10,gazectrl_csp,MovingVideo,FixedVideo,60,16,8,0.5,0.40625
10,gazectrl_csp,MovingVideo,MovingTargetNoise,1,1192,596,0.5,0.4777149677942435
10,gazectrl_csp,MovingVideo,MovingTargetNoise,2,596,302,0.5067114093959731,0.474618260438719
10,gazectrl_csp,MovingVideo,MovingTargetNoise,5,236,116,0.4915254237288136,0.463228957196208
10,gazectrl_csp,MovingVideo,MovingTargetNoise,10,116,53,0.45689655172413796,0.4527348394768133
10,gazectrl_csp,MovingVideo,MovingTargetNoise,30,36,16,0.4444444444444444,0.40740740740740744
10,gazectrl_csp,MovingVideo,MovingTargetNoise,60,16,7,0.4375,0.328125
10,gazectrl_csp,MovingVideo,MovingVideo,1,1192,584,0.4899328859060403,0.4803556146119544
10,gazectrl_csp,MovingVideo,MovingVideo,2,596,289,0.4848993288590604,0.47828926624926804
10,gazectrl_csp,MovingVideo,MovingVideo,5,236,116,0.4915254237288136,0.45303073829359375
10,gazectrl_csp,MovingVideo,MovingVideo,10,116,58,0.5,0.441141498216409
10,gazectrl_csp,MovingVideo,MovingVideo,30,36,17,0.4722222222222222,0.38888888888888895
10,gazectrl_csp,MovingVideo,MovingVideo,60,16,9,0.5625,0.46875
10,gazectrl_csp,MovingVideo,NoVisuals,1,1192,577,0.48406040268456374,0.48787216792036403
10,gazectrl_csp,MovingVideo,NoVisuals,2,596,283,0.4748322147651007,0.4797644250258997
10,gazectrl_csp,MovingVideo,NoVisuals,5,236,111,0.4703389830508475,0.4658862395863258
10,gazectrl_csp,MovingVideo,NoVisuals,10,116,53,0.45689655172413796,0.46284185493460167
10,gazectrl_csp,MovingVideo,NoVisuals,30,36,17,0.4722222222222222,0.4814814814814815
10,gazectrl_csp,MovingVideo,NoVisuals,60,16,8,0.5,0.515625
10,gazectrl_csp,NoVisuals,FixedVideo,1,1192,532,0.4463087248322148,0.42739910364398
10,gazectrl_csp,NoVisuals,FixedVideo,2,596,284,0.47651006711409394,0.4624341245889825
10,gazectrl_csp,NoVisuals,FixedVideo,5,236,111,0.4703389830508475,0.45245619074978455
10,gazectrl_csp,NoVisuals,FixedVideo,10,116,56,0.4827586206896552,0.4289536266349584
10,gazectrl_csp,NoVisuals,FixedVideo,30,36,17,0.4722222222222222,0.4135802469135802
10,gazectrl_csp,NoVisuals,FixedVideo,60,16,8,0.5,0.359375
10,gazectrl_csp,NoVisuals,MovingTargetNoise,1,1192,612,0.5134228187919463,0.4702321967478942
10,gazectrl_csp,NoVisuals,MovingTargetNoise,2,596,315,0.5285234899328859,0.5117224449349129
10,gazectrl_csp,NoVisuals,MovingTargetNoise,5,236,124,0.5254237288135594,0.5138609594943981
10,gazectrl_csp,NoVisuals,MovingTargetNoise,10,116,62,0.5344827586206896,0.5184304399524376
10,gazectrl_csp,NoVisuals,MovingTargetNoise,30,36,18,0.5,0.537037037037037
10,gazectrl_csp,NoVisuals,MovingTargetNoise,60,16,8,0.5,0.46875
10,gazectrl_csp,NoVisuals,MovingVideo,1,1192,592,0.4966442953020134,0.4716397910004054
10,gazectrl_csp,NoVisuals,MovingVideo,2,596,297,0.4983221476510067,0.49507905049322104
10,gazectrl_csp,NoVisuals,MovingVideo,5,236,113,0.4788135593220339,0.5096954898017811
10,gazectrl_csp,NoVisuals,MovingVideo,10,116,57,0.49137931034482757,0.5089179548156956
10,gazectrl_csp,NoVisuals,MovingVideo,30,36,18,0.5,0.5216049382716049
10,gazectrl_csp,NoVisuals,MovingVideo,60,16,8,0.5,0.46875
10,gazectrl_csp,NoVisuals,NoVisuals,1,1192,564,0.47315436241610737,0.43428223953875944
10,gazectrl_csp,NoVisuals,NoVisuals,2,596,289,0.4848993288590604,0.43964235845232197
10,gazectrl_csp,NoVisuals,NoVisuals,5,236,108,0.4576271186440678,0.41467968974432634
10,gazectrl_csp,NoVisuals,NoVisuals,10,116,58,0.5,0.380499405469679
10,gazectrl_csp,NoVisuals,NoVisuals,30,36,18,0.5,0.3765432098765432
10,gazectrl_csp,NoVisuals,NoVisuals,60,16,8,0.5,0.3125
10,gazectrl_ts,FixedVideo,FixedVideo,1,1192,541,0.4538590604026846,0.437249448223053
10,gazectrl_ts,FixedVideo,FixedVideo,2,596,274,0.4597315436241611,0.4327282554839872
10,gazectrl_ts,FixedVideo,FixedVideo,5,236,109,0.461864406779661,0.44355070382074124
10,gazectrl_ts,FixedVideo,FixedVideo,10,116,56,0.4827586206896552,0.42627824019024974
10,gazectrl_ts,FixedVideo,FixedVideo,30,36,18,0.5,0.42592592592592593
10,gazectrl_ts,FixedVideo,FixedVideo,60,16,7,0.4375,0.375
10,gazectrl_ts,FixedVideo,MovingTargetNoise,1,1192,595,0.49916107382550334,0.48916433944416926
10,gazectrl_ts,FixedVideo,MovingTargetNoise,2,596,291,0.48825503355704697,0.4818026215035359
10,gazectrl_ts,FixedVideo,MovingTargetNoise,5,236,120,0.5084745762711864,0.4854926745188164
10,gazectrl_ts,FixedVideo,MovingTargetNoise,10,116,60,0.5172413793103449,0.48246135552913194
10,gazectrl_ts,FixedVideo,MovingTargetNoise,30,36,19,0.5277777777777778,0.478395061728395
10,gazectrl_ts,FixedVideo,MovingTargetNoise,60,16,9,0.5625,0.484375
10,gazectrl_ts,FixedVideo,MovingVideo,1,1192,587,0.4924496644295302,0.4855411918382055
10,gazectrl_ts,FixedVideo,MovingVideo,2,596,289,0.4848993288590604,0.4883113373271475
10,gazectrl_ts,FixedVideo,MovingVideo,5,236,114,0.4830508474576271,0.48678540649238716
10,gazectrl_ts,FixedVideo,MovingVideo,10,116,61,0.5258620689655172,0.4782996432818074
10,gazectrl_ts,FixedVideo,MovingVideo,30,36,17,0.4722222222222222,0.4506172839506173
10,gazectrl_ts,FixedVideo,MovingVideo,60,16,7,0.4375,0.46875
10,gazectrl_ts,FixedVideo,NoVisuals,1,1192,594,0.4983221476510067,0.46833757488401423
10,gazectrl_ts,FixedVideo,NoVisuals,2,596,290,0.4865771812080537,0.45472050808522135
10,gazectrl_ts,FixedVideo,NoVisuals,5,236,114,0.4830508474576271,0.43766159149669637
10,gazectrl_ts,FixedVideo,NoVisuals,10,116,56,0.4827586206896552,0.42271105826397143
10,gazectrl_ts,FixedVideo,NoVisuals,30,36,20,0.5555555555555556,0.3765432098765432
10,gazectrl_ts,FixedVideo,NoVisuals,60,16,8,0.5,0.421875
10,gazectrl_ts,MovingTargetNoise,FixedVideo,1,1192,564,0.47315436241610737,0.45733018782937707
10,gazectrl_ts,MovingTargetNoise,FixedVideo,2,596,278,0.4664429530201342,0.4467478942389982
10,gazectrl_ts,MovingTargetNoise,FixedVideo,5,236,103,0.4364406779661017,0.42559609307670204
10,gazectrl_ts,MovingTargetNoise,FixedVideo,10,116,51,0.4396551724137931,0.41527942925089184
10,gazectrl_ts,MovingTargetNoise,FixedVideo,30,36,16,0.4444444444444444,0.4012345679012346
10,gazectrl_ts,MovingTargetNoise,FixedVideo,60,16,8,0.5,0.453125
10,gazectrl_ts,MovingTargetNoise,MovingTargetNoise,1,1192,583,0.4890939597315436,0.47785572721949454
10,gazectrl_ts,MovingTargetNoise,MovingTargetNoise,2,596,296,0.4966442953020134,0.46898788342867437
10,gazectrl_ts,MovingTargetNoise,MovingTargetNoise,5,236,118,0.5,0.4406779661016949
10,gazectrl_ts,MovingTargetNoise,MovingTargetNoise,10,116,57,0.49137931034482757,0.4262782401902497
10,gazectrl_ts,MovingTargetNoise,MovingTargetNoise,30,36,17,0.4722222222222222,0.2777777777777778
10,gazectrl_ts,MovingTargetNoise,MovingTargetNoise,60,16,8,0.5,0.25
10,gazectrl_ts,MovingTargetNoise,MovingVideo,1,1192,576,0.48322147651006714,0.4869234493941714
10,gazectrl_ts,MovingTargetNoise,MovingVideo,2,596,296,0.4966442953020134,0.4986712310256294
10,gazectrl_ts,MovingTargetNoise,MovingVideo,5,236,113,0.4788135593220339,0.49073542085607585
10,gazectrl_ts,MovingTargetNoise,MovingVideo,10,116,51,0.4396551724137931,0.46759809750297265
10,gazectrl_ts,MovingTargetNoise,MovingVideo,30,36,17,0.4722222222222222,0.4907407407407408
10,gazectrl_ts,MovingTargetNoise,MovingVideo,60,16,8,0.5,0.5625
10,gazectrl_ts,MovingTargetNoise,NoVisuals,1,1192,591,0.49580536912751677,0.5110411693166974
10,gazectrl_ts,MovingTargetNoise,NoVisuals,2,596,313,0.5251677852348994,0.5427233007522183
10,gazectrl_ts,MovingTargetNoise,NoVisuals,5,236,135,0.5720338983050848,0.5637029589198507
10,gazectrl_ts,MovingTargetNoise,NoVisuals,10,116,64,0.5517241379310345,0.5868014268727705
10,gazectrl_ts,MovingTargetNoise,NoVisuals,30,36,18,0.5,0.6265432098765431
10,gazectrl_ts,MovingTargetNoise,NoVisuals,60,16,9,0.5625,0.578125
10,gazectrl_ts,MovingVideo,FixedVideo,1,1192,580,0.4865771812080537,0.4883085221386424
10,gazectrl_ts,MovingVideo,FixedVideo,2,596,297,0.4983221476510067,0.5000900860321607
10,gazectrl_ts,MovingVideo,FixedVideo,5,236,117,0.4957627118644068,0.5104854926745189
10,gazectrl_ts,MovingVideo,FixedVideo,10,116,58,0.5,0.5020808561236623
10,gazectrl_ts,MovingVideo,FixedVideo,30,36,17,0.4722222222222222,0.49691358024691357
10,gazectrl_ts,MovingVideo,FixedVideo,60,16,9,0.5625,0.453125
10,gazectrl_ts,MovingVideo,MovingTargetNoise,1,1192,598,0.5016778523489933,0.4869431557137066
10,gazectrl_ts,MovingVideo,MovingTargetNoise,2,596,308,0.5167785234899329,0.48994414666006036
10,gazectrl_ts,MovingVideo,MovingTargetNoise,5,236,111,0.4703389830508475,0.45540074691180693
10,gazectrl_ts,MovingVideo,MovingTargetNoise,10,116,62,0.5344827586206896,0.4435196195005945
10,gazectrl_ts,MovingVideo,MovingTargetNoise,30,36,16,0.4444444444444444,0.3950617283950617
10,gazectrl_ts,MovingVideo,MovingTargetNoise,60,16,7,0.4375,0.3125
10,gazectrl_ts,MovingVideo,MovingVideo,1,1192,581,0.4874161073825503,0.4575356965902437
10,gazectrl_ts,MovingVideo,MovingVideo,2,596,308,0.5167785234899329,0.4834241700824288
10,gazectrl_ts,MovingVideo,MovingVideo,5,236,113,0.4788135593220339,0.4165469692617064
10,gazectrl_ts,MovingVideo,MovingVideo,10,116,58,0.5,0.3858501783590963
10,gazectrl_ts,MovingVideo,MovingVideo,30,36,18,0.5,0.33333333333333337
10,gazectrl_ts,MovingVideo,MovingVideo,60,16,8,0.5,0.3125
10,gazectrl_ts,MovingVideo,NoVisuals,1,1192,602,0.5050335570469798,0.5187744921399937
10,gazectrl_ts,MovingVideo,NoVisuals,2,596,296,0.4966442953020134,0.5237264087203279
10,gazectrl_ts,MovingVideo,NoVisuals,5,236,120,0.5084745762711864,0.5438092502154552
10,gazectrl_ts,MovingVideo,NoVisuals,10,116,58,0.5,0.5615338882282996
10,gazectrl_ts,MovingVideo,NoVisuals,30,36,20,0.5555555555555556,0.595679012345679
10,gazectrl_ts,MovingVideo,NoVisuals,60,16,10,0.625,0.609375
10,gazectrl_ts,NoVisuals,FixedVideo,1,1192,594,0.4983221476510067,0.48251486419530654
10,gazectrl_ts,NoVisuals,FixedVideo,2,596,307,0.5151006711409396,0.48893067879825236
10,gazectrl_ts,NoVisuals,FixedVideo,5,236,123,0.5211864406779662,0.47780810112036776
10,gazectrl_ts,NoVisuals,FixedVideo,10,116,62,0.5344827586206896,0.45481569560047563
10,gazectrl_ts,NoVisuals,FixedVideo,30,36,18,0.5,0.4598765432098766
10,gazectrl_ts,NoVisuals,FixedVideo,60,16,8,0.5,0.359375
10,gazectrl_ts,NoVisuals,MovingTargetNoise,1,1192,600,0.5033557046979866,0.4982264312418359
10,gazectrl_ts,NoVisuals,MovingTargetNoise,2,596,307,0.5151006711409396,0.535617764965542
10,gazectrl_ts,NoVisuals,MovingTargetNoise,5,236,125,0.5296610169491526,0.5450301637460501
10,gazectrl_ts,NoVisuals,MovingTargetNoise,10,116,62,0.5344827586206896,0.5680737217598097
10,gazectrl_ts,NoVisuals,MovingTargetNoise,30,36,17,0.4722222222222222,0.5771604938271605
10,gazectrl_ts,NoVisuals,MovingTargetNoise,60,16,8,0.5,0.640625
10,gazectrl_ts,NoVisuals,MovingVideo,1,1192,603,0.5058724832214765,0.5150021395432638
10,gazectrl_ts,NoVisuals,MovingVideo,2,596,298,0.5,0.5291540921580109
10,gazectrl_ts,NoVisuals,MovingVideo,5,236,115,0.4872881355932203,0.5507038207411663
10,gazectrl_ts,NoVisuals,MovingVideo,10,116,57,0.49137931034482757,0.5517241379310345
10,gazectrl_ts,NoVisuals,MovingVideo,30,36,18,0.5,0.5555555555555556
10,gazectrl_ts,NoVisuals,MovingVideo,60,16,8,0.5,0.640625
10,gazectrl_ts,NoVisuals,NoVisuals,1,1192,570,0.47818791946308725,0.4618767172649881
10,gazectrl_ts,NoVisuals,NoVisuals,2,596,281,0.4714765100671141,0.4415566866357371
10,gazectrl_ts,NoVisuals,NoVisuals,5,236,104,0.4406779661016949,0.3822177535191037
10,gazectrl_ts,NoVisuals,NoVisuals,10,116,54,0.46551724137931033,0.3579072532699168
10,gazectrl_ts,NoVisuals,NoVisuals,30,36,18,0.5,0.2839506172839506
10,gazectrl_ts,NoVisuals,NoVisuals,60,16,8,0.5,0.1875
11,eeg_alpha_ts,FixedVideo,FixedVideo,1,1192,449,0.3766778523489933,0.31374149813071484
11,eeg_alpha_ts,FixedVideo,FixedVideo,2,596,203,0.34060402684563756,0.26915454258817173
11,eeg_alpha_ts,FixedVideo,FixedVideo,5,236,71,0.3008474576271186,0.20568802068371156
11,eeg_alpha_ts,FixedVideo,FixedVideo,10,116,35,0.3017241379310345,0.14387633769322236
11,eeg_alpha_ts,FixedVideo,FixedVideo,30,36,9,0.25,0.08641975308641978
11,eeg_alpha_ts,FixedVideo,FixedVideo,60,16,5,0.3125,0.0625
11,eeg_alpha_ts,FixedVideo,MovingTargetNoise,1,1192,557,0.4672818791946309,0.45753006621323367
11,eeg_alpha_ts,FixedVideo,MovingTargetNoise,2,596,263,0.4412751677852349,0.43673708391513894
11,eeg_alpha_ts,FixedVideo,MovingTargetNoise,5,236,100,0.423728813559322,0.40333237575409364
11,eeg_alpha_ts,FixedVideo,MovingTargetNoise,10,116,49,0.4224137931034483,0.3775267538644471
11,eeg_alpha_ts,FixedVideo,MovingTargetNoise,30,36,11,0.3055555555555556,0.2222222222222222
11,eeg_alpha_ts,FixedVideo,MovingTargetNoise,60,16,4,0.25,0.140625
11,eeg_alpha_ts,FixedVideo,MovingVideo,1,1192,575,0.4823825503355705,0.47215215530831944
11,eeg_alpha_ts,FixedVideo,MovingVideo,2,596,279,0.46812080536912754,0.47268141074726366
11,eeg_alpha_ts,FixedVideo,MovingVideo,5,236,103,0.4364406779661017,0.4689026141913243
11,eeg_alpha_ts,FixedVideo,MovingVideo,10,116,52,0.4482758620689655,0.4753269916765755
11,eeg_alpha_ts,FixedVideo,MovingVideo,30,36,14,0.3888888888888889,0.4012345679012346
11,eeg_alpha_ts,FixedVideo,MovingVideo,60,16,8,0.5,0.296875
11,eeg_alpha_ts,FixedVideo,NoVisuals,1,1192,593,0.4974832214765101,0.48567913607495156
11,eeg_alpha_ts,FixedVideo,NoVisuals,2,596,296,0.4966442953020134,0.46176974010179717
11,eeg_alpha_ts,FixedVideo,NoVisuals,5,236,108,0.4576271186440678,0.41410514220051714
11,eeg_alpha_ts,FixedVideo,NoVisuals,10,116,54,0.46551724137931033,0.4123067776456599
11,eeg_alpha_ts,FixedVideo,NoVisuals,30,36,16,0.4444444444444444,0.3209876543209877
11,eeg_alpha_ts,FixedVideo,NoVisuals,60,16,7,0.4375,0.34375
11,eeg_alpha_ts,MovingTargetNoise,FixedVideo,1,1192,571,0.4790268456375839,0.4741030809422999
11,eeg_alpha_ts,MovingTargetNoise,FixedVideo,2,596,299,0.5016778523489933,0.46566596099274804
11,eeg_alpha_ts,MovingTargetNoise,FixedVideo,5,236,107,0.4533898305084746,0.4059178397012353
11,eeg_alpha_ts,MovingTargetNoise,FixedVideo,10,116,54,0.46551724137931033,0.39209274673008326
11,eeg_alpha_ts,MovingTargetNoise,FixedVideo,30,36,14,0.3888888888888889,0.3549382716049383
11,eeg_alpha_ts,MovingTargetNoise,FixedVideo,60,16,6,0.375,0.375
11,eeg_alpha_ts,MovingTargetNoise,MovingTargetNoise,1,1192,479,0.40184563758389263,0.31470429259943244
11,eeg_alpha_ts,MovingTargetNoise,MovingTargetNoise,2,596,222,0.3724832214765101,0.25744335840727894
11,eeg_alpha_ts,MovingTargetNoise,MovingTargetNoise,5,236,85,0.3601694915254237,0.14593507612754955
11,eeg_alpha_ts,MovingTargetNoise,MovingTargetNoise,10,116,45,0.3879310344827586,0.09274673008323425
11,eeg_alpha_ts,MovingTargetNoise,MovingTargetNoise,30,36,14,0.3888888888888889,0.0
11,eeg_alpha_ts,MovingTargetNoise,MovingTargetNoise,60,16,7,0.4375,0.0
11,eeg_alpha_ts,MovingTargetNoise,MovingVideo,1,1192,561,0.47063758389261745,0.44269683798027115
11,eeg_alpha_ts,MovingTargetNoise,MovingVideo,2,596,275,0.46140939597315433,0.4525697040673843
11,eeg_alpha_ts,MovingTargetNoise,MovingVideo,5,236,110,0.4661016949152542,0.45690893421430623
11,eeg_alpha_ts,MovingTargetNoise,MovingVideo,10,116,57,0.49137931034482757,0.44708680142687274
11,eeg_alpha_ts,MovingTargetNoise,MovingVideo,30,36,13,0.3611111111111111,0.4537037037037037
11,eeg_alpha_ts,MovingTargetNoise,MovingVideo,60,16,5,0.3125,0.4375
11,eeg_alpha_ts,MovingTargetNoise,NoVisuals,1,1192,631,0.5293624161073825,0.5287487050132877
11,eeg_alpha_ts,MovingTargetNoise,NoVisuals,2,596,299,0.5016778523489933,0.5199090131075177
11,eeg_alpha_ts,MovingTargetNoise,NoVisuals,5,236,132,0.559322033898305,0.5634875035909221
11,eeg_alpha_ts,MovingTargetNoise,NoVisuals,10,116,70,0.603448275862069,0.5763971462544589
11,eeg_alpha_ts,MovingTargetNoise,NoVisuals,30,36,23,0.6388888888888888,0.6049382716049383
11,eeg_alpha_ts,MovingTargetNoise,NoVisuals,60,16,11,0.6875,0.703125
11,eeg_alpha_ts,MovingVideo,FixedVideo,1,1192,574,0.4815436241610738,0.47917605062835006
11,eeg_alpha_ts,MovingVideo,FixedVideo,2,596,290,0.4865771812080537,0.4886942029638304
11,eeg_alpha_ts,MovingVideo,FixedVideo,5,236,115,0.4872881355932203,0.48893995978167193
11,eeg_alpha_ts,MovingVideo,FixedVideo,10,116,55,0.47413793103448276,0.4753269916765755
11,eeg_alpha_ts,MovingVideo,FixedVideo,30,36,18,0.5,0.4907407407407407
11,eeg_alpha_ts,MovingVideo,FixedVideo,60,16,8,0.5,0.453125
11,eeg_alpha_ts,MovingVideo,MovingTargetNoise,1,1192,548,0.4597315436241611,0.4473925724066483
11,eeg_alpha_ts,MovingVideo,MovingTargetNoise,2,596,277,0.46476510067114096,0.4431444529525697
11,eeg_alpha_ts,MovingVideo,MovingTargetNoise,5,236,116,0.4915254237288136,0.4552571100258546
11,eeg_alpha_ts,MovingVideo,MovingTargetNoise,10,116,56,0.4827586206896552,0.44530321046373367
11,eeg_alpha_ts,MovingVideo,MovingTargetNoise,30,36,16,0.4444444444444444,0.3858024691358025
11,eeg_alpha_ts,MovingVideo,MovingTargetNoise,60,16,7,0.4375,0.25
11,eeg_alpha_ts,MovingVideo,MovingVideo,1,1192,529,0.4437919463087248,0.4325311922886357
11,eeg_alpha_ts,MovingVideo,MovingVideo,2,596,257,0.4312080536912752,0.39682897166794284
11,eeg_alpha_ts,MovingVideo,MovingVideo,5,236,105,0.4449152542372881,0.4171215168055157
11,eeg_alpha_ts,MovingVideo,MovingVideo,10,116,54,0.46551724137931033,0.4001189060642093
11,eeg_alpha_ts,MovingVideo,MovingVideo,30,36,17,0.4722222222222222,0.35185185185185186
11,eeg_alpha_ts,MovingVideo,MovingVideo,60,16,7,0.4375,0.25
11,eeg_alpha_ts,MovingVideo,NoVisuals,1,1192,624,0.5234899328859061,0.5363806810504032
11,eeg_alpha_ts,MovingVideo,NoVisuals,2,596,315,0.5285234899328859,0.5319918021710733
11,eeg_alpha_ts,MovingVideo,NoVisuals,5,236,126,0.5338983050847458,0.5364119505889113
11,eeg_alpha_ts,MovingVideo,NoVisuals,10,116,60,0.5172413793103449,0.5615338882282996
11,eeg_alpha_ts,MovingVideo,NoVisuals,30,36,20,0.5555555555555556,0.5833333333333333
11,eeg_alpha_ts,MovingVideo,NoVisuals,60,16,8,0.5,0.65625
11,eeg_alpha_ts,NoVisuals,FixedVideo,1,1192,570,0.47818791946308725,0.4788973469663529
11,eeg_alpha_ts,NoVisuals,FixedVideo,2,596,288,0.48322147651006714,0.4736610963470114
11,eeg_alpha_ts,NoVisuals,FixedVideo,5,236,106,0.4491525423728814,0.4520970985349038
11,eeg_alpha_ts,NoVisuals,FixedVideo,10,116,53,0.45689655172413796,0.42598097502972654
11,eeg_alpha_ts,NoVisuals,FixedVideo,30,36,15,0.4166666666666667,0.3734567901234568
11,eeg_alpha_ts,NoVisuals,FixedVideo,60,16,2,0.125,0.09375
11,eeg_alpha_ts,NoVisuals,MovingTargetNoise,1,1192,611,0.5125838926174496,0.5138056844286293
11,eeg_alpha_ts,NoVisuals,MovingTargetNoise,2,596,303,0.5083892617449665,0.514909238322598
11,eeg_alpha_ts,NoVisuals,MovingTargetNoise,5,236,121,0.5127118644067796,0.5405056018385521
11,eeg_alpha_ts,NoVisuals,MovingTargetNoise,10,116,64,0.5517241379310345,0.5701545778834721
11,eeg_alpha_ts,NoVisuals,MovingTargetNoise,30,36,20,0.5555555555555556,0.5833333333333334
11,eeg_alpha_ts,NoVisuals,MovingTargetNoise,60,16,11,0.6875,0.609375
11,eeg_alpha_ts,NoVisuals,MovingVideo,1,1192,594,0.4983221476510067,0.5203059546867258
11,eeg_alpha_ts,NoVisuals,MovingVideo,2,596,302,0.5067114093959731,0.519559929732895
11,eeg_alpha_ts,NoVisuals,MovingVideo,5,236,123,0.5211864406779662,0.516949152542373
11,eeg_alpha_ts,NoVisuals,MovingVideo,10,116,59,0.5086206896551724,0.5115933412604043
11,eeg_alpha_ts,NoVisuals,MovingVideo,30,36,17,0.4722222222222222,0.5432098765432098
11,eeg_alpha_ts,NoVisuals,MovingVideo,60,16,7,0.4375,0.578125
11,eeg_alpha_ts,NoVisuals,NoVisuals,1,1192,531,0.44546979865771813,0.4198009098689248
11,eeg_alpha_ts,NoVisuals,NoVisuals,2,596,246,0.412751677852349,0.3677537047880726
11,eeg_alpha_ts,NoVisuals,NoVisuals,5,236,89,0.3771186440677966,0.2908646940534329
11,eeg_alpha_ts,NoVisuals,NoVisuals,10,116,46,0.39655172413793105,0.23067776456599287
11,eeg_alpha_ts,NoVisuals,NoVisuals,30,36,14,0.3888888888888889,0.154320987654321
11,eeg_alpha_ts,NoVisuals,NoVisuals,60,16,6,0.375,0.09375
11,eeg_csp,FixedVideo,FixedVideo,1,1192,434,0.3640939597315436,0.2920082428719427
11,eeg_csp,FixedVideo,FixedVideo,2,596,205,0.34395973154362414,0.25343452997612725
11,eeg_csp,FixedVideo,FixedVideo,5,236,82,0.3474576271186441,0.18615340419419707
11,eeg_csp,FixedVideo,FixedVideo,10,116,38,0.3275862068965517,0.1587395957193817
11,eeg_csp,FixedVideo,FixedVideo,30,36,11,0.3055555555555556,0.08024691358024691
11,eeg_csp,FixedVideo,FixedVideo,60,16,4,0.25,0.0
11,eeg_csp,FixedVideo,MovingTargetNoise,1,1192,571,0.4790268456375839,0.5207366785279942
11,eeg_csp,FixedVideo,MovingTargetNoise,2,596,287,0.4815436241610738,0.5267217692896716
11,eeg_csp,FixedVideo,MovingTargetNoise,5,236,110,0.4661016949152542,0.49080723929905196
11,eeg_csp,FixedVideo,MovingTargetNoise,10,116,53,0.45689655172413796,0.4845422116527943
11,eeg_csp,FixedVideo,MovingTargetNoise,30,36,15,0.4166666666666667,0.4444444444444445
11,eeg_csp,FixedVideo,MovingTargetNoise,60,16,6,0.375,0.34375
11,eeg_csp,FixedVideo,MovingVideo,1,1192,477,0.4001677852348993,0.42331426512319265
11,eeg_csp,FixedVideo,MovingVideo,2,596,247,0.41442953020134227,0.4317823521462997
11,eeg_csp,FixedVideo,MovingVideo,5,236,85,0.3601694915254237,0.4413243320884803
11,eeg_csp,FixedVideo,MovingVideo,10,116,43,0.3706896551724138,0.43876337693222356
11,eeg_csp,FixedVideo,MovingVideo,30,36,13,0.3611111111111111,0.46296296296296297
11,eeg_csp,FixedVideo,MovingVideo,60,16,7,0.4375,0.421875
11,eeg_csp,FixedVideo,NoVisuals,1,1192,556,0.4664429530201342,0.3831161884599793
11,eeg_csp,FixedVideo,NoVisuals,2,596,289,0.4848993288590604,0.39525246610513043
11,eeg_csp,FixedVideo,NoVisuals,5,236,114,0.4830508474576271,0.3822895719620798
11,eeg_csp,FixedVideo,NoVisuals,10,116,56,0.4827586206896552,0.37990487514863264
11,eeg_csp,FixedVideo,NoVisuals,30,36,16,0.4444444444444444,0.3796296296296296
11,eeg_csp,FixedVideo,NoVisuals,60,16,8,0.5,0.40625
11,eeg_csp,MovingTargetNoise,FixedVideo,1,1192,515,0.4320469798657718,0.3781079681095446
11,eeg_csp,MovingTargetNoise,FixedVideo,2,596,260,0.436241610738255,0.40446376289356334
11,eeg_csp,MovingTargetNoise,FixedVideo,5,236,105,0.4449152542372881,0.457698937087044
11,eeg_csp,MovingTargetNoise,FixedVideo,10,116,53,0.45689655172413796,0.45659928656361476
11,eeg_csp,MovingTargetNoise,FixedVideo,30,36,16,0.4444444444444444,0.49382716049382713
11,eeg_csp,MovingTargetNoise,FixedVideo,60,16,8,0.5,0.5625
11,eeg_csp,MovingTargetNoise,MovingTargetNoise,1,1192,469,0.3934563758389262,0.2981172019278411
11,eeg_csp,MovingTargetNoise,MovingTargetNoise,2,596,227,0.3808724832214765,0.28138372145398854
11,eeg_csp,MovingTargetNoise,MovingTargetNoise,5,236,96,0.4067796610169492,0.2874174087905774
11,eeg_csp,MovingTargetNoise,MovingTargetNoise,10,116,46,0.39655172413793105,0.26516052318668254
11,eeg_csp,MovingTargetNoise,MovingTargetNoise,30,36,13,0.3611111111111111,0.21604938271604937
11,eeg_csp,MovingTargetNoise,MovingTargetNoise,60,16,6,0.375,0.1875
11,eeg_csp,MovingTargetNoise,MovingVideo,1,1192,622,0.5218120805369127,0.5407188865366425
11,eeg_csp,MovingTargetNoise,MovingVideo,2,596,334,0.5604026845637584,0.5901085536687537
11,eeg_csp,MovingTargetNoise,MovingVideo,5,236,121,0.5127118644067796,0.5692329790290147
11,eeg_csp,MovingTargetNoise,MovingVideo,10,116,67,0.5775862068965517,0.58769322235434
11,eeg_csp,MovingTargetNoise,MovingVideo,30,36,18,0.5,0.6203703703703703
11,eeg_csp,MovingTargetNoise,MovingVideo,60,16,10,0.625,0.703125
11,eeg_csp,MovingTargetNoise,NoVisuals,1,1192,559,0.46895973154362414,0.43713965587135717
11,eeg_csp,MovingTargetNoise,NoVisuals,2,596,270,0.45302013422818793,0.4040358542408
11,eeg_csp,MovingTargetNoise,NoVisuals,5,236,93,0.3940677966101695,0.3715168055156564
11,eeg_csp,MovingTargetNoise,NoVisuals,10,116,44,0.3793103448275862,0.34215219976218786
11,eeg_csp,MovingTargetNoise,NoVisuals,30,36,13,0.3611111111111111,0.2932098765432099
11,eeg_csp,MovingTargetNoise,NoVisuals,60,16,4,0.25,0.265625
11,eeg_csp,MovingVideo,FixedVideo,1,1192,611,0.5125838926174496,0.48913055718210896
11,eeg_csp,MovingVideo,FixedVideo,2,596,311,0.5218120805369127,0.5095265979009954
11,eeg_csp,MovingVideo,FixedVideo,5,236,119,0.5042372881355932,0.5237719046251077
11,eeg_csp,MovingVideo,FixedVideo,10,116,58,0.5,0.5115933412604043
11,eeg_csp,MovingVideo,FixedVideo,30,36,19,0.5277777777777778,0.4722222222222222
11,eeg_csp,MovingVideo,FixedVideo,60,16,9,0.5625,0.515625
11,eeg_csp,MovingVideo,MovingTargetNoise,1,1192,518,0.43456375838926176,0.4099055222737715
11,eeg_csp,MovingVideo,MovingTargetNoise,2,596,259,0.43456375838926176,0.4014233593081393
11,eeg_csp,MovingVideo,MovingTargetNoise,5,236,97,0.4110169491525424,0.41295604711289857
11,eeg_csp,MovingVideo,MovingTargetNoise,10,116,53,0.45689655172413796,0.4206302021403091
11,eeg_csp,MovingVideo,MovingTargetNoise,30,36,15,0.4166666666666667,0.38888888888888884
11,eeg_csp,MovingVideo,MovingTargetNoise,60,16,5,0.3125,0.375
11,eeg_csp,MovingVideo,MovingVideo,1,1192,547,0.4588926174496644,0.39511733705688934
11,eeg_csp,MovingVideo,MovingVideo,2,596,275,0.46140939597315433,0.37698752308454575
11,eeg_csp,MovingVideo,MovingVideo,5,236,106,0.4491525423728814,0.3958632576845734
11,eeg_csp,MovingVideo,MovingVideo,10,116,54,0.46551724137931033,0.3745541022592152
11,eeg_csp,MovingVideo,MovingVideo,30,36,17,0.4722222222222222,0.38888888888888895
11,eeg_csp,MovingVideo,MovingVideo,60,16,7,0.4375,0.34375
11,eeg_csp,MovingVideo,NoVisuals,1,1192,662,0.5553691275167785,0.5652307328498716
11,eeg_csp,MovingVideo,NoVisuals,2,596,332,0.5570469798657718,0.566539795504707
11,eeg_csp,MovingVideo,NoVisuals,5,236,133,0.5635593220338984,0.5449583453030739
11,eeg_csp,MovingVideo,NoVisuals,10,116,67,0.5775862068965517,0.574910820451843
11,eeg_csp,MovingVideo,NoVisuals,30,36,19,0.5277777777777778,0.5987654320987654
11,eeg_csp,MovingVideo,NoVisuals,60,16,8,0.5,0.65625
11,eeg_csp,NoVisuals,FixedVideo,1,1192,614,0.5151006711409396,0.45693324625016896
11,eeg_csp,NoVisuals,FixedVideo,2,596,318,0.5335570469798657,0.4646187108688798
11,eeg_csp,NoVisuals,FixedVideo,5,236,129,0.5466101694915254,0.4597098534903763
11,eeg_csp,NoVisuals,FixedVideo,10,116,68,0.5862068965517241,0.46521997621878713
11,eeg_csp,NoVisuals,FixedVideo,30,36,21,0.5833333333333334,0.49382716049382724
11,eeg_csp,NoVisuals,FixedVideo,60,16,9,0.5625,0.46875
11,eeg_csp,NoVisuals,MovingTargetNoise,1,1192,539,0.4521812080536913,0.43886818161344077
11,eeg_csp,NoVisuals,MovingTargetNoise,2,596,248,0.4161073825503356,0.4101729651817486
11,eeg_csp,NoVisuals,MovingTargetNoise,5,236,103,0.4364406779661017,0.40146509623671356
11,eeg_csp,NoVisuals,MovingTargetNoise,10,116,49,0.4224137931034483,0.40071343638525564
11,eeg_csp,NoVisuals,MovingTargetNoise,30,36,16,0.4444444444444444,0.4043209876543209
11,eeg_csp,NoVisuals,MovingTargetNoise,60,16,8,0.5,0.40625
11,eeg_csp,NoVisuals,MovingVideo,1,1192,670,0.5620805369127517,0.5622184811494978
11,eeg_csp,NoVisuals,MovingVideo,2,596,338,0.5671140939597316,0.5731273366064591
11,eeg_csp,NoVisuals,MovingVideo,5,236,130,0.5508474576271186,0.5794311979316288
11,eeg_csp,NoVisuals,MovingVideo,10,116,66,0.5689655172413793,0.5645065398335315
11,eeg_csp,NoVisuals,MovingVideo,30,36,20,0.5555555555555556,0.5679012345679013
11,eeg_csp,NoVisuals,MovingVideo,60,16,10,0.625,0.578125
11,eeg_csp,NoVisuals,NoVisuals,1,1192,413,0.3464765100671141,0.27472861582811586
11,eeg_csp,NoVisuals,NoVisuals,2,596,197,0.33053691275167785,0.2787487050132877
11,eeg_csp,NoVisuals,NoVisuals,5,236,79,0.3347457627118644,0.29790290146509624
11,eeg_csp,NoVisuals,NoVisuals,10,116,34,0.29310344827586204,0.27824019024970276
11,eeg_csp,NoVisuals,NoVisuals,30,36,11,0.3055555555555556,0.3148148148148148
11,eeg_csp,NoVisuals,NoVisuals,60,16,3,0.1875,0.1875
11,eeg_eogreg_ts,FixedVideo,FixedVideo,1,1192,405,0.33976510067114096,0.2775156524480879
11,eeg_eogreg_ts,FixedVideo,FixedVideo,2,596,182,0.3053691275167785,0.23967388856357824
11,eeg_eogreg_ts,FixedVideo,FixedVideo,5,236,70,0.2966101694915254,0.21186440677966104
11,eeg_eogreg_ts,FixedVideo,FixedVideo,10,116,31,0.2672413793103448,0.1676575505350773
11,eeg_eogreg_ts,FixedVideo,FixedVideo,30,36,10,0.2777777777777778,0.1234567901234568
11,eeg_eogreg_ts,FixedVideo,FixedVideo,60,16,6,0.375,0.0
11,eeg_eogreg_ts,FixedVideo,MovingTargetNoise,1,1192,542,0.4546979865771812,0.4460525426782578
11,eeg_eogreg_ts,FixedVideo,MovingTargetNoise,2,596,277,0.46476510067114096,0.4422661141390028
11,eeg_eogreg_ts,FixedVideo,MovingTargetNoise,5,236,108,0.4576271186440678,0.4472852628555013
11,eeg_eogreg_ts,FixedVideo,MovingTargetNoise,10,116,55,0.47413793103448276,0.42211652794292503
11,eeg_eogreg_ts,FixedVideo,MovingTargetNoise,30,36,14,0.3888888888888889,0.3641975308641975
11,eeg_eogreg_ts,FixedVideo,MovingTargetNoise,60,16,6,0.375,0.296875
11,eeg_eogreg_ts,FixedVideo,MovingVideo,1,1192,596,0.5,0.5134650466195216
11,eeg_eogreg_ts,FixedVideo,MovingVideo,2,596,323,0.5419463087248322,0.5397842439529751
11,eeg_eogreg_ts,FixedVideo,MovingVideo,5,236,128,0.5423728813559322,0.5670066072967539
11,eeg_eogreg_ts,FixedVideo,MovingVideo,10,116,61,0.5258620689655172,0.5686682520808561
11,eeg_eogreg_ts,FixedVideo,MovingVideo,30,36,18,0.5,0.5802469135802469
11,eeg_eogreg_ts,FixedVideo,MovingVideo,60,16,9,0.5625,0.5625
11,eeg_eogreg_ts,FixedVideo,NoVisuals,1,1192,595,0.49916107382550334,0.49192322417909107
11,eeg_eogreg_ts,FixedVideo,NoVisuals,2,596,297,0.4983221476510067,0.4934124588982478
11,eeg_eogreg_ts,FixedVideo,NoVisuals,5,236,119,0.5042372881355932,0.4801062912956047
11,eeg_eogreg_ts,FixedVideo,NoVisuals,10,116,59,0.5086206896551724,0.48454221165279426
11,eeg_eogreg_ts,FixedVideo,NoVisuals,30,36,18,0.5,0.44753086419753085
11,eeg_eogreg_ts,FixedVideo,NoVisuals,60,16,8,0.5,0.5
11,eeg_eogreg_ts,MovingTargetNoise,FixedVideo,1,1192,559,0.46895973154362414,0.4447462952119274
11,eeg_eogreg_ts,MovingTargetNoise,FixedVideo,2,596,290,0.4865771812080537,0.453031394982208
11,eeg_eogreg_ts,MovingTargetNoise,FixedVideo,5,236,116,0.4915254237288136,0.4650962367135881
11,eeg_eogreg_ts,MovingTargetNoise,FixedVideo,10,116,56,0.4827586206896552,0.4774078478002378
11,eeg_eogreg_ts,MovingTargetNoise,FixedVideo,30,36,15,0.4166666666666667,0.46913580246913583
11,eeg_eogreg_ts,MovingTargetNoise,FixedVideo,60,16,7,0.4375,0.46875
11,eeg_eogreg_ts,MovingTargetNoise,MovingTargetNoise,1,1192,453,0.3800335570469799,0.29066821314355207
11,eeg_eogreg_ts,MovingTargetNoise,MovingTargetNoise,2,596,225,0.3775167785234899,0.2576910949957209
11,eeg_eogreg_ts,MovingTargetNoise,MovingTargetNoise,5,236,89,0.3771186440677966,0.22479172651536916
11,eeg_eogreg_ts,MovingTargetNoise,MovingTargetNoise,10,116,46,0.39655172413793105,0.1724137931034483
11,eeg_eogreg_ts,MovingTargetNoise,MovingTargetNoise,30,36,14,0.3888888888888889,0.09876543209876544
11,eeg_eogreg_ts,MovingTargetNoise,MovingTargetNoise,60,16,7,0.4375,0.03125
11,eeg_eogreg_ts,MovingTargetNoise,MovingVideo,1,1192,524,0.4395973154362416,0.42415600648619434
11,eeg_eogreg_ts,MovingTargetNoise,MovingVideo,2,596,265,0.4446308724832215,0.42221071122922393
11,eeg_eogreg_ts,MovingTargetNoise,MovingVideo,5,236,99,0.4194915254237288,0.3995259982763574
11,eeg_eogreg_ts,MovingTargetNoise,MovingVideo,10,116,47,0.4051724137931034,0.3825802615933413
11,eeg_eogreg_ts,MovingTargetNoise,MovingVideo,30,36,14,0.3888888888888889,0.33950617283950624
11,eeg_eogreg_ts,MovingTargetNoise,MovingVideo,60,16,6,0.375,0.3125
11,eeg_eogreg_ts,MovingTargetNoise,NoVisuals,1,1192,581,0.4874161073825503,0.48369442817891084
11,eeg_eogreg_ts,MovingTargetNoise,NoVisuals,2,596,298,0.5,0.4785820458537904
11,eeg_eogreg_ts,MovingTargetNoise,NoVisuals,5,236,118,0.5,0.48484630853203103
11,eeg_eogreg_ts,MovingTargetNoise,NoVisuals,10,116,56,0.4827586206896552,0.48840665873959577
11,eeg_eogreg_ts,MovingTargetNoise,NoVisuals,30,36,16,0.4444444444444444,0.3888888888888889
11,eeg_eogreg_ts,MovingTargetNoise,NoVisuals,60,16,6,0.375,0.328125
11,eeg_eogreg_ts,MovingVideo,FixedVideo,1,1192,622,0.5218120805369127,0.5226988649159947
11,eeg_eogreg_ts,MovingVideo,FixedVideo,2,596,309,0.5184563758389261,0.5320143236791136
11,eeg_eogreg_ts,MovingVideo,FixedVideo,5,236,130,0.5508474576271186,0.5759120942257971
11,eeg_eogreg_ts,MovingVideo,FixedVideo,10,116,65,0.5603448275862069,0.5891795481569561
11,eeg_eogreg_ts,MovingVideo,FixedVideo,30,36,23,0.6388888888888888,0.6358024691358024
11,eeg_eogreg_ts,MovingVideo,FixedVideo,60,16,10,0.625,0.6875
11,eeg_eogreg_ts,MovingVideo,MovingTargetNoise,1,1192,491,0.41191275167785235,0.38502488626638437
11,eeg_eogreg_ts,MovingVideo,MovingTargetNoise,2,596,247,0.41442953020134227,0.3934957884779965
11,eeg_eogreg_ts,MovingVideo,MovingTargetNoise,5,236,102,0.4322033898305085,0.3830077563918414
11,eeg_eogreg_ts,MovingVideo,MovingTargetNoise,10,116,44,0.3793103448275862,0.3656361474435196
11,eeg_eogreg_ts,MovingVideo,MovingTargetNoise,30,36,13,0.3611111111111111,0.31790123456790126
11,eeg_eogreg_ts,MovingVideo,MovingTargetNoise,60,16,4,0.25,0.28125
11,eeg_eogreg_ts,MovingVideo,MovingVideo,1,1192,524,0.4395973154362416,0.3267026260078375
11,eeg_eogreg_ts,MovingVideo,MovingVideo,2,596,260,0.436241610738255,0.30187829377055087
11,eeg_eogreg_ts,MovingVideo,MovingVideo,5,236,108,0.4576271186440678,0.2879919563343867
11,eeg_eogreg_ts,MovingVideo,MovingVideo,10,116,55,0.47413793103448276,0.2473246135552913
11,eeg_eogreg_ts,MovingVideo,MovingVideo,30,36,17,0.4722222222222222,0.24074074074074073
11,eeg_eogreg_ts,MovingVideo,MovingVideo,60,16,8,0.5,0.09375
11,eeg_eogreg_ts,MovingVideo,NoVisuals,1,1192,577,0.48406040268456374,0.47559794603846683
11,eeg_eogreg_ts,MovingVideo,NoVisuals,2,596,275,0.46140939597315433,0.460103148506824
11,eeg_eogreg_ts,MovingVideo,NoVisuals,5,236,110,0.4661016949152542,0.428756104567653
11,eeg_eogreg_ts,MovingVideo,NoVisuals,10,116,53,0.45689655172413796,0.42063020214030916
11,eeg_eogreg_ts,MovingVideo,NoVisuals,30,36,16,0.4444444444444444,0.4537037037037037
11,eeg_eogreg_ts,MovingVideo,NoVisuals,60,16,8,0.5,0.40625
11,eeg_eogreg_ts,NoVisuals,FixedVideo,1,1192,566,0.4748322147651007,0.4570880816179451
11,eeg_eogreg_ts,NoVisuals,FixedVideo,2,596,285,0.47818791946308725,0.4574343498040629
11,eeg_eogreg_ts,NoVisuals,FixedVideo,5,236,116,0.4915254237288136,0.46947716173513354
11,eeg_eogreg_ts,NoVisuals,FixedVideo,10,116,60,0.5172413793103449,0.471462544589774
11,eeg_eogreg_ts,NoVisuals,FixedVideo,30,36,19,0.5277777777777778,0.4506172839506173
11,eeg_eogreg_ts,NoVisuals,FixedVideo,60,16,7,0.4375,0.40625
11,eeg_eogreg_ts,NoVisuals,MovingTargetNoise,1,1192,579,0.48573825503355705,0.45765674969595965
11,eeg_eogreg_ts,NoVisuals,MovingTargetNoise,2,596,281,0.4714765100671141,0.4502387279852259
11,eeg_eogreg_ts,NoVisuals,MovingTargetNoise,5,236,117,0.4957627118644068,0.4589916690606148
11,eeg_eogreg_ts,NoVisuals,MovingTargetNoise,10,116,59,0.5086206896551724,0.4646254458977408
11,eeg_eogreg_ts,NoVisuals,MovingTargetNoise,30,36,20,0.5555555555555556,0.404320987654321
11,eeg_eogreg_ts,NoVisuals,MovingTargetNoise,60,16,8,0.5,0.390625
11,eeg_eogreg_ts,NoVisuals,MovingVideo,1,1192,596,0.5,0.4981250844556551
11,eeg_eogreg_ts,NoVisuals,MovingVideo,2,596,297,0.4983221476510067,0.4902144047565425
11,eeg_eogreg_ts,NoVisuals,MovingVideo,5,236,104,0.4406779661016949,0.43227520827348465
11,eeg_eogreg_ts,NoVisuals,MovingVideo,10,116,55,0.47413793103448276,0.43995243757431635
11,eeg_eogreg_ts,NoVisuals,MovingVideo,30,36,17,0.4722222222222222,0.40432098765432095
11,eeg_eogreg_ts,NoVisuals,MovingVideo,60,16,8,0.5,0.296875
11,eeg_eogreg_ts,NoVisuals,NoVisuals,1,1192,468,0.3926174496644295,0.30013287689743706
11,eeg_eogreg_ts,NoVisuals,NoVisuals,2,596,225,0.3775167785234899,0.28253231836403764
11,eeg_eogreg_ts,NoVisuals,NoVisuals,5,236,93,0.3940677966101695,0.2665900603274921
11,eeg_eogreg_ts,NoVisuals,NoVisuals,10,116,44,0.3793103448275862,0.21938168846611178
11,eeg_eogreg_ts,NoVisuals,NoVisuals,30,36,16,0.4444444444444444,0.1728395061728395
11,eeg_eogreg_ts,NoVisuals,NoVisuals,60,16,8,0.5,0.1875
11,eeg_post_ts,FixedVideo,FixedVideo,1,1192,532,0.4463087248322148,0.4278241971082384
11,eeg_post_ts,FixedVideo,FixedVideo,2,596,265,0.4446308724832215,0.421084635827215
11,eeg_post_ts,FixedVideo,FixedVideo,5,236,92,0.3898305084745763,0.3677104280379201
11,eeg_post_ts,FixedVideo,FixedVideo,10,116,41,0.35344827586206895,0.30439952437574314
11,eeg_post_ts,FixedVideo,FixedVideo,30,36,10,0.2777777777777778,0.20370370370370372
11,eeg_post_ts,FixedVideo,FixedVideo,60,16,5,0.3125,0.125
11,eeg_post_ts,FixedVideo,MovingTargetNoise,1,1192,584,0.4899328859060403,0.47317969911265256
11,eeg_post_ts,FixedVideo,MovingTargetNoise,2,596,273,0.45805369127516776,0.45827890635556956
11,eeg_post_ts,FixedVideo,MovingTargetNoise,5,236,112,0.4745762711864407,0.44383797759264576
11,eeg_post_ts,FixedVideo,MovingTargetNoise,10,116,54,0.46551724137931033,0.43192627824019025
11,eeg_post_ts,FixedVideo,MovingTargetNoise,30,36,16,0.4444444444444444,0.36419753086419754
11,eeg_post_ts,FixedVideo,MovingTargetNoise,60,16,8,0.5,0.28125
11,eeg_post_ts,FixedVideo,MovingVideo,1,1192,585,0.49077181208053694,0.48899261294536284
11,eeg_post_ts,FixedVideo,MovingVideo,2,596,297,0.4983221476510067,0.500754470519346
11,eeg_post_ts,FixedVideo,MovingVideo,5,236,114,0.4830508474576271,0.5099109451307096
11,eeg_post_ts,FixedVideo,MovingVideo,10,116,61,0.5258620689655172,0.5121878715814506
11,eeg_post_ts,FixedVideo,MovingVideo,30,36,18,0.5,0.49074074074074076
11,eeg_post_ts,FixedVideo,MovingVideo,60,16,9,0.5625,0.59375
11,eeg_post_ts,FixedVideo,NoVisuals,1,1192,567,0.47567114093959734,0.49413596234403856
11,eeg_post_ts,FixedVideo,NoVisuals,2,596,302,0.5067114093959731,0.5124769154542588
11,eeg_post_ts,FixedVideo,NoVisuals,5,236,129,0.5466101694915254,0.5330364837690318
11,eeg_post_ts,FixedVideo,NoVisuals,10,116,61,0.5258620689655172,0.5585612366230677
11,eeg_post_ts,FixedVideo,NoVisuals,30,36,18,0.5,0.6018518518518519
11,eeg_post_ts,FixedVideo,NoVisuals,60,16,10,0.625,0.59375
11,eeg_post_ts,MovingTargetNoise,FixedVideo,1,1192,601,0.5041946308724832,0.488378901851268
11,eeg_post_ts,MovingTargetNoise,FixedVideo,2,596,288,0.48322147651006714,0.471724246655556
11,eeg_post_ts,MovingTargetNoise,FixedVideo,5,236,116,0.4915254237288136,0.45022981901752374
11,eeg_post_ts,MovingTargetNoise,FixedVideo,10,116,48,0.41379310344827586,0.428359096313912
11,eeg_post_ts,MovingTargetNoise,FixedVideo,30,36,15,0.4166666666666667,0.3950617283950617
11,eeg_post_ts,MovingTargetNoise,FixedVideo,60,16,6,0.375,0.375
11,eeg_post_ts,MovingTargetNoise,MovingTargetNoise,1,1192,560,0.4697986577181208,0.47255754245304266
11,eeg_post_ts,MovingTargetNoise,MovingTargetNoise,2,596,275,0.46140939597315433,0.43223278230710327
11,eeg_post_ts,MovingTargetNoise,MovingTargetNoise,5,236,112,0.4745762711864407,0.43249066360241306
11,eeg_post_ts,MovingTargetNoise,MovingTargetNoise,10,116,51,0.4396551724137931,0.415576694411415
11,eeg_post_ts,MovingTargetNoise,MovingTargetNoise,30,36,16,0.4444444444444444,0.3395061728395061
11,eeg_post_ts,MovingTargetNoise,MovingTargetNoise,60,16,6,0.375,0.4375
11,eeg_post_ts,MovingTargetNoise,MovingVideo,1,1192,578,0.4848993288590604,0.4863491509391469
11,eeg_post_ts,MovingTargetNoise,MovingVideo,2,596,295,0.4949664429530201,0.49054096662312513
11,eeg_post_ts,MovingTargetNoise,MovingVideo,5,236,112,0.4745762711864407,0.4872881355932203
11,eeg_post_ts,MovingTargetNoise,MovingVideo,10,116,57,0.49137931034482757,0.4961355529131986
11,eeg_post_ts,MovingTargetNoise,MovingVideo,30,36,19,0.5277777777777778,0.45987654320987653
11,eeg_post_ts,MovingTargetNoise,MovingVideo,60,16,8,0.5,0.46875
11,eeg_post_ts,MovingTargetNoise,NoVisuals,1,1192,599,0.50251677852349,0.5002984099815323
11,eeg_post_ts,MovingTargetNoise,NoVisuals,2,596,303,0.5083892617449665,0.4841110760776542
11,eeg_post_ts,MovingTargetNoise,NoVisuals,5,236,122,0.5169491525423728,0.4945417983338121
11,eeg_post_ts,MovingTargetNoise,NoVisuals,10,116,53,0.45689655172413796,0.4791914387633769
11,eeg_post_ts,MovingTargetNoise,NoVisuals,30,36,16,0.4444444444444444,0.4722222222222222
11,eeg_post_ts,MovingTargetNoise,NoVisuals,60,16,9,0.5625,0.5
11,eeg_post_ts,MovingVideo,FixedVideo,1,1192,562,0.4714765100671141,0.4785088509526598
11,eeg_post_ts,MovingVideo,FixedVideo,2,596,285,0.47818791946308725,0.48255709202288183
11,eeg_post_ts,MovingVideo,FixedVideo,5,236,114,0.4830508474576271,0.46890261419132434
11,eeg_post_ts,MovingVideo,FixedVideo,10,116,52,0.4482758620689655,0.4527348394768133
11,eeg_post_ts,MovingVideo,FixedVideo,30,36,14,0.3888888888888889,0.38888888888888884
11,eeg_post_ts,MovingVideo,FixedVideo,60,16,6,0.375,0.390625
11,eeg_post_ts,MovingVideo,MovingTargetNoise,1,1192,591,0.49580536912751677,0.48719089230214857
11,eeg_post_ts,MovingVideo,MovingTargetNoise,2,596,297,0.4983221476510067,0.4943020584658349
11,eeg_post_ts,MovingVideo,MovingTargetNoise,5,236,117,0.4957627118644068,0.4933927032461936
11,eeg_post_ts,MovingVideo,MovingTargetNoise,10,116,59,0.5086206896551724,0.47889417360285375
11,eeg_post_ts,MovingVideo,MovingTargetNoise,30,36,14,0.3888888888888889,0.43827160493827166
11,eeg_post_ts,MovingVideo,MovingTargetNoise,60,16,5,0.3125,0.359375
11,eeg_post_ts,MovingVideo,MovingVideo,1,1192,639,0.5360738255033557,0.5481903968289716
11,eeg_post_ts,MovingVideo,MovingVideo,2,596,323,0.5419463087248322,0.565019593711995
11,eeg_post_ts,MovingVideo,MovingVideo,5,236,120,0.5084745762711864,0.5565929330652112
11,eeg_post_ts,MovingVideo,MovingVideo,10,116,60,0.5172413793103449,0.5618311533888228
11,eeg_post_ts,MovingVideo,MovingVideo,30,36,17,0.4722222222222222,0.611111111111111
11,eeg_post_ts,MovingVideo,MovingVideo,60,16,9,0.5625,0.625
11,eeg_post_ts,MovingVideo,NoVisuals,1,1192,596,0.5,0.4986374487635692
11,eeg_post_ts,MovingVideo,NoVisuals,2,596,307,0.5151006711409396,0.4917571280572947
11,eeg_post_ts,MovingVideo,NoVisuals,5,236,126,0.5338983050847458,0.5395001436368859
11,eeg_post_ts,MovingVideo,NoVisuals,10,116,63,0.5431034482758621,0.5466706302021402
11,eeg_post_ts,MovingVideo,NoVisuals,30,36,20,0.5555555555555556,0.6203703703703705
11,eeg_post_ts,MovingVideo,NoVisuals,60,16,10,0.625,0.546875
11,eeg_post_ts,NoVisuals,FixedVideo,1,1192,610,0.511744966442953,0.5112776451511194
11,eeg_post_ts,NoVisuals,FixedVideo,2,596,314,0.5268456375838926,0.5222625106977163
11,eeg_post_ts,NoVisuals,FixedVideo,5,236,122,0.5169491525423728,0.5359810399310543
11,eeg_post_ts,NoVisuals,FixedVideo,10,116,65,0.5603448275862069,0.555588585017836
11,eeg_post_ts,NoVisuals,FixedVideo,30,36,19,0.5277777777777778,0.6049382716049383
11,eeg_post_ts,NoVisuals,FixedVideo,60,16,9,0.5625,0.625
11,eeg_post_ts,NoVisuals,MovingTargetNoise,1,1192,580,0.4865771812080537,0.48132122426917706
11,eeg_post_ts,NoVisuals,MovingTargetNoise,2,596,285,0.47818791946308725,0.47958425296157825
11,eeg_post_ts,NoVisuals,MovingTargetNoise,5,236,112,0.4745762711864407,0.47055443837977595
11,eeg_post_ts,NoVisuals,MovingTargetNoise,10,116,56,0.4827586206896552,0.47562425683709875
11,eeg_post_ts,NoVisuals,MovingTargetNoise,30,36,18,0.5,0.4660493827160494
11,eeg_post_ts,NoVisuals,MovingTargetNoise,60,16,7,0.4375,0.4375
11,eeg_post_ts,NoVisuals,MovingVideo,1,1192,613,0.514261744966443,0.5106498581144994
11,eeg_post_ts,NoVisuals,MovingVideo,2,596,299,0.5016778523489933,0.5222512499436962
11,eeg_post_ts,NoVisuals,MovingVideo,5,236,127,0.538135593220339,0.5447428899741453
11,eeg_post_ts,NoVisuals,MovingVideo,10,116,66,0.5689655172413793,0.5588585017835909
11,eeg_post_ts,NoVisuals,MovingVideo,30,36,18,0.5,0.5401234567901235
11,eeg_post_ts,NoVisuals,MovingVideo,60,16,9,0.5625,0.546875
11,eeg_post_ts,NoVisuals,NoVisuals,1,1192,572,0.4798657718120805,0.4768028467186163
11,eeg_post_ts,NoVisuals,NoVisuals,2,596,295,0.4949664429530201,0.495202918787442
11,eeg_post_ts,NoVisuals,NoVisuals,5,236,115,0.4872881355932203,0.46897443263430044
11,eeg_post_ts,NoVisuals,NoVisuals,10,116,52,0.4482758620689655,0.455410225921522
11,eeg_post_ts,NoVisuals,NoVisuals,30,36,14,0.3888888888888889,0.4444444444444445
11,eeg_post_ts,NoVisuals,NoVisuals,60,16,8,0.5,0.40625
11,eeg_ts,FixedVideo,FixedVideo,1,1192,430,0.36073825503355705,0.32045853790369805
11,eeg_ts,FixedVideo,FixedVideo,2,596,193,0.3238255033557047,0.27309580649520293
11,eeg_ts,FixedVideo,FixedVideo,5,236,74,0.3135593220338983,0.22033898305084748
11,eeg_ts,FixedVideo,FixedVideo,10,116,32,0.27586206896551724,0.1545778834720571
11,eeg_ts,FixedVideo,FixedVideo,30,36,9,0.25,0.1111111111111111
11,eeg_ts,FixedVideo,FixedVideo,60,16,4,0.25,0.03125
11,eeg_ts,FixedVideo,MovingTargetNoise,1,1192,543,0.45553691275167785,0.4484961263006171
11,eeg_ts,FixedVideo,MovingTargetNoise,2,596,262,0.4395973154362416,0.4424350254493041
11,eeg_ts,FixedVideo,MovingTargetNoise,5,236,98,0.4152542372881356,0.4092933065211146
11,eeg_ts,FixedVideo,MovingTargetNoise,10,116,50,0.43103448275862066,0.3855529131985731
11,eeg_ts,FixedVideo,MovingTargetNoise,30,36,14,0.3888888888888889,0.33641975308641975
11,eeg_ts,FixedVideo,MovingTargetNoise,60,16,8,0.5,0.265625
11,eeg_ts,FixedVideo,MovingVideo,1,1192,572,0.4798657718120805,0.4778810639160398
11,eeg_ts,FixedVideo,MovingVideo,2,596,288,0.48322147651006714,0.4684811494977703
11,eeg_ts,FixedVideo,MovingVideo,5,236,114,0.4830508474576271,0.457268026429187
11,eeg_ts,FixedVideo,MovingVideo,10,116,54,0.46551724137931033,0.4369797859690844
11,eeg_ts,FixedVideo,MovingVideo,30,36,20,0.5555555555555556,0.441358024691358
11,eeg_ts,FixedVideo,MovingVideo,60,16,10,0.625,0.4375
11,eeg_ts,FixedVideo,NoVisuals,1,1192,579,0.48573825503355705,0.4757668573487681
11,eeg_ts,FixedVideo,NoVisuals,2,596,279,0.46812080536912754,0.46674699337867664
11,eeg_ts,FixedVideo,NoVisuals,5,236,116,0.4915254237288136,0.44462798046538343
11,eeg_ts,FixedVideo,NoVisuals,10,116,54,0.46551724137931033,0.4456004756242568
11,eeg_ts,FixedVideo,NoVisuals,30,36,17,0.4722222222222222,0.4537037037037037
11,eeg_ts,FixedVideo,NoVisuals,60,16,9,0.5625,0.453125
11,eeg_ts,MovingTargetNoise,FixedVideo,1,1192,548,0.4597315436241611,0.4346425836674024
11,eeg_ts,MovingTargetNoise,FixedVideo,2,596,280,0.4697986577181208,0.42353948020359444
11,eeg_ts,MovingTargetNoise,FixedVideo,5,236,113,0.4788135593220339,0.40922148807813846
11,eeg_ts,MovingTargetNoise,FixedVideo,10,116,57,0.49137931034482757,0.401307966706302
11,eeg_ts,MovingTargetNoise,FixedVideo,30,36,17,0.4722222222222222,0.3888888888888889
11,eeg_ts,MovingTargetNoise,FixedVideo,60,16,8,0.5,0.390625
11,eeg_ts,MovingTargetNoise,MovingTargetNoise,1,1192,453,0.3800335570469799,0.3104083149407684
11,eeg_ts,MovingTargetNoise,MovingTargetNoise,2,596,210,0.3523489932885906,0.2467681635962344
11,eeg_ts,MovingTargetNoise,MovingTargetNoise,5,236,79,0.3347457627118644,0.20209709853490376
11,eeg_ts,MovingTargetNoise,MovingTargetNoise,10,116,40,0.3448275862068966,0.15576694411414982
11,eeg_ts,MovingTargetNoise,MovingTargetNoise,30,36,13,0.3611111111111111,0.06790123456790123
11,eeg_ts,MovingTargetNoise,MovingTargetNoise,60,16,7,0.4375,0.03125
11,eeg_ts,MovingTargetNoise,MovingVideo,1,1192,555,0.46560402684563756,0.44383980451331023
11,eeg_ts,MovingTargetNoise,MovingVideo,2,596,269,0.4513422818791946,0.436737083915139
11,eeg_ts,MovingTargetNoise,MovingVideo,5,236,100,0.423728813559322,0.40548692904337835
11,eeg_ts,MovingTargetNoise,MovingVideo,10,116,51,0.4396551724137931,0.3769322235434007
11,eeg_ts,MovingTargetNoise,MovingVideo,30,36,13,0.3611111111111111,0.33024691358024694
11,eeg_ts,MovingTargetNoise,MovingVideo,60,16,6,0.375,0.34375
11,eeg_ts,MovingTargetNoise,NoVisuals,1,1192,592,0.4966442953020134,0.48833948921219766
11,eeg_ts,MovingTargetNoise,NoVisuals,2,596,293,0.49161073825503354,0.4850795009233818
11,eeg_ts,MovingTargetNoise,NoVisuals,5,236,122,0.5169491525423728,0.5104136742315427
11,eeg_ts,MovingTargetNoise,NoVisuals,10,116,63,0.5431034482758621,0.5169441141498217
11,eeg_ts,MovingTargetNoise,NoVisuals,30,36,19,0.5277777777777778,0.44753086419753085
11,eeg_ts,MovingTargetNoise,NoVisuals,60,16,9,0.5625,0.4375
11,eeg_ts,MovingVideo,FixedVideo,1,1192,592,0.4966442953020134,0.5014836043421468
11,eeg_ts,MovingVideo,FixedVideo,2,596,291,0.48825503355704697,0.4792576910949957
11,eeg_ts,MovingVideo,FixedVideo,5,236,111,0.4703389830508475,0.4599971272622809
11,eeg_ts,MovingVideo,FixedVideo,10,116,56,0.4827586206896552,0.441141498216409
11,eeg_ts,MovingVideo,FixedVideo,30,36,17,0.4722222222222222,0.3611111111111111
11,eeg_ts,MovingVideo,FixedVideo,60,16,4,0.25,0.265625
11,eeg_ts,MovingVideo,MovingTargetNoise,1,1192,509,0.42701342281879195,0.40229888293320115
11,eeg_ts,MovingVideo,MovingTargetNoise,2,596,250,0.41946308724832215,0.3935746137561371
11,eeg_ts,MovingVideo,MovingTargetNoise,5,236,100,0.423728813559322,0.39126687733409937
11,eeg_ts,MovingVideo,MovingTargetNoise,10,116,49,0.4224137931034483,0.37871581450653985
11,eeg_ts,MovingVideo,MovingTargetNoise,30,36,13,0.3611111111111111,0.30246913580246915
11,eeg_ts,MovingVideo,MovingTargetNoise,60,16,5,0.3125,0.28125
11,eeg_ts,MovingVideo,MovingVideo,1,1192,570,0.47818791946308725,0.4299018062249448
11,eeg_ts,MovingVideo,MovingVideo,2,596,288,0.48322147651006714,0.41903517859555883
11,eeg_ts,MovingVideo,MovingVideo,5,236,121,0.5127118644067796,0.45030163746049984
11,eeg_ts,MovingVideo,MovingVideo,10,116,61,0.5258620689655172,0.4334126040428062
11,eeg_ts,MovingVideo,MovingVideo,30,36,19,0.5277777777777778,0.4938271604938272
11,eeg_ts,MovingVideo,MovingVideo,60,16,8,0.5,0.5
11,eeg_ts,MovingVideo,NoVisuals,1,1192,589,0.4941275167785235,0.5030601099049593
11,eeg_ts,MovingVideo,NoVisuals,2,596,291,0.48825503355704697,0.5108778883834062
11,eeg_ts,MovingVideo,NoVisuals,5,236,125,0.5296610169491526,0.551493823613904
11,eeg_ts,MovingVideo,NoVisuals,10,116,60,0.5172413793103449,0.5722354340071344
11,eeg_ts,MovingVideo,NoVisuals,30,36,17,0.4722222222222222,0.5771604938271604
11,eeg_ts,MovingVideo,NoVisuals,60,16,7,0.4375,0.5625
11,eeg_ts,NoVisuals,FixedVideo,1,1192,580,0.4865771812080537,0.4626030358992838
11,eeg_ts,NoVisuals,FixedVideo,2,596,286,0.4798657718120805,0.4485721363902526
11,eeg_ts,NoVisuals,FixedVideo,5,236,112,0.4745762711864407,0.4481470841712152
11,eeg_ts,NoVisuals,FixedVideo,10,116,53,0.45689655172413796,0.43281807372175984
11,eeg_ts,NoVisuals,FixedVideo,30,36,15,0.4166666666666667,0.4197530864197531
11,eeg_ts,NoVisuals,FixedVideo,60,16,6,0.375,0.359375
11,eeg_ts,NoVisuals,MovingTargetNoise,1,1192,581,0.4874161073825503,0.48782430971577856
11,eeg_ts,NoVisuals,MovingTargetNoise,2,596,279,0.46812080536912754,0.46940453132741766
11,eeg_ts,NoVisuals,MovingTargetNoise,5,236,114,0.4830508474576271,0.49446997989083596
11,eeg_ts,NoVisuals,MovingTargetNoise,10,116,57,0.49137931034482757,0.5050535077288942
11,eeg_ts,NoVisuals,MovingTargetNoise,30,36,15,0.4166666666666667,0.4876543209876543
11,eeg_ts,NoVisuals,MovingTargetNoise,60,16,8,0.5,0.4375
11,eeg_ts,NoVisuals,MovingVideo,1,1192,603,0.5058724832214765,0.5127274672312058
11,eeg_ts,NoVisuals,MovingVideo,2,596,310,0.5201342281879194,0.5375996576730777
11,eeg_ts,NoVisuals,MovingVideo,5,236,112,0.4745762711864407,0.4943981614478598
11,eeg_ts,NoVisuals,MovingVideo,10,116,54,0.46551724137931033,0.5026753864447087
11,eeg_ts,NoVisuals,MovingVideo,30,36,18,0.5,0.4845679012345679
11,eeg_ts,NoVisuals,MovingVideo,60,16,8,0.5,0.4375
11,eeg_ts,NoVisuals,NoVisuals,1,1192,508,0.4261744966442953,0.35390297734336285
11,eeg_ts,NoVisuals,NoVisuals,2,596,233,0.39093959731543626,0.3395342552137291
11,eeg_ts,NoVisuals,NoVisuals,5,236,91,0.3855932203389831,0.3070956621660442
11,eeg_ts,NoVisuals,NoVisuals,10,116,43,0.3706896551724138,0.26932223543400713
11,eeg_ts,NoVisuals,NoVisuals,30,36,13,0.3611111111111111,0.21604938271604937
11,eeg_ts,NoVisuals,NoVisuals,60,16,6,0.375,0.21875
11,eog_ts,FixedVideo,FixedVideo,1,1192,563,0.47231543624161076,0.4681489572541777
11,eog_ts,FixedVideo,FixedVideo,2,596,254,0.4261744966442953,0.41214359713526416
11,eog_ts,FixedVideo,FixedVideo,5,236,99,0.4194915254237288,0.33424303361103136
11,eog_ts,FixedVideo,FixedVideo,10,116,42,0.3620689655172414,0.3085612366230678
11,eog_ts,FixedVideo,FixedVideo,30,36,11,0.3055555555555556,0.25925925925925924
11,eog_ts,FixedVideo,FixedVideo,60,16,6,0.375,0.125
11,eog_ts,FixedVideo,MovingTargetNoise,1,1192,573,0.48070469798657717,0.45817474438088374
11,eog_ts,FixedVideo,MovingTargetNoise,2,596,284,0.47651006711409394,0.4701590018467636
11,eog_ts,FixedVideo,MovingTargetNoise,5,236,120,0.5084745762711864,0.48247629991381785
11,eog_ts,FixedVideo,MovingTargetNoise,10,116,56,0.4827586206896552,0.47324613555291317
11,eog_ts,FixedVideo,MovingTargetNoise,30,36,19,0.5277777777777778,0.4969135802469136
11,eog_ts,FixedVideo,MovingTargetNoise,60,16,7,0.4375,0.484375
11,eog_ts,FixedVideo,MovingVideo,1,1192,555,0.46560402684563756,0.443181050403135
11,eog_ts,FixedVideo,MovingVideo,2,596,265,0.4446308724832215,0.40074771406693394
11,eog_ts,FixedVideo,MovingVideo,5,236,114,0.4830508474576271,0.3813559322033898
11,eog_ts,FixedVideo,MovingVideo,10,116,54,0.46551724137931033,0.35404280618311534
11,eog_ts,FixedVideo,MovingVideo,30,36,20,0.5555555555555556,0.345679012345679
11,eog_ts,FixedVideo,MovingVideo,60,16,8,0.5,0.375
11,eog_ts,FixedVideo,NoVisuals,1,1192,508,0.4261744966442953,0.41091617494707444
11,eog_ts,FixedVideo,NoVisuals,2,596,265,0.4446308724832215,0.4017724426827621
11,eog_ts,FixedVideo,NoVisuals,5,236,96,0.4067796610169492,0.3636885952312554
11,eog_ts,FixedVideo,NoVisuals,10,116,49,0.4224137931034483,0.351961950059453
11,eog_ts,FixedVideo,NoVisuals,30,36,12,0.3333333333333333,0.28395061728395066
11,eog_ts,FixedVideo,NoVisuals,60,16,4,0.25,0.21875
11,eog_ts,MovingTargetNoise,FixedVideo,1,1192,564,0.47315436241610737,0.4503654114679519
11,eog_ts,MovingTargetNoise,FixedVideo,2,596,299,0.5016778523489933,0.4687401468402324
11,eog_ts,MovingTargetNoise,FixedVideo,5,236,120,0.5084745762711864,0.5124964090778512
11,eog_ts,MovingTargetNoise,FixedVideo,10,116,61,0.5258620689655172,0.5199167657550535
11,eog_ts,MovingTargetNoise,FixedVideo,30,36,18,0.5,0.4907407407407407
11,eog_ts,MovingTargetNoise,FixedVideo,60,16,8,0.5,0.40625
11,eog_ts,MovingTargetNoise,MovingTargetNoise,1,1192,520,0.436241610738255,0.41953065177244264
11,eog_ts,MovingTargetNoise,MovingTargetNoise,2,596,272,0.4563758389261745,0.41081482816089365
11,eog_ts,MovingTargetNoise,MovingTargetNoise,5,236,93,0.3940677966101695,0.34243033611031315
11,eog_ts,MovingTargetNoise,MovingTargetNoise,10,116,38,0.3275862068965517,0.3097502972651605
11,eog_ts,MovingTargetNoise,MovingTargetNoise,30,36,12,0.3333333333333333,0.22222222222222224
11,eog_ts,MovingTargetNoise,MovingTargetNoise,60,16,4,0.25,0.1875
11,eog_ts,MovingTargetNoise,MovingVideo,1,1192,608,0.5100671140939598,0.5578014503851179
11,eog_ts,MovingTargetNoise,MovingVideo,2,596,300,0.5033557046979866,0.5427233007522183
11,eog_ts,MovingTargetNoise,MovingVideo,5,236,119,0.5042372881355932,0.504596380350474
11,eog_ts,MovingTargetNoise,MovingVideo,10,116,61,0.5258620689655172,0.5178359096313911
11,eog_ts,MovingTargetNoise,MovingVideo,30,36,18,0.5,0.5802469135802469
11,eog_ts,MovingTargetNoise,MovingVideo,60,16,8,0.5,0.53125
11,eog_ts,MovingTargetNoise,NoVisuals,1,1192,637,0.5343959731543624,0.5523062024233143
11,eog_ts,MovingTargetNoise,NoVisuals,2,596,322,0.540268456375839,0.5630377010044593
11,eog_ts,MovingTargetNoise,NoVisuals,5,236,130,0.5508474576271186,0.6011921861534042
11,eog_ts,MovingTargetNoise,NoVisuals,10,116,65,0.5603448275862069,0.6073127229488704
11,eog_ts,MovingTargetNoise,NoVisuals,30,36,25,0.6944444444444444,0.6419753086419753
11,eog_ts,MovingTargetNoise,NoVisuals,60,16,10,0.625,0.625
11,eog_ts,MovingVideo,FixedVideo,1,1192,550,0.46140939597315433,0.43721003558398275
11,eog_ts,MovingVideo,FixedVideo,2,596,239,0.401006711409396,0.38952074230890504
11,eog_ts,MovingVideo,FixedVideo,5,236,95,0.4025423728813559,0.3748922723355358
11,eog_ts,MovingVideo,FixedVideo,10,116,50,0.43103448275862066,0.35315101070154575
11,eog_ts,MovingVideo,FixedVideo,30,36,11,0.3055555555555556,0.308641975308642
11,eog_ts,MovingVideo,FixedVideo,60,16,5,0.3125,0.375
11,eog_ts,MovingVideo,MovingTargetNoise,1,1192,595,0.49916107382550334,0.5040031980541417
11,eog_ts,MovingVideo,MovingTargetNoise,2,596,290,0.4865771812080537,0.49952704833115635
11,eog_ts,MovingVideo,MovingTargetNoise,5,236,113,0.4788135593220339,0.483912668773341
11,eog_ts,MovingVideo,MovingTargetNoise,10,116,56,0.4827586206896552,0.4655172413793104
11,eog_ts,MovingVideo,MovingTargetNoise,30,36,18,0.5,0.4598765432098766
11,eog_ts,MovingVideo,MovingTargetNoise,60,16,7,0.4375,0.484375
11,eog_ts,MovingVideo,MovingVideo,1,1192,719,0.6031879194630873,0.6366379892797622
11,eog_ts,MovingVideo,MovingVideo,2,596,352,0.5906040268456376,0.6225620467546507
11,eog_ts,MovingVideo,MovingVideo,5,236,134,0.5677966101694916,0.6561332950301637
11,eog_ts,MovingVideo,MovingVideo,10,116,70,0.603448275862069,0.7074910820451843
11,eog_ts,MovingVideo,MovingVideo,30,36,22,0.6111111111111112,0.7530864197530864
11,eog_ts,MovingVideo,MovingVideo,60,16,11,0.6875,0.78125
11,eog_ts,MovingVideo,NoVisuals,1,1192,541,0.4538590604026846,0.43090682852123774
11,eog_ts,MovingVideo,NoVisuals,2,596,269,0.4513422818791946,0.43726633935408316
11,eog_ts,MovingVideo,NoVisuals,5,236,100,0.423728813559322,0.40591783970123524
11,eog_ts,MovingVideo,NoVisuals,10,116,46,0.39655172413793105,0.3888228299643282
11,eog_ts,MovingVideo,NoVisuals,30,36,12,0.3333333333333333,0.3364197530864198
11,eog_ts,MovingVideo,NoVisuals,60,16,6,0.375,0.328125
11,eog_ts,NoVisuals,FixedVideo,1,1192,524,0.4395973154362416,0.3888366515021846
11,eog_ts,NoVisuals,FixedVideo,2,596,248,0.4161073825503356,0.38435205621368407
11,eog_ts,NoVisuals,FixedVideo,5,236,100,0.423728813559322,0.3849468543521976
11,eog_ts,NoVisuals,FixedVideo,10,116,50,0.43103448275862066,0.3784185493460166
11,eog_ts,NoVisuals,FixedVideo,30,36,16,0.4444444444444444,0.36419753086419754
11,eog_ts,NoVisuals,FixedVideo,60,16,5,0.3125,0.25
11,eog_ts,NoVisuals,MovingTargetNoise,1,1192,639,0.5360738255033557,0.5502651907571732
11,eog_ts,NoVisuals,MovingTargetNoise,2,596,329,0.552013422818792,0.5674181343182738
11,eog_ts,NoVisuals,MovingTargetNoise,5,236,135,0.5720338983050848,0.5898448721631716
11,eog_ts,NoVisuals,MovingTargetNoise,10,116,68,0.5862068965517241,0.6236623067776457
11,eog_ts,NoVisuals,MovingTargetNoise,30,36,23,0.6388888888888888,0.6666666666666666
11,eog_ts,NoVisuals,MovingTargetNoise,60,16,11,0.6875,0.703125
11,eog_ts,NoVisuals,MovingVideo,1,1192,506,0.42449664429530204,0.3961983694428179
11,eog_ts,NoVisuals,MovingVideo,2,596,255,0.4278523489932886,0.3998468537453268
11,eog_ts,NoVisuals,MovingVideo,5,236,106,0.4491525423728814,0.39378052283826487
11,eog_ts,NoVisuals,MovingVideo,10,116,43,0.3706896551724138,0.3727705112960761
11,eog_ts,NoVisuals,MovingVideo,30,36,16,0.4444444444444444,0.3302469135802469
11,eog_ts,NoVisuals,MovingVideo,60,16,7,0.4375,0.25
11,eog_ts,NoVisuals,NoVisuals,1,1192,559,0.46895973154362414,0.44326269086978065
11,eog_ts,NoVisuals,NoVisuals,2,596,275,0.46140939597315433,0.4070537363181839
11,eog_ts,NoVisuals,NoVisuals,5,236,109,0.461864406779661,0.3974432634300489
11,eog_ts,NoVisuals,NoVisuals,10,116,52,0.4482758620689655,0.3864447086801427
11,eog_ts,NoVisuals,NoVisuals,30,36,18,0.5,0.2962962962962963
11,eog_ts,NoVisuals,NoVisuals,60,16,8,0.5,0.1875
11,gazectrl_csp,FixedVideo,FixedVideo,1,1192,526,0.4412751677852349,0.409975901986397
11,gazectrl_csp,FixedVideo,FixedVideo,2,596,262,0.4395973154362416,0.4186973559749561
11,gazectrl_csp,FixedVideo,FixedVideo,5,236,106,0.4491525423728814,0.40045963803504736
11,gazectrl_csp,FixedVideo,FixedVideo,10,116,42,0.3620689655172414,0.37931034482758624
11,gazectrl_csp,FixedVideo,FixedVideo,30,36,12,0.3333333333333333,0.2839506172839506
11,gazectrl_csp,FixedVideo,FixedVideo,60,16,5,0.3125,0.25
11,gazectrl_csp,FixedVideo,MovingTargetNoise,1,1192,585,0.49077181208053694,0.48146198369442816
11,gazectrl_csp,FixedVideo,MovingTargetNoise,2,596,291,0.48825503355704697,0.47941534165127697
11,gazectrl_csp,FixedVideo,MovingTargetNoise,5,236,119,0.5042372881355932,0.4905199655271474
11,gazectrl_csp,FixedVideo,MovingTargetNoise,10,116,59,0.5086206896551724,0.49643281807372175
11,gazectrl_csp,FixedVideo,MovingTargetNoise,30,36,17,0.4722222222222222,0.4907407407407407
11,gazectrl_csp,FixedVideo,MovingTargetNoise,60,16,9,0.5625,0.421875
11,gazectrl_csp,FixedVideo,MovingVideo,1,1192,592,0.4966442953020134,0.4879875906490698
11,gazectrl_csp,FixedVideo,MovingVideo,2,596,300,0.5033557046979866,0.4917571280572947
11,gazectrl_csp,FixedVideo,MovingVideo,5,236,123,0.5211864406779662,0.4923154266015513
11,gazectrl_csp,FixedVideo,MovingVideo,10,116,63,0.5431034482758621,0.48097502972651607
11,gazectrl_csp,FixedVideo,MovingVideo,30,36,18,0.5,0.4320987654320988
11,gazectrl_csp,FixedVideo,MovingVideo,60,16,9,0.5625,0.40625
11,gazectrl_csp,FixedVideo,NoVisuals,1,1192,604,0.5067114093959731,0.5069929282464753
11,gazectrl_csp,FixedVideo,NoVisuals,2,596,301,0.5050335570469798,0.5087833881356696
11,gazectrl_csp,FixedVideo,NoVisuals,5,236,121,0.5127118644067796,0.5270755530020109
11,gazectrl_csp,FixedVideo,NoVisuals,10,116,60,0.5172413793103449,0.5478596908442331
11,gazectrl_csp,FixedVideo,NoVisuals,30,36,18,0.5,0.5679012345679013
11,gazectrl_csp,FixedVideo,NoVisuals,60,16,8,0.5,0.53125
11,gazectrl_csp,MovingTargetNoise,FixedVideo,1,1192,570,0.47818791946308725,0.46899351380568444
11,gazectrl_csp,MovingTargetNoise,FixedVideo,2,596,282,0.47315436241610737,0.456679879284717
11,gazectrl_csp,MovingTargetNoise,FixedVideo,5,236,102,0.4322033898305085,0.43995978167193334
11,gazectrl_csp,MovingTargetNoise,FixedVideo,10,116,53,0.45689655172413796,0.44054696789536263
11,gazectrl_csp,MovingTargetNoise,FixedVideo,30,36,16,0.4444444444444444,0.4259259259259259
11,gazectrl_csp,MovingTargetNoise,FixedVideo,60,16,5,0.3125,0.34375
11,gazectrl_csp,MovingTargetNoise,MovingTargetNoise,1,1192,579,0.48573825503355705,0.47098103689023013
11,gazectrl_csp,MovingTargetNoise,MovingTargetNoise,2,596,288,0.48322147651006714,0.46867258231611186
11,gazectrl_csp,MovingTargetNoise,MovingTargetNoise,5,236,112,0.4745762711864407,0.4625107727664464
11,gazectrl_csp,MovingTargetNoise,MovingTargetNoise,10,116,54,0.46551724137931033,0.460166468489893
11,gazectrl_csp,MovingTargetNoise,MovingTargetNoise,30,36,17,0.4722222222222222,0.48765432098765427
11,gazectrl_csp,MovingTargetNoise,MovingTargetNoise,60,16,7,0.4375,0.5
11,gazectrl_csp,MovingTargetNoise,MovingVideo,1,1192,549,0.46057046979865773,0.45883068330255394
11,gazectrl_csp,MovingTargetNoise,MovingVideo,2,596,278,0.4664429530201342,0.44985586234854286
11,gazectrl_csp,MovingTargetNoise,MovingVideo,5,236,109,0.461864406779661,0.44110887675955185
11,gazectrl_csp,MovingTargetNoise,MovingVideo,10,116,55,0.47413793103448276,0.42954815695600473
11,gazectrl_csp,MovingTargetNoise,MovingVideo,30,36,16,0.4444444444444444,0.3796296296296296
11,gazectrl_csp,MovingTargetNoise,MovingVideo,60,16,7,0.4375,0.296875
11,gazectrl_csp,MovingTargetNoise,NoVisuals,1,1192,631,0.5293624161073825,0.5260799063105265
11,gazectrl_csp,MovingTargetNoise,NoVisuals,2,596,314,0.5268456375838926,0.5363271924688077
11,gazectrl_csp,MovingTargetNoise,NoVisuals,5,236,128,0.5423728813559322,0.5728239011778224
11,gazectrl_csp,MovingTargetNoise,NoVisuals,10,116,66,0.5689655172413793,0.5740190249702735
11,gazectrl_csp,MovingTargetNoise,NoVisuals,30,36,23,0.6388888888888888,0.6450617283950617
11,gazectrl_csp,MovingTargetNoise,NoVisuals,60,16,8,0.5,0.65625
11,gazectrl_csp,MovingVideo,FixedVideo,1,1192,619,0.5192953020134228,0.5424586730327463
11,gazectrl_csp,MovingVideo,FixedVideo,2,596,317,0.5318791946308725,0.5565515066888879
11,gazectrl_csp,MovingVideo,FixedVideo,5,236,127,0.538135593220339,0.5544383797759265
11,gazectrl_csp,MovingVideo,FixedVideo,10,116,68,0.5862068965517241,0.5668846611177171
11,gazectrl_csp,MovingVideo,FixedVideo,30,36,20,0.5555555555555556,0.5432098765432098
11,gazectrl_csp,MovingVideo,FixedVideo,60,16,9,0.5625,0.53125
11,gazectrl_csp,MovingVideo,MovingTargetNoise,1,1192,575,0.4823825503355705,0.47318814467816767
11,gazectrl_csp,MovingVideo,MovingTargetNoise,2,596,281,0.4714765100671141,0.4777937930723841
11,gazectrl_csp,MovingVideo,MovingTargetNoise,5,236,120,0.5084745762711864,0.4816862970410801
11,gazectrl_csp,MovingVideo,MovingTargetNoise,10,116,57,0.49137931034482757,0.45035671819262785
11,gazectrl_csp,MovingVideo,MovingTargetNoise,30,36,17,0.4722222222222222,0.4135802469135803
11,gazectrl_csp,MovingVideo,MovingTargetNoise,60,16,8,0.5,0.359375
11,gazectrl_csp,MovingVideo,MovingVideo,1,1192,584,0.4899328859060403,0.48752871492275124
11,gazectrl_csp,MovingVideo,MovingVideo,2,596,278,0.4664429530201342,0.476262330525652
11,gazectrl_csp,MovingVideo,MovingVideo,5,236,110,0.4661016949152542,0.4576271186440678
11,gazectrl_csp,MovingVideo,MovingVideo,10,116,56,0.4827586206896552,0.4447086801426873
11,gazectrl_csp,MovingVideo,MovingVideo,30,36,16,0.4444444444444444,0.42592592592592593
11,gazectrl_csp,MovingVideo,MovingVideo,60,16,7,0.4375,0.40625
11,gazectrl_csp,MovingVideo,NoVisuals,1,1192,560,0.4697986577181208,0.45583813792171524
11,gazectrl_csp,MovingVideo,NoVisuals,2,596,274,0.4597315436241611,0.43355029052745375
11,gazectrl_csp,MovingVideo,NoVisuals,5,236,112,0.4745762711864407,0.46394714162596956
11,gazectrl_csp,MovingVideo,NoVisuals,10,116,52,0.4482758620689655,0.460166468489893
11,gazectrl_csp,MovingVideo,NoVisuals,30,36,17,0.4722222222222222,0.4660493827160494
11,gazectrl_csp,MovingVideo,NoVisuals,60,16,8,0.5,0.484375
11,gazectrl_csp,NoVisuals,FixedVideo,1,1192,575,0.4823825503355705,0.470209675239854
11,gazectrl_csp,NoVisuals,FixedVideo,2,596,268,0.44966442953020136,0.45035133552542683
11,gazectrl_csp,NoVisuals,FixedVideo,5,236,109,0.461864406779661,0.415469692617064
11,gazectrl_csp,NoVisuals,FixedVideo,10,116,46,0.39655172413793105,0.39892984542211657
11,gazectrl_csp,NoVisuals,FixedVideo,30,36,14,0.3888888888888889,0.345679012345679
11,gazectrl_csp,NoVisuals,FixedVideo,60,16,6,0.375,0.171875
11,gazectrl_csp,NoVisuals,MovingTargetNoise,1,1192,620,0.5201342281879194,0.5325097968559974
11,gazectrl_csp,NoVisuals,MovingTargetNoise,2,596,326,0.5469798657718121,0.5543669204089906
11,gazectrl_csp,NoVisuals,MovingTargetNoise,5,236,139,0.5889830508474576,0.6188595231255386
11,gazectrl_csp,NoVisuals,MovingTargetNoise,10,116,68,0.5862068965517241,0.6584423305588584
11,gazectrl_csp,NoVisuals,MovingTargetNoise,30,36,22,0.6111111111111112,0.7253086419753086
11,gazectrl_csp,NoVisuals,MovingTargetNoise,60,16,13,0.8125,0.8125
11,gazectrl_csp,NoVisuals,MovingVideo,1,1192,589,0.4941275167785235,0.4870079050493221
11,gazectrl_csp,NoVisuals,MovingVideo,2,596,296,0.4966442953020134,0.4878721679203639
11,gazectrl_csp,NoVisuals,MovingVideo,5,236,123,0.5211864406779662,0.49978454467107153
11,gazectrl_csp,NoVisuals,MovingVideo,10,116,58,0.5,0.49762187871581454
11,gazectrl_csp,NoVisuals,MovingVideo,30,36,16,0.4444444444444444,0.47530864197530864
11,gazectrl_csp,NoVisuals,MovingVideo,60,16,9,0.5625,0.5625
11,gazectrl_csp,NoVisuals,NoVisuals,1,1192,592,0.4966442953020134,0.4963064726814108
11,gazectrl_csp,NoVisuals,NoVisuals,2,596,290,0.4865771812080537,0.4966668168100536
11,gazectrl_csp,NoVisuals,NoVisuals,5,236,115,0.4872881355932203,0.4760126400459638
11,gazectrl_csp,NoVisuals,NoVisuals,10,116,53,0.45689655172413796,0.4684898929845422
11,gazectrl_csp,NoVisuals,NoVisuals,30,36,16,0.4444444444444444,0.4814814814814815
11,gazectrl_csp,NoVisuals,NoVisuals,60,16,8,0.5,0.5
11,gazectrl_ts,FixedVideo,FixedVideo,1,1192,545,0.45721476510067116,0.43233412909328406
11,gazectrl_ts,FixedVideo,FixedVideo,2,596,263,0.4412751677852349,0.4283365614161524
11,gazectrl_ts,FixedVideo,FixedVideo,5,236,94,0.3983050847457627,0.38365412237862684
11,gazectrl_ts,FixedVideo,FixedVideo,10,116,44,0.3793103448275862,0.3644470868014269
11,gazectrl_ts,FixedVideo,FixedVideo,30,36,14,0.3888888888888889,0.23456790123456794
11,gazectrl_ts,FixedVideo,FixedVideo,60,16,5,0.3125,0.21875
11,gazectrl_ts,FixedVideo,MovingTargetNoise,1,1192,568,0.47651006711409394,0.4818701860276564
11,gazectrl_ts,FixedVideo,MovingTargetNoise,2,596,294,0.49328859060402686,0.4777712715643439
11,gazectrl_ts,FixedVideo,MovingTargetNoise,5,236,114,0.4830508474576271,0.46904625107727665
11,gazectrl_ts,FixedVideo,MovingTargetNoise,10,116,53,0.45689655172413796,0.4613555291319857
11,gazectrl_ts,FixedVideo,MovingTargetNoise,30,36,21,0.5833333333333334,0.45679012345679015
11,gazectrl_ts,FixedVideo,MovingTargetNoise,60,16,10,0.625,0.4375
11,gazectrl_ts,FixedVideo,MovingVideo,1,1192,609,0.5109060402684564,0.5153709292374218
11,gazectrl_ts,FixedVideo,MovingVideo,2,596,314,0.5268456375838926,0.5281856673122832
11,gazectrl_ts,FixedVideo,MovingVideo,5,236,119,0.5042372881355932,0.5361246768170066
11,gazectrl_ts,FixedVideo,MovingVideo,10,116,64,0.5517241379310345,0.5633174791914387
11,gazectrl_ts,FixedVideo,MovingVideo,30,36,18,0.5,0.5617283950617283
11,gazectrl_ts,FixedVideo,MovingVideo,60,16,10,0.625,0.609375
11,gazectrl_ts,FixedVideo,NoVisuals,1,1192,576,0.48322147651006714,0.47800774739876584
11,gazectrl_ts,FixedVideo,NoVisuals,2,596,291,0.48825503355704697,0.4634138101887303
11,gazectrl_ts,FixedVideo,NoVisuals,5,236,101,0.4279661016949153,0.43995978167193334
11,gazectrl_ts,FixedVideo,NoVisuals,10,116,56,0.4827586206896552,0.42895362663495845
11,gazectrl_ts,FixedVideo,NoVisuals,30,36,17,0.4722222222222222,0.33333333333333337
11,gazectrl_ts,FixedVideo,NoVisuals,60,16,7,0.4375,0.34375
11,gazectrl_ts,MovingTargetNoise,FixedVideo,1,1192,578,0.4848993288590604,0.47760799063105275
11,gazectrl_ts,MovingTargetNoise,FixedVideo,2,596,283,0.4748322147651007,0.4634363316967704
11,gazectrl_ts,MovingTargetNoise,FixedVideo,5,236,113,0.4788135593220339,0.4414679689744327
11,gazectrl_ts,MovingTargetNoise,FixedVideo,10,116,54,0.46551724137931033,0.42241379310344823
11,gazectrl_ts,MovingTargetNoise,FixedVideo,30,36,16,0.4444444444444444,0.3796296296296296
11,gazectrl_ts,MovingTargetNoise,FixedVideo,60,16,7,0.4375,0.3125
11,gazectrl_ts,MovingTargetNoise,MovingTargetNoise,1,1192,610,0.511744966442953,0.5130174316472231
11,gazectrl_ts,MovingTargetNoise,MovingTargetNoise,2,596,284,0.47651006711409394,0.493063375523625
11,gazectrl_ts,MovingTargetNoise,MovingTargetNoise,5,236,106,0.4491525423728814,0.4326343004883654
11,gazectrl_ts,MovingTargetNoise,MovingTargetNoise,10,116,45,0.3879310344827586,0.3929845422116528
11,gazectrl_ts,MovingTargetNoise,MovingTargetNoise,30,36,13,0.3611111111111111,0.32098765432098764
11,gazectrl_ts,MovingTargetNoise,MovingTargetNoise,60,16,4,0.25,0.21875
11,gazectrl_ts,MovingTargetNoise,MovingVideo,1,1192,561,0.47063758389261745,0.4697620602675555
11,gazectrl_ts,MovingTargetNoise,MovingVideo,2,596,285,0.47818791946308725,0.47783883608846445
11,gazectrl_ts,MovingTargetNoise,MovingVideo,5,236,117,0.4957627118644068,0.46933352484918134
11,gazectrl_ts,MovingTargetNoise,MovingVideo,10,116,53,0.45689655172413796,0.44262782401902495
11,gazectrl_ts,MovingTargetNoise,MovingVideo,30,36,18,0.5,0.4444444444444445
11,gazectrl_ts,MovingTargetNoise,MovingVideo,60,16,6,0.375,0.421875
11,gazectrl_ts,MovingTargetNoise,NoVisuals,1,1192,606,0.5083892617449665,0.5091465474528174
11,gazectrl_ts,MovingTargetNoise,NoVisuals,2,596,305,0.511744966442953,0.5233322823296248
11,gazectrl_ts,MovingTargetNoise,NoVisuals,5,236,134,0.5677966101694916,0.5565929330652112
11,gazectrl_ts,MovingTargetNoise,NoVisuals,10,116,60,0.5172413793103449,0.5674791914387634
11,gazectrl_ts,MovingTargetNoise,NoVisuals,30,36,24,0.6666666666666666,0.5925925925925926
11,gazectrl_ts,MovingTargetNoise,NoVisuals,60,16,9,0.5625,0.65625
11,gazectrl_ts,MovingVideo,FixedVideo,1,1192,635,0.5327181208053692,0.5435171839106346
11,gazectrl_ts,MovingVideo,FixedVideo,2,596,313,0.5251677852348994,0.5508423044007027
11,gazectrl_ts,MovingVideo,FixedVideo,5,236,129,0.5466101694915254,0.5686584314852055
11,gazectrl_ts,MovingVideo,FixedVideo,10,116,69,0.5948275862068966,0.6141498216409037
11,gazectrl_ts,MovingVideo,FixedVideo,30,36,23,0.6388888888888888,0.6388888888888888
11,gazectrl_ts,MovingVideo,FixedVideo,60,16,9,0.5625,0.75
11,gazectrl_ts,MovingVideo,MovingTargetNoise,1,1192,564,0.47315436241610737,0.4618767172649881
11,gazectrl_ts,MovingVideo,MovingTargetNoise,2,596,297,0.4983221476510067,0.46575604702490875
11,gazectrl_ts,MovingVideo,MovingTargetNoise,5,236,110,0.4661016949152542,0.43909796035621945
11,gazectrl_ts,MovingVideo,MovingTargetNoise,10,116,56,0.4827586206896552,0.4131985731272295
11,gazectrl_ts,MovingVideo,MovingTargetNoise,30,36,16,0.4444444444444444,0.31481481481481477
11,gazectrl_ts,MovingVideo,MovingTargetNoise,60,16,8,0.5,0.25
11,gazectrl_ts,MovingVideo,MovingVideo,1,1192,590,0.4949664429530201,0.4798714021890906
11,gazectrl_ts,MovingVideo,MovingVideo,2,596,308,0.5167785234899329,0.5106977163190847
11,gazectrl_ts,MovingVideo,MovingVideo,5,236,125,0.5296610169491526,0.5205400746911807
11,gazectrl_ts,MovingVideo,MovingVideo,10,116,60,0.5172413793103449,0.5166468489892985
11,gazectrl_ts,MovingVideo,MovingVideo,30,36,17,0.4722222222222222,0.49382716049382713
11,gazectrl_ts,MovingVideo,MovingVideo,60,16,9,0.5625,0.46875
11,gazectrl_ts,MovingVideo,NoVisuals,1,1192,560,0.4697986577181208,0.4669496869510382
11,gazectrl_ts,MovingVideo,NoVisuals,2,596,275,0.46140939597315433,0.46502409801360295
11,gazectrl_ts,MovingVideo,NoVisuals,5,236,115,0.4872881355932203,0.4630853203102557
11,gazectrl_ts,MovingVideo,NoVisuals,10,116,55,0.47413793103448276,0.46076099881093935
11,gazectrl_ts,MovingVideo,NoVisuals,30,36,18,0.5,0.4598765432098766
11,gazectrl_ts,MovingVideo,NoVisuals,60,16,8,0.5,0.453125
11,gazectrl_ts,NoVisuals,FixedVideo,1,1192,567,0.47567114093959734,0.47397358227106884
11,gazectrl_ts,NoVisuals,FixedVideo,2,596,278,0.4664429530201342,0.47218593757037963
11,gazectrl_ts,NoVisuals,FixedVideo,5,236,107,0.4533898305084746,0.4350761275495547
11,gazectrl_ts,NoVisuals,FixedVideo,10,116,47,0.4051724137931034,0.43192627824019025
11,gazectrl_ts,NoVisuals,FixedVideo,30,36,14,0.3888888888888889,0.34567901234567905
11,gazectrl_ts,NoVisuals,FixedVideo,60,16,7,0.4375,0.265625
11,gazectrl_ts,NoVisuals,MovingTargetNoise,1,1192,602,0.5050335570469798,0.503662560245034
11,gazectrl_ts,NoVisuals,MovingTargetNoise,2,596,296,0.4966442953020134,0.5021733255258771
11,gazectrl_ts,NoVisuals,MovingTargetNoise,5,236,113,0.4788135593220339,0.5164464234415398
11,gazectrl_ts,NoVisuals,MovingTargetNoise,10,116,60,0.5172413793103449,0.5175386444708681
11,gazectrl_ts,NoVisuals,MovingTargetNoise,30,36,15,0.4166666666666667,0.5092592592592592
11,gazectrl_ts,NoVisuals,MovingTargetNoise,60,16,8,0.5,0.5625
11,gazectrl_ts,NoVisuals,MovingVideo,1,1192,584,0.4899328859060403,0.48000371604882663
11,gazectrl_ts,NoVisuals,MovingVideo,2,596,292,0.4899328859060403,0.47714066933921895
11,gazectrl_ts,NoVisuals,MovingVideo,5,236,118,0.5,0.48204538925596097
11,gazectrl_ts,NoVisuals,MovingVideo,10,116,58,0.5,0.47800237812128415
11,gazectrl_ts,NoVisuals,MovingVideo,30,36,18,0.5,0.5092592592592593
11,gazectrl_ts,NoVisuals,MovingVideo,60,16,9,0.5625,0.578125
11,gazectrl_ts,NoVisuals,NoVisuals,1,1192,616,0.5167785234899329,0.5244639881086437
11,gazectrl_ts,NoVisuals,NoVisuals,2,596,322,0.540268456375839,0.4982658438809063
11,gazectrl_ts,NoVisuals,NoVisuals,5,236,124,0.5254237288135594,0.43565067509336397
11,gazectrl_ts,NoVisuals,NoVisuals,10,116,60,0.5172413793103449,0.40428061831153395
11,gazectrl_ts,NoVisuals,NoVisuals,30,36,18,0.5,0.3765432098765432
11,gazectrl_ts,NoVisuals,NoVisuals,60,16,8,0.5,0.40625
12,eeg_alpha_ts,FixedVideo,FixedVideo,1,1192,570,0.47818791946308725,0.4768478897346966
12,eeg_alpha_ts,FixedVideo,FixedVideo,2,596,289,0.4848993288590604,0.4501148596910049
12,eeg_alpha_ts,FixedVideo,FixedVideo,5,236,101,0.4279661016949153,0.39571962079862105
12,eeg_alpha_ts,FixedVideo,FixedVideo,10,116,51,0.4396551724137931,0.36920332936979783
12,eeg_alpha_ts,FixedVideo,FixedVideo,30,36,12,0.3333333333333333,0.2839506172839506
12,eeg_alpha_ts,FixedVideo,FixedVideo,60,16,5,0.3125,0.21875
12,eeg_alpha_ts,FixedVideo,MovingTargetNoise,1,1192,554,0.46476510067114096,0.46606571776046124
12,eeg_alpha_ts,FixedVideo,MovingTargetNoise,2,596,276,0.46308724832214765,0.46245664609702264
12,eeg_alpha_ts,FixedVideo,MovingTargetNoise,5,236,120,0.5084745762711864,0.5026572823901178
12,eeg_alpha_ts,FixedVideo,MovingTargetNoise,10,116,61,0.5258620689655172,0.5071343638525565
12,eeg_alpha_ts,FixedVideo,MovingTargetNoise,30,36,22,0.6111111111111112,0.5246913580246914
12,eeg_alpha_ts,FixedVideo,MovingTargetNoise,60,16,7,0.4375,0.5
12,eeg_alpha_ts,FixedVideo,MovingVideo,1,1192,546,0.45805369127516776,0.43614870951758933
12,eeg_alpha_ts,FixedVideo,MovingVideo,2,596,267,0.44798657718120805,0.416163686320436
12,eeg_alpha_ts,FixedVideo,MovingVideo,5,236,92,0.3898305084745763,0.3452312553863832
12,eeg_alpha_ts,FixedVideo,MovingVideo,10,116,44,0.3793103448275862,0.32877526753864444
12,eeg_alpha_ts,FixedVideo,MovingVideo,30,36,10,0.2777777777777778,0.23456790123456794
12,eeg_alpha_ts,FixedVideo,MovingVideo,60,16,3,0.1875,0.234375
12,eeg_alpha_ts,FixedVideo,NoVisuals,1,1192,573,0.48070469798657717,0.48257116796540694
12,eeg_alpha_ts,FixedVideo,NoVisuals,2,596,278,0.4664429530201342,0.47225350209450023
12,eeg_alpha_ts,FixedVideo,NoVisuals,5,236,110,0.4661016949152542,0.4321315713875323
12,eeg_alpha_ts,FixedVideo,NoVisuals,10,116,46,0.39655172413793105,0.4039833531510107
12,eeg_alpha_ts,FixedVideo,NoVisuals,30,36,12,0.3333333333333333,0.3395061728395062
12,eeg_alpha_ts,FixedVideo,NoVisuals,60,16,6,0.375,0.375
12,eeg_alpha_ts,MovingTargetNoise,FixedVideo,1,1192,575,0.4823825503355705,0.47928865816855093
12,eeg_alpha_ts,MovingTargetNoise,FixedVideo,2,596,299,0.5016778523489933,0.4813409305887122
12,eeg_alpha_ts,MovingTargetNoise,FixedVideo,5,236,107,0.4533898305084746,0.487575409365125
12,eeg_alpha_ts,MovingTargetNoise,FixedVideo,10,116,59,0.5086206896551724,0.4717598097502973
12,eeg_alpha_ts,MovingTargetNoise,FixedVideo,30,36,19,0.5277777777777778,0.4845679012345679
12,eeg_alpha_ts,MovingTargetNoise,FixedVideo,60,16,7,0.4375,0.46875
12,eeg_alpha_ts,MovingTargetNoise,MovingTargetNoise,1,1192,496,0.4161073825503356,0.39102405297058695
12,eeg_alpha_ts,MovingTargetNoise,MovingTargetNoise,2,596,227,0.3808724832214765,0.34669609477050584
12,eeg_alpha_ts,MovingTargetNoise,MovingTargetNoise,5,236,86,0.3644067796610169,0.30623384085033034
12,eeg_alpha_ts,MovingTargetNoise,MovingTargetNoise,10,116,42,0.3620689655172414,0.23602853745541022
12,eeg_alpha_ts,MovingTargetNoise,MovingTargetNoise,30,36,8,0.2222222222222222,0.11728395061728394
12,eeg_alpha_ts,MovingTargetNoise,MovingTargetNoise,60,16,2,0.125,0.0
12,eeg_alpha_ts,MovingTargetNoise,MovingVideo,1,1192,646,0.5419463087248322,0.5606870186027657
12,eeg_alpha_ts,MovingTargetNoise,MovingVideo,2,596,316,0.5302013422818792,0.5679473897572181
12,eeg_alpha_ts,MovingTargetNoise,MovingVideo,5,236,123,0.5211864406779662,0.565282964665326
12,eeg_alpha_ts,MovingTargetNoise,MovingVideo,10,116,65,0.5603448275862069,0.5978002378121284
12,eeg_alpha_ts,MovingTargetNoise,MovingVideo,30,36,21,0.5833333333333334,0.6049382716049383
12,eeg_alpha_ts,MovingTargetNoise,MovingVideo,60,16,7,0.4375,0.578125
12,eeg_alpha_ts,MovingTargetNoise,NoVisuals,1,1192,595,0.49916107382550334,0.4986712310256295
12,eeg_alpha_ts,MovingTargetNoise,NoVisuals,2,596,296,0.4966442953020134,0.4959123462907076
12,eeg_alpha_ts,MovingTargetNoise,NoVisuals,5,236,111,0.4703389830508475,0.41855788566503876
12,eeg_alpha_ts,MovingTargetNoise,NoVisuals,10,116,51,0.4396551724137931,0.39328180737217594
12,eeg_alpha_ts,MovingTargetNoise,NoVisuals,30,36,13,0.3611111111111111,0.3271604938271605
12,eeg_alpha_ts,MovingTargetNoise,NoVisuals,60,16,4,0.25,0.21875
12,eeg_alpha_ts,MovingVideo,FixedVideo,1,1192,557,0.4672818791946309,0.4390652448087924
12,eeg_alpha_ts,MovingVideo,FixedVideo,2,596,261,0.43791946308724833,0.4292599432457998
12,eeg_alpha_ts,MovingVideo,FixedVideo,5,236,98,0.4152542372881356,0.3923441539787418
12,eeg_alpha_ts,MovingVideo,FixedVideo,10,116,52,0.4482758620689655,0.37633769322235433
12,eeg_alpha_ts,MovingVideo,FixedVideo,30,36,9,0.25,0.2870370370370371
12,eeg_alpha_ts,MovingVideo,FixedVideo,60,16,4,0.25,0.28125
12,eeg_alpha_ts,MovingVideo,MovingTargetNoise,1,1192,619,0.5192953020134228,0.5245118463132291
12,eeg_alpha_ts,MovingVideo,MovingTargetNoise,2,596,313,0.5251677852348994,0.5362596279446872
12,eeg_alpha_ts,MovingVideo,MovingTargetNoise,5,236,122,0.5169491525423728,0.5403619649525999
12,eeg_alpha_ts,MovingVideo,MovingTargetNoise,10,116,60,0.5172413793103449,0.5338882282996432
12,eeg_alpha_ts,MovingVideo,MovingTargetNoise,30,36,20,0.5555555555555556,0.5432098765432098
12,eeg_alpha_ts,MovingVideo,MovingTargetNoise,60,16,8,0.5,0.59375
12,eeg_alpha_ts,MovingVideo,MovingVideo,1,1192,492,0.412751677852349,0.37150916625377234
12,eeg_alpha_ts,MovingVideo,MovingVideo,2,596,218,0.36577181208053694,0.3233412909328409
12,eeg_alpha_ts,MovingVideo,MovingVideo,5,236,88,0.3728813559322034,0.2691755242746337
12,eeg_alpha_ts,MovingVideo,MovingVideo,10,116,41,0.35344827586206895,0.20214030915576697
12,eeg_alpha_ts,MovingVideo,MovingVideo,30,36,13,0.3611111111111111,0.06790123456790123
12,eeg_alpha_ts,MovingVideo,MovingVideo,60,16,5,0.3125,0.0625
12,eeg_alpha_ts,MovingVideo,NoVisuals,1,1192,678,0.5687919463087249,0.5819050943651187
12,eeg_alpha_ts,MovingVideo,NoVisuals,2,596,352,0.5906040268456376,0.6064591685059231
12,eeg_alpha_ts,MovingVideo,NoVisuals,5,236,140,0.5932203389830508,0.6469405343292157
12,eeg_alpha_ts,MovingVideo,NoVisuals,10,116,76,0.6551724137931034,0.6608204518430438
12,eeg_alpha_ts,MovingVideo,NoVisuals,30,36,26,0.7222222222222222,0.75
12,eeg_alpha_ts,MovingVideo,NoVisuals,60,16,12,0.75,0.796875
12,eeg_alpha_ts,NoVisuals,FixedVideo,1,1192,601,0.5041946308724832,0.49333926399711725
12,eeg_alpha_ts,NoVisuals,FixedVideo,2,596,271,0.4546979865771812,0.47539525246610514
12,eeg_alpha_ts,NoVisuals,FixedVideo,5,236,114,0.4830508474576271,0.44584889399597816
12,eeg_alpha_ts,NoVisuals,FixedVideo,10,116,53,0.45689655172413796,0.44322235434007135
12,eeg_alpha_ts,NoVisuals,FixedVideo,30,36,16,0.4444444444444444,0.45987654320987653
12,eeg_alpha_ts,NoVisuals,FixedVideo,60,16,8,0.5,0.4375
12,eeg_alpha_ts,NoVisuals,MovingTargetNoise,1,1192,598,0.5016778523489933,0.49695959641457593
12,eeg_alpha_ts,NoVisuals,MovingTargetNoise,2,596,301,0.5050335570469798,0.49154317373091305
12,eeg_alpha_ts,NoVisuals,MovingTargetNoise,5,236,112,0.4745762711864407,0.41898879632289576
12,eeg_alpha_ts,NoVisuals,MovingTargetNoise,10,116,44,0.3793103448275862,0.39090368608799053
12,eeg_alpha_ts,NoVisuals,MovingTargetNoise,30,36,13,0.3611111111111111,0.33333333333333337
12,eeg_alpha_ts,NoVisuals,MovingTargetNoise,60,16,7,0.4375,0.234375
12,eeg_alpha_ts,NoVisuals,MovingVideo,1,1192,651,0.5461409395973155,0.5614809017611819
12,eeg_alpha_ts,NoVisuals,MovingVideo,2,596,327,0.5486577181208053,0.5901310751767939
12,eeg_alpha_ts,NoVisuals,MovingVideo,5,236,137,0.5805084745762712,0.627765010054582
12,eeg_alpha_ts,NoVisuals,MovingVideo,10,116,75,0.646551724137931,0.6412009512485136
12,eeg_alpha_ts,NoVisuals,MovingVideo,30,36,24,0.6666666666666666,0.7222222222222222
12,eeg_alpha_ts,NoVisuals,MovingVideo,60,16,11,0.6875,0.703125
12,eeg_alpha_ts,NoVisuals,NoVisuals,1,1192,585,0.49077181208053694,0.5050954911940904
12,eeg_alpha_ts,NoVisuals,NoVisuals,2,596,298,0.5,0.5070267105085356
12,eeg_alpha_ts,NoVisuals,NoVisuals,5,236,118,0.5,0.47558172938810683
12,eeg_alpha_ts,NoVisuals,NoVisuals,10,116,51,0.4396551724137931,0.4554102259215219
12,eeg_alpha_ts,NoVisuals,NoVisuals,30,36,20,0.5555555555555556,0.5493827160493827
12,eeg_alpha_ts,NoVisuals,NoVisuals,60,16,8,0.5,0.40625
12,eeg_csp,FixedVideo,FixedVideo,1,1192,591,0.49580536912751677,0.26571438223503446
12,eeg_csp,FixedVideo,FixedVideo,2,596,299,0.5016778523489933,0.3185216882122427
12,eeg_csp,FixedVideo,FixedVideo,5,236,122,0.5169491525423728,0.5001436368859522
12,eeg_csp,FixedVideo,FixedVideo,10,116,62,0.5344827586206896,0.5338882282996433
12,eeg_csp,FixedVideo,FixedVideo,30,36,19,0.5277777777777778,0.5925925925925927
12,eeg_csp,FixedVideo,FixedVideo,60,16,9,0.5625,0.65625
12,eeg_csp,FixedVideo,MovingTargetNoise,1,1192,722,0.6057046979865772,0.4682108914012882
12,eeg_csp,FixedVideo,MovingTargetNoise,2,596,364,0.610738255033557,0.47013648033872346
12,eeg_csp,FixedVideo,MovingTargetNoise,5,236,146,0.6186440677966102,0.4657426027003735
12,eeg_csp,FixedVideo,MovingTargetNoise,10,116,73,0.6293103448275862,0.4827586206896552
12,eeg_csp,FixedVideo,MovingTargetNoise,30,36,26,0.7222222222222222,0.49382716049382713
12,eeg_csp,FixedVideo,MovingTargetNoise,60,16,12,0.75,0.5
12,eeg_csp,FixedVideo,MovingVideo,1,1192,570,0.47818791946308725,0.3343177109139228
12,eeg_csp,FixedVideo,MovingVideo,2,596,275,0.46140939597315433,0.3259763073735417
12,eeg_csp,FixedVideo,MovingVideo,5,236,113,0.4788135593220339,0.34975581729388106
12,eeg_csp,FixedVideo,MovingVideo,10,116,55,0.47413793103448276,0.35434007134363854
12,eeg_csp,FixedVideo,MovingVideo,30,36,17,0.4722222222222222,0.3611111111111111
12,eeg_csp,FixedVideo,MovingVideo,60,16,9,0.5625,0.390625
12,eeg_csp,FixedVideo,NoVisuals,1,1192,600,0.5033557046979866,0.5366959821629657
12,eeg_csp,FixedVideo,NoVisuals,2,596,296,0.4966442953020134,0.5321607134813748
12,eeg_csp,FixedVideo,NoVisuals,5,236,114,0.4830508474576271,0.5251364550416547
12,eeg_csp,FixedVideo,NoVisuals,10,116,56,0.4827586206896552,0.5092152199762188
12,eeg_csp,FixedVideo,NoVisuals,30,36,16,0.4444444444444444,0.49691358024691357
12,eeg_csp,FixedVideo,NoVisuals,60,16,8,0.5,0.484375
12,eeg_csp,MovingTargetNoise,FixedVideo,1,1192,456,0.3825503355704698,0.5236278771226521
12,eeg_csp,MovingTargetNoise,FixedVideo,2,596,226,0.37919463087248323,0.501396333498491
12,eeg_csp,MovingTargetNoise,FixedVideo,5,236,91,0.3855932203389831,0.5042372881355933
12,eeg_csp,MovingTargetNoise,FixedVideo,10,116,44,0.3793103448275862,0.5059453032104636
12,eeg_csp,MovingTargetNoise,FixedVideo,30,36,15,0.4166666666666667,0.5
12,eeg_csp,MovingTargetNoise,FixedVideo,60,16,7,0.4375,0.5
12,eeg_csp,MovingTargetNoise,MovingTargetNoise,1,1192,193,0.16191275167785235,0.05570131976037116
12,eeg_csp,MovingTargetNoise,MovingTargetNoise,2,596,109,0.18288590604026847,0.05407414080446826
12,eeg_csp,MovingTargetNoise,MovingTargetNoise,5,236,43,0.18220338983050846,0.06205113473139901
12,eeg_csp,MovingTargetNoise,MovingTargetNoise,10,116,19,0.16379310344827586,0.04399524375743162
12,eeg_csp,MovingTargetNoise,MovingTargetNoise,30,36,5,0.1388888888888889,0.006172839506172842
12,eeg_csp,MovingTargetNoise,MovingTargetNoise,60,16,2,0.125,0.0
12,eeg_csp,MovingTargetNoise,MovingVideo,1,1192,637,0.5343959731543624,0.5595919102743119
12,eeg_csp,MovingTargetNoise,MovingVideo,2,596,331,0.5553691275167785,0.5701319760371155
12,eeg_csp,MovingTargetNoise,MovingVideo,5,236,131,0.5550847457627118,0.5649238724504453
12,eeg_csp,MovingTargetNoise,MovingVideo,10,116,66,0.5689655172413793,0.5648038049940547
12,eeg_csp,MovingTargetNoise,MovingVideo,30,36,21,0.5833333333333334,0.574074074074074
12,eeg_csp,MovingTargetNoise,MovingVideo,60,16,9,0.5625,0.578125
12,eeg_csp,MovingTargetNoise,NoVisuals,1,1192,747,0.6266778523489933,0.6029317373091303
12,eeg_csp,MovingTargetNoise,NoVisuals,2,596,337,0.5654362416107382,0.6119093734516463
12,eeg_csp,MovingTargetNoise,NoVisuals,5,236,133,0.5635593220338984,0.5817293881068659
12,eeg_csp,MovingTargetNoise,NoVisuals,10,116,69,0.5948275862068966,0.5799643281807372
12,eeg_csp,MovingTargetNoise,NoVisuals,30,36,22,0.6111111111111112,0.5771604938271604
12,eeg_csp,MovingTargetNoise,NoVisuals,60,16,10,0.625,0.609375
12,eeg_csp,MovingVideo,FixedVideo,1,1192,401,0.33640939597315433,0.2684563758389262
12,eeg_csp,MovingVideo,FixedVideo,2,596,187,0.313758389261745,0.2664857438854106
12,eeg_csp,MovingVideo,FixedVideo,5,236,75,0.3177966101694915,0.26493823613904055
12,eeg_csp,MovingVideo,FixedVideo,10,116,33,0.28448275862068967,0.22146254458977405
12,eeg_csp,MovingVideo,FixedVideo,30,36,10,0.2777777777777778,0.18209876543209874
12,eeg_csp,MovingVideo,FixedVideo,60,16,4,0.25,0.09375
12,eeg_csp,MovingVideo,MovingTargetNoise,1,1192,641,0.537751677852349,0.5814631097698302
12,eeg_csp,MovingVideo,MovingTargetNoise,2,596,300,0.5033557046979866,0.5237489302283682
12,eeg_csp,MovingVideo,MovingTargetNoise,5,236,110,0.4661016949152542,0.4476443550703821
12,eeg_csp,MovingVideo,MovingTargetNoise,10,116,51,0.4396551724137931,0.44054696789536263
12,eeg_csp,MovingVideo,MovingTargetNoise,30,36,15,0.4166666666666667,0.42901234567901225
12,eeg_csp,MovingVideo,MovingTargetNoise,60,16,6,0.375,0.375
12,eeg_csp,MovingVideo,MovingVideo,1,1192,239,0.200503355704698,0.011294536282149457
12,eeg_csp,MovingVideo,MovingVideo,2,596,128,0.21476510067114093,0.010540065762803476
12,eeg_csp,MovingVideo,MovingVideo,5,236,46,0.19491525423728814,0.008761850043091065
12,eeg_csp,MovingVideo,MovingVideo,10,116,23,0.19827586206896552,0.0005945303210463727
12,eeg_csp,MovingVideo,MovingVideo,30,36,7,0.19444444444444445,0.0
12,eeg_csp,MovingVideo,MovingVideo,60,16,3,0.1875,0.0
12,eeg_csp,MovingVideo,NoVisuals,1,1192,662,0.5553691275167785,0.5528861312553489
12,eeg_csp,MovingVideo,NoVisuals,2,596,344,0.5771812080536913,0.5628913112021982
12,eeg_csp,MovingVideo,NoVisuals,5,236,129,0.5466101694915254,0.5619793162884229
12,eeg_csp,MovingVideo,NoVisuals,10,116,64,0.5517241379310345,0.5725326991676575
12,eeg_csp,MovingVideo,NoVisuals,30,36,19,0.5277777777777778,0.6327160493827161
12,eeg_csp,MovingVideo,NoVisuals,60,16,9,0.5625,0.65625
12,eeg_csp,NoVisuals,FixedVideo,1,1192,485,0.40687919463087246,0.44983052565199766
12,eeg_csp,NoVisuals,FixedVideo,2,596,245,0.4110738255033557,0.4234719156794739
12,eeg_csp,NoVisuals,FixedVideo,5,236,103,0.4364406779661017,0.4001723642631428
12,eeg_csp,NoVisuals,FixedVideo,10,116,49,0.4224137931034483,0.3944708680142687
12,eeg_csp,NoVisuals,FixedVideo,30,36,15,0.4166666666666667,0.3734567901234568
12,eeg_csp,NoVisuals,FixedVideo,60,16,7,0.4375,0.421875
12,eeg_csp,NoVisuals,MovingTargetNoise,1,1192,821,0.6887583892617449,0.7325514616458717
12,eeg_csp,NoVisuals,MovingTargetNoise,2,596,426,0.714765100671141,0.735721363902527
12,eeg_csp,NoVisuals,MovingTargetNoise,5,236,161,0.6822033898305084,0.7038925596093076
12,eeg_csp,NoVisuals,MovingTargetNoise,10,116,82,0.7068965517241379,0.7006539833531509
12,eeg_csp,NoVisuals,MovingTargetNoise,30,36,25,0.6944444444444444,0.7067901234567902
12,eeg_csp,NoVisuals,MovingTargetNoise,60,16,12,0.75,0.71875
12,eeg_csp,NoVisuals,MovingVideo,1,1192,650,0.5453020134228188,0.5771136435295707
12,eeg_csp,NoVisuals,MovingVideo,2,596,329,0.552013422818792,0.5928223953875952
12,eeg_csp,NoVisuals,MovingVideo,5,236,118,0.5,0.6343723068083884
12,eeg_csp,NoVisuals,MovingVideo,10,116,61,0.5258620689655172,0.6364447086801427
12,eeg_csp,NoVisuals,MovingVideo,30,36,17,0.4722222222222222,0.691358024691358
12,eeg_csp,NoVisuals,MovingVideo,60,16,7,0.4375,0.734375
12,eeg_csp,NoVisuals,NoVisuals,1,1192,294,0.24664429530201343,0.06938876627178955
12,eeg_csp,NoVisuals,NoVisuals,2,596,156,0.26174496644295303,0.054569613981352176
12,eeg_csp,NoVisuals,NoVisuals,5,236,62,0.2627118644067797,0.054869290433783385
12,eeg_csp,NoVisuals,NoVisuals,10,116,32,0.27586206896551724,0.04399524375743163
12,eeg_csp,NoVisuals,NoVisuals,30,36,9,0.25,0.030864197530864203
12,eeg_csp,NoVisuals,NoVisuals,60,16,5,0.3125,0.03125
12,eeg_eogreg_ts,FixedVideo,FixedVideo,1,1192,550,0.46140939597315433,0.27144610603125985
12,eeg_eogreg_ts,FixedVideo,FixedVideo,2,596,270,0.45302013422818793,0.21683707941083735
12,eeg_eogreg_ts,FixedVideo,FixedVideo,5,236,106,0.4491525423728814,0.17365699511634589
12,eeg_eogreg_ts,FixedVideo,FixedVideo,10,116,53,0.45689655172413796,0.14447086801426873
12,eeg_eogreg_ts,FixedVideo,FixedVideo,30,36,17,0.4722222222222222,0.09259259259259259
12,eeg_eogreg_ts,FixedVideo,FixedVideo,60,16,7,0.4375,0.09375
12,eeg_eogreg_ts,FixedVideo,MovingTargetNoise,1,1192,710,0.5956375838926175,0.4648580018918066
12,eeg_eogreg_ts,FixedVideo,MovingTargetNoise,2,596,343,0.575503355704698,0.4654520066663664
12,eeg_eogreg_ts,FixedVideo,MovingTargetNoise,5,236,130,0.5508474576271186,0.46567078425739733
12,eeg_eogreg_ts,FixedVideo,MovingTargetNoise,10,116,67,0.5775862068965517,0.48067776456599287
12,eeg_eogreg_ts,FixedVideo,MovingTargetNoise,30,36,24,0.6666666666666666,0.49691358024691357
12,eeg_eogreg_ts,FixedVideo,MovingTargetNoise,60,16,11,0.6875,0.5
12,eeg_eogreg_ts,FixedVideo,MovingVideo,1,1192,675,0.5662751677852349,0.40703966037565875
12,eeg_eogreg_ts,FixedVideo,MovingVideo,2,596,348,0.5838926174496645,0.41985721363902523
12,eeg_eogreg_ts,FixedVideo,MovingVideo,5,236,138,0.5847457627118644,0.4254524561907498
12,eeg_eogreg_ts,FixedVideo,MovingVideo,10,116,72,0.6206896551724138,0.45570749108204517
12,eeg_eogreg_ts,FixedVideo,MovingVideo,30,36,24,0.6666666666666666,0.48148148148148145
12,eeg_eogreg_ts,FixedVideo,MovingVideo,60,16,11,0.6875,0.5
12,eeg_eogreg_ts,FixedVideo,NoVisuals,1,1192,630,0.5285234899328859,0.4968723255709202
12,eeg_eogreg_ts,FixedVideo,NoVisuals,2,596,302,0.5067114093959731,0.49241025179045983
12,eeg_eogreg_ts,FixedVideo,NoVisuals,5,236,118,0.5,0.47637173226084456
12,eeg_eogreg_ts,FixedVideo,NoVisuals,10,116,61,0.5258620689655172,0.4690844233055886
12,eeg_eogreg_ts,FixedVideo,NoVisuals,30,36,18,0.5,0.45679012345679015
12,eeg_eogreg_ts,FixedVideo,NoVisuals,60,16,9,0.5625,0.5
12,eeg_eogreg_ts,MovingTargetNoise,FixedVideo,1,1192,518,0.43456375838926176,0.5102022431422008
12,eeg_eogreg_ts,MovingTargetNoise,FixedVideo,2,596,257,0.4312080536912752,0.5150781496328993
12,eeg_eogreg_ts,MovingTargetNoise,FixedVideo,5,236,92,0.3898305084745763,0.508761850043091
12,eeg_eogreg_ts,MovingTargetNoise,FixedVideo,10,116,44,0.3793103448275862,0.4994054696789537
12,eeg_eogreg_ts,MovingTargetNoise,FixedVideo,30,36,13,0.3611111111111111,0.5154320987654322
12,eeg_eogreg_ts,MovingTargetNoise,FixedVideo,60,16,7,0.4375,0.5625
12,eeg_eogreg_ts,MovingTargetNoise,MovingTargetNoise,1,1192,138,0.11577181208053691,0.03402999864870952
12,eeg_eogreg_ts,MovingTargetNoise,MovingTargetNoise,2,596,62,0.1040268456375839,0.02731858925273636
12,eeg_eogreg_ts,MovingTargetNoise,MovingTargetNoise,5,236,24,0.1016949152542373,0.017667336972134445
12,eeg_eogreg_ts,MovingTargetNoise,MovingTargetNoise,10,116,10,0.08620689655172414,0.009512485136741975
12,eeg_eogreg_ts,MovingTargetNoise,MovingTargetNoise,30,36,3,0.08333333333333333,0.0
12,eeg_eogreg_ts,MovingTargetNoise,MovingTargetNoise,60,16,1,0.0625,0.0
12,eeg_eogreg_ts,MovingTargetNoise,MovingVideo,1,1192,746,0.6258389261744967,0.5346606008738345
12,eeg_eogreg_ts,MovingTargetNoise,MovingVideo,2,596,373,0.6258389261744967,0.5326674474122787
12,eeg_eogreg_ts,MovingTargetNoise,MovingVideo,5,236,149,0.6313559322033898,0.5220482619936799
12,eeg_eogreg_ts,MovingTargetNoise,MovingVideo,10,116,73,0.6293103448275862,0.5237812128418549
12,eeg_eogreg_ts,MovingTargetNoise,MovingVideo,30,36,22,0.6111111111111112,0.49691358024691357
12,eeg_eogreg_ts,MovingTargetNoise,MovingVideo,60,16,11,0.6875,0.5
12,eeg_eogreg_ts,MovingTargetNoise,NoVisuals,1,1192,627,0.5260067114093959,0.5509943245799739
12,eeg_eogreg_ts,MovingTargetNoise,NoVisuals,2,596,309,0.5184563758389261,0.5444912391333724
12,eeg_eogreg_ts,MovingTargetNoise,NoVisuals,5,236,131,0.5550847457627118,0.5330364837690319
12,eeg_eogreg_ts,MovingTargetNoise,NoVisuals,10,116,58,0.5,0.522294887039239
12,eeg_eogreg_ts,MovingTargetNoise,NoVisuals,30,36,18,0.5,0.595679012345679
12,eeg_eogreg_ts,MovingTargetNoise,NoVisuals,60,16,9,0.5625,0.671875
12,eeg_eogreg_ts,MovingVideo,FixedVideo,1,1192,369,0.30956375838926176,0.24170363947569928
12,eeg_eogreg_ts,MovingVideo,FixedVideo,2,596,178,0.2986577181208054,0.23227557317237962
12,eeg_eogreg_ts,MovingVideo,FixedVideo,5,236,70,0.2966101694915254,0.23297902901465095
12,eeg_eogreg_ts,MovingVideo,FixedVideo,10,116,31,0.2672413793103448,0.17508917954815695
12,eeg_eogreg_ts,MovingVideo,FixedVideo,30,36,6,0.16666666666666666,0.07407407407407407
12,eeg_eogreg_ts,MovingVideo,FixedVideo,60,16,1,0.0625,0.0
12,eeg_eogreg_ts,MovingVideo,MovingTargetNoise,1,1192,572,0.4798657718120805,0.5195993423719653
12,eeg_eogreg_ts,MovingVideo,MovingTargetNoise,2,596,288,0.48322147651006714,0.5308657267690644
12,eeg_eogreg_ts,MovingVideo,MovingTargetNoise,5,236,117,0.4957627118644068,0.517451881643206
12,eeg_eogreg_ts,MovingVideo,MovingTargetNoise,10,116,53,0.45689655172413796,0.5104042806183116
12,eeg_eogreg_ts,MovingVideo,MovingTargetNoise,30,36,14,0.3888888888888889,0.49382716049382713
12,eeg_eogreg_ts,MovingVideo,MovingTargetNoise,60,16,6,0.375,0.453125
12,eeg_eogreg_ts,MovingVideo,MovingVideo,1,1192,214,0.17953020134228187,0.006458042430521149
12,eeg_eogreg_ts,MovingVideo,MovingVideo,2,596,100,0.16778523489932887,0.0024548443763794422
12,eeg_eogreg_ts,MovingVideo,MovingVideo,5,236,41,0.17372881355932204,0.0007181844297615627
12,eeg_eogreg_ts,MovingVideo,MovingVideo,10,116,20,0.1724137931034483,0.0
12,eeg_eogreg_ts,MovingVideo,MovingVideo,30,36,6,0.16666666666666666,0.0
12,eeg_eogreg_ts,MovingVideo,MovingVideo,60,16,2,0.125,0.0
12,eeg_eogreg_ts,MovingVideo,NoVisuals,1,1192,618,0.5184563758389261,0.5732061618845998
12,eeg_eogreg_ts,MovingVideo,NoVisuals,2,596,315,0.5285234899328859,0.5812576010089635
12,eeg_eogreg_ts,MovingVideo,NoVisuals,5,236,124,0.5254237288135594,0.5590347601264005
12,eeg_eogreg_ts,MovingVideo,NoVisuals,10,116,58,0.5,0.5680737217598097
12,eeg_eogreg_ts,MovingVideo,NoVisuals,30,36,17,0.4722222222222222,0.5740740740740741
12,eeg_eogreg_ts,MovingVideo,NoVisuals,60,16,8,0.5,0.5625
12,eeg_eogreg_ts,NoVisuals,FixedVideo,1,1192,581,0.4874161073825503,0.5448572136390253
12,eeg_eogreg_ts,NoVisuals,FixedVideo,2,596,284,0.47651006711409394,0.5294468717625331
12,eeg_eogreg_ts,NoVisuals,FixedVideo,5,236,116,0.4915254237288136,0.5023700086182131
12,eeg_eogreg_ts,NoVisuals,FixedVideo,10,116,51,0.4396551724137931,0.5121878715814506
12,eeg_eogreg_ts,NoVisuals,FixedVideo,30,36,19,0.5277777777777778,0.5061728395061729
12,eeg_eogreg_ts,NoVisuals,FixedVideo,60,16,9,0.5625,0.46875
12,eeg_eogreg_ts,NoVisuals,MovingTargetNoise,1,1192,609,0.5109060402684564,0.5452654159722535
12,eeg_eogreg_ts,NoVisuals,MovingTargetNoise,2,596,305,0.511744966442953,0.5486915003828656
12,eeg_eogreg_ts,NoVisuals,MovingTargetNoise,5,236,121,0.5127118644067796,0.5226228095374892
12,eeg_eogreg_ts,NoVisuals,MovingTargetNoise,10,116,59,0.5086206896551724,0.53359096313912
12,eeg_eogreg_ts,NoVisuals,MovingTargetNoise,30,36,18,0.5,0.5617283950617284
12,eeg_eogreg_ts,NoVisuals,MovingTargetNoise,60,16,8,0.5,0.59375
12,eeg_eogreg_ts,NoVisuals,MovingVideo,1,1192,564,0.47315436241610737,0.5204101166614117
12,eeg_eogreg_ts,NoVisuals,MovingVideo,2,596,286,0.4798657718120805,0.5257871267060041
12,eeg_eogreg_ts,NoVisuals,MovingVideo,5,236,116,0.4915254237288136,0.5231255386383222
12,eeg_eogreg_ts,NoVisuals,MovingVideo,10,116,55,0.47413793103448276,0.5169441141498217
12,eeg_eogreg_ts,NoVisuals,MovingVideo,30,36,17,0.4722222222222222,0.5617283950617283
12,eeg_eogreg_ts,NoVisuals,MovingVideo,60,16,7,0.4375,0.546875
12,eeg_eogreg_ts,NoVisuals,NoVisuals,1,1192,239,0.200503355704698,0.016722219719832444
12,eeg_eogreg_ts,NoVisuals,NoVisuals,2,596,121,0.20302013422818793,0.013445340299986484
12,eeg_eogreg_ts,NoVisuals,NoVisuals,5,236,52,0.22033898305084745,0.008905486929043381
12,eeg_eogreg_ts,NoVisuals,NoVisuals,10,116,25,0.21551724137931033,0.005945303210463729
12,eeg_eogreg_ts,NoVisuals,NoVisuals,30,36,7,0.19444444444444445,0.0
12,eeg_eogreg_ts,NoVisuals,NoVisuals,60,16,4,0.25,0.0
12,eeg_post_ts,FixedVideo,FixedVideo,1,1192,614,0.5151006711409396,0.4987894689428404
12,eeg_post_ts,FixedVideo,FixedVideo,2,596,321,0.5385906040268457,0.5218683843070132
12,eeg_post_ts,FixedVideo,FixedVideo,5,236,124,0.5254237288135594,0.5081873024992818
12,eeg_post_ts,FixedVideo,FixedVideo,10,116,55,0.47413793103448276,0.5130796670630202
12,eeg_post_ts,FixedVideo,FixedVideo,30,36,20,0.5555555555555556,0.4506172839506173
12,eeg_post_ts,FixedVideo,FixedVideo,60,16,7,0.4375,0.40625
12,eeg_post_ts,FixedVideo,MovingTargetNoise,1,1192,586,0.49161073825503354,0.36961172920138735
12,eeg_post_ts,FixedVideo,MovingTargetNoise,2,596,282,0.47315436241610737,0.36081708031169757
12,eeg_post_ts,FixedVideo,MovingTargetNoise,5,236,115,0.4872881355932203,0.350186727951738
12,eeg_post_ts,FixedVideo,MovingTargetNoise,10,116,60,0.5172413793103449,0.361474435196195
12,eeg_post_ts,FixedVideo,MovingTargetNoise,30,36,20,0.5555555555555556,0.4074074074074074
12,eeg_post_ts,FixedVideo,MovingTargetNoise,60,16,9,0.5625,0.421875
12,eeg_post_ts,FixedVideo,MovingVideo,1,1192,583,0.4890939597315436,0.36782689968920323
12,eeg_post_ts,FixedVideo,MovingVideo,2,596,299,0.5016778523489933,0.37785460114409264
12,eeg_post_ts,FixedVideo,MovingVideo,5,236,122,0.5169491525423728,0.3958632576845734
12,eeg_post_ts,FixedVideo,MovingVideo,10,116,66,0.5689655172413793,0.4194411414982164
12,eeg_post_ts,FixedVideo,MovingVideo,30,36,22,0.6111111111111112,0.441358024691358
12,eeg_post_ts,FixedVideo,MovingVideo,60,16,10,0.625,0.453125
12,eeg_post_ts,FixedVideo,NoVisuals,1,1192,598,0.5016778523489933,0.5130230620242331
12,eeg_post_ts,FixedVideo,NoVisuals,2,596,291,0.48825503355704697,0.5031755326336651
12,eeg_post_ts,FixedVideo,NoVisuals,5,236,115,0.4872881355932203,0.510557311117495
12,eeg_post_ts,FixedVideo,NoVisuals,10,116,60,0.5172413793103449,0.5297265160523186
12,eeg_post_ts,FixedVideo,NoVisuals,30,36,18,0.5,0.5308641975308642
12,eeg_post_ts,FixedVideo,NoVisuals,60,16,8,0.5,0.546875
12,eeg_post_ts,MovingTargetNoise,FixedVideo,1,1192,497,0.41694630872483224,0.3932086392504842
12,eeg_post_ts,MovingTargetNoise,FixedVideo,2,596,241,0.40436241610738255,0.3770325661006261
12,eeg_post_ts,MovingTargetNoise,FixedVideo,5,236,99,0.4194915254237288,0.34587762137316863
12,eeg_post_ts,MovingTargetNoise,FixedVideo,10,116,45,0.3879310344827586,0.3192627824019024
12,eeg_post_ts,MovingTargetNoise,FixedVideo,30,36,12,0.3333333333333333,0.27469135802469136
12,eeg_post_ts,MovingTargetNoise,FixedVideo,60,16,7,0.4375,0.28125
12,eeg_post_ts,MovingTargetNoise,MovingTargetNoise,1,1192,439,0.36828859060402686,0.08755236250619343
12,eeg_post_ts,MovingTargetNoise,MovingTargetNoise,2,596,223,0.37416107382550334,0.08434304761046799
12,eeg_post_ts,MovingTargetNoise,MovingTargetNoise,5,236,99,0.4194915254237288,0.08014938236139038
12,eeg_post_ts,MovingTargetNoise,MovingTargetNoise,10,116,52,0.4482758620689655,0.041022592152199756
12,eeg_post_ts,MovingTargetNoise,MovingTargetNoise,30,36,18,0.5,0.0
12,eeg_post_ts,MovingTargetNoise,MovingTargetNoise,60,16,8,0.5,0.0
12,eeg_post_ts,MovingTargetNoise,MovingVideo,1,1192,630,0.5285234899328859,0.6282796946083509
12,eeg_post_ts,MovingTargetNoise,MovingVideo,2,596,309,0.5184563758389261,0.6289581550380613
12,eeg_post_ts,MovingTargetNoise,MovingVideo,5,236,129,0.5466101694915254,0.6437087043952887
12,eeg_post_ts,MovingTargetNoise,MovingVideo,10,116,55,0.47413793103448276,0.6302021403091558
12,eeg_post_ts,MovingTargetNoise,MovingVideo,30,36,13,0.3611111111111111,0.5401234567901235
12,eeg_post_ts,MovingTargetNoise,MovingVideo,60,16,5,0.3125,0.515625
12,eeg_post_ts,MovingTargetNoise,NoVisuals,1,1192,577,0.48406040268456374,0.47131041394531775
12,eeg_post_ts,MovingTargetNoise,NoVisuals,2,596,278,0.4664429530201342,0.45761452186838425
12,eeg_post_ts,MovingTargetNoise,NoVisuals,5,236,108,0.4576271186440678,0.44175524274633726
12,eeg_post_ts,MovingTargetNoise,NoVisuals,10,116,56,0.4827586206896552,0.42508917954815695
12,eeg_post_ts,MovingTargetNoise,NoVisuals,30,36,17,0.4722222222222222,0.404320987654321
12,eeg_post_ts,MovingTargetNoise,NoVisuals,60,16,8,0.5,0.3125
12,eeg_post_ts,MovingVideo,FixedVideo,1,1192,531,0.44546979865771813,0.40342495833521014
12,eeg_post_ts,MovingVideo,FixedVideo,2,596,276,0.46308724832214765,0.41665915949732
12,eeg_post_ts,MovingVideo,FixedVideo,5,236,110,0.4661016949152542,0.40922148807813846
12,eeg_post_ts,MovingVideo,FixedVideo,10,116,55,0.47413793103448276,0.4042806183115339
12,eeg_post_ts,MovingVideo,FixedVideo,30,36,16,0.4444444444444444,0.3672839506172839
12,eeg_post_ts,MovingVideo,FixedVideo,60,16,7,0.4375,0.3125
12,eeg_post_ts,MovingVideo,MovingTargetNoise,1,1192,649,0.5444630872483222,0.5526271339128869
12,eeg_post_ts,MovingVideo,MovingTargetNoise,2,596,328,0.5503355704697986,0.5602675555155173
12,eeg_post_ts,MovingVideo,MovingTargetNoise,5,236,122,0.5169491525423728,0.5630565929330653
12,eeg_post_ts,MovingVideo,MovingTargetNoise,10,116,59,0.5086206896551724,0.5695600475624257
12,eeg_post_ts,MovingVideo,MovingTargetNoise,30,36,18,0.5,0.6450617283950617
12,eeg_post_ts,MovingVideo,MovingTargetNoise,60,16,8,0.5,0.6875
12,eeg_post_ts,MovingVideo,MovingVideo,1,1192,291,0.24412751677852348,0.015275212828250985
12,eeg_post_ts,MovingVideo,MovingVideo,2,596,161,0.2701342281879195,0.010044592585919552
12,eeg_post_ts,MovingVideo,MovingVideo,5,236,72,0.3050847457627119,0.0068945705257110025
12,eeg_post_ts,MovingVideo,MovingVideo,10,116,37,0.31896551724137934,0.0005945303210463727
12,eeg_post_ts,MovingVideo,MovingVideo,30,36,11,0.3055555555555556,0.0
12,eeg_post_ts,MovingVideo,MovingVideo,60,16,5,0.3125,0.0
12,eeg_post_ts,MovingVideo,NoVisuals,1,1192,620,0.5201342281879194,0.5268034097563172
12,eeg_post_ts,MovingVideo,NoVisuals,2,596,304,0.5100671140939598,0.5255506508715824
12,eeg_post_ts,MovingVideo,NoVisuals,5,236,122,0.5169491525423728,0.5183137029589198
12,eeg_post_ts,MovingVideo,NoVisuals,10,116,60,0.5172413793103449,0.5261593341260404
12,eeg_post_ts,MovingVideo,NoVisuals,30,36,18,0.5,0.5401234567901234
12,eeg_post_ts,MovingVideo,NoVisuals,60,16,8,0.5,0.546875
12,eeg_post_ts,NoVisuals,FixedVideo,1,1192,583,0.4890939597315436,0.4974691455339849
12,eeg_post_ts,NoVisuals,FixedVideo,2,596,277,0.46476510067114096,0.4786946533939912
12,eeg_post_ts,NoVisuals,FixedVideo,5,236,110,0.4661016949152542,0.4909508761850043
12,eeg_post_ts,NoVisuals,FixedVideo,10,116,52,0.4482758620689655,0.4881093935790725
12,eeg_post_ts,NoVisuals,FixedVideo,30,36,17,0.4722222222222222,0.45987654320987653
12,eeg_post_ts,NoVisuals,FixedVideo,60,16,6,0.375,0.390625
12,eeg_post_ts,NoVisuals,MovingTargetNoise,1,1192,561,0.47063758389261745,0.45273580018918064
12,eeg_post_ts,NoVisuals,MovingTargetNoise,2,596,277,0.46476510067114096,0.4455429935588487
12,eeg_post_ts,NoVisuals,MovingTargetNoise,5,236,108,0.4576271186440678,0.4499425452456191
12,eeg_post_ts,NoVisuals,MovingTargetNoise,10,116,56,0.4827586206896552,0.4078478002378121
12,eeg_post_ts,NoVisuals,MovingTargetNoise,30,36,18,0.5,0.3765432098765432
12,eeg_post_ts,NoVisuals,MovingTargetNoise,60,16,8,0.5,0.421875
12,eeg_post_ts,NoVisuals,MovingVideo,1,1192,640,0.5369127516778524,0.5453020134228188
12,eeg_post_ts,NoVisuals,MovingVideo,2,596,309,0.5184563758389261,0.5435453357956849
12,eeg_post_ts,NoVisuals,MovingVideo,5,236,133,0.5635593220338984,0.5592502154553289
12,eeg_post_ts,NoVisuals,MovingVideo,10,116,67,0.5775862068965517,0.5790725326991677
12,eeg_post_ts,NoVisuals,MovingVideo,30,36,18,0.5,0.5895061728395061
12,eeg_post_ts,NoVisuals,MovingVideo,60,16,10,0.625,0.640625
12,eeg_post_ts,NoVisuals,NoVisuals,1,1192,538,0.4513422818791946,0.36241610738255037
12,eeg_post_ts,NoVisuals,NoVisuals,2,596,271,0.4546979865771812,0.3585649295076798
12,eeg_post_ts,NoVisuals,NoVisuals,5,236,107,0.4533898305084746,0.36684860672220626
12,eeg_post_ts,NoVisuals,NoVisuals,10,116,56,0.4827586206896552,0.30439952437574314
12,eeg_post_ts,NoVisuals,NoVisuals,30,36,17,0.4722222222222222,0.24074074074074076
12,eeg_post_ts,NoVisuals,NoVisuals,60,16,8,0.5,0.15625
12,eeg_ts,FixedVideo,FixedVideo,1,1192,565,0.473993288590604,0.2947333453448043
12,eeg_ts,FixedVideo,FixedVideo,2,596,267,0.44798657718120805,0.2403270122967434
12,eeg_ts,FixedVideo,FixedVideo,5,236,99,0.4194915254237288,0.24576271186440682
12,eeg_ts,FixedVideo,FixedVideo,10,116,50,0.43103448275862066,0.21997621878715817
12,eeg_ts,FixedVideo,FixedVideo,30,36,16,0.4444444444444444,0.12962962962962965
12,eeg_ts,FixedVideo,FixedVideo,60,16,8,0.5,0.0625
12,eeg_ts,FixedVideo,MovingTargetNoise,1,1192,684,0.5738255033557047,0.4638980226115942
12,eeg_ts,FixedVideo,MovingTargetNoise,2,596,333,0.5587248322147651,0.462501689113103
12,eeg_ts,FixedVideo,MovingTargetNoise,5,236,121,0.5127118644067796,0.45683711577133007
12,eeg_ts,FixedVideo,MovingTargetNoise,10,116,64,0.5517241379310345,0.46700356718192626
12,eeg_ts,FixedVideo,MovingTargetNoise,30,36,23,0.6388888888888888,0.4907407407407407
12,eeg_ts,FixedVideo,MovingTargetNoise,60,16,11,0.6875,0.5
12,eeg_ts,FixedVideo,MovingVideo,1,1192,661,0.5545302013422819,0.39375197063195355
12,eeg_ts,FixedVideo,MovingVideo,2,596,332,0.5570469798657718,0.3976397459573893
12,eeg_ts,FixedVideo,MovingVideo,5,236,132,0.559322033898305,0.4021114622234989
12,eeg_ts,FixedVideo,MovingVideo,10,116,71,0.6120689655172413,0.4363852556480381
12,eeg_ts,FixedVideo,MovingVideo,30,36,24,0.6666666666666666,0.4691358024691358
12,eeg_ts,FixedVideo,MovingVideo,60,16,11,0.6875,0.5
12,eeg_ts,FixedVideo,NoVisuals,1,1192,632,0.5302013422818792,0.5274790549975227
12,eeg_ts,FixedVideo,NoVisuals,2,596,311,0.5218120805369127,0.5150556281248593
12,eeg_ts,FixedVideo,NoVisuals,5,236,124,0.5254237288135594,0.5081873024992818
12,eeg_ts,FixedVideo,NoVisuals,10,116,60,0.5172413793103449,0.5196195005945303
12,eeg_ts,FixedVideo,NoVisuals,30,36,18,0.5,0.5092592592592593
12,eeg_ts,FixedVideo,NoVisuals,60,16,8,0.5,0.484375
12,eeg_ts,MovingTargetNoise,FixedVideo,1,1192,527,0.44211409395973156,0.515793207513175
12,eeg_ts,MovingTargetNoise,FixedVideo,2,596,262,0.4395973154362416,0.5215643439484707
12,eeg_ts,MovingTargetNoise,FixedVideo,5,236,99,0.4194915254237288,0.5163027865555875
12,eeg_ts,MovingTargetNoise,FixedVideo,10,116,44,0.3793103448275862,0.5065398335315101
12,eeg_ts,MovingTargetNoise,FixedVideo,30,36,14,0.3888888888888889,0.5123456790123456
12,eeg_ts,MovingTargetNoise,FixedVideo,60,16,6,0.375,0.546875
12,eeg_ts,MovingTargetNoise,MovingTargetNoise,1,1192,160,0.1342281879194631,0.039975676771316616
12,eeg_ts,MovingTargetNoise,MovingTargetNoise,2,596,79,0.1325503355704698,0.03587676230800414
12,eeg_ts,MovingTargetNoise,MovingTargetNoise,5,236,31,0.13135593220338984,0.023700086182131572
12,eeg_ts,MovingTargetNoise,MovingTargetNoise,10,116,15,0.12931034482758622,0.01605231866825208
12,eeg_ts,MovingTargetNoise,MovingTargetNoise,30,36,4,0.1111111111111111,0.0
12,eeg_ts,MovingTargetNoise,MovingTargetNoise,60,16,1,0.0625,0.0
12,eeg_ts,MovingTargetNoise,MovingVideo,1,1192,746,0.6258389261744967,0.5317750326561868
12,eeg_ts,MovingTargetNoise,MovingVideo,2,596,376,0.6308724832214765,0.5361470204044863
12,eeg_ts,MovingTargetNoise,MovingVideo,5,236,151,0.6398305084745762,0.5331083022120081
12,eeg_ts,MovingTargetNoise,MovingVideo,10,116,74,0.6379310344827587,0.5288347205707491
12,eeg_ts,MovingTargetNoise,MovingVideo,30,36,23,0.6388888888888888,0.5030864197530864
12,eeg_ts,MovingTargetNoise,MovingVideo,60,16,11,0.6875,0.515625
12,eeg_ts,MovingTargetNoise,NoVisuals,1,1192,639,0.5360738255033557,0.5670211927390658
12,eeg_ts,MovingTargetNoise,NoVisuals,2,596,327,0.5486577181208053,0.5612810233773253
12,eeg_ts,MovingTargetNoise,NoVisuals,5,236,133,0.5635593220338984,0.545532892846883
12,eeg_ts,MovingTargetNoise,NoVisuals,10,116,64,0.5517241379310345,0.5520214030915577
12,eeg_ts,MovingTargetNoise,NoVisuals,30,36,20,0.5555555555555556,0.6635802469135802
12,eeg_ts,MovingTargetNoise,NoVisuals,60,16,9,0.5625,0.703125
12,eeg_ts,MovingVideo,FixedVideo,1,1192,381,0.3196308724832215,0.2579866897887483
12,eeg_ts,MovingVideo,FixedVideo,2,596,193,0.3238255033557047,0.2590536462321517
12,eeg_ts,MovingVideo,FixedVideo,5,236,77,0.326271186440678,0.26845733984487213
12,eeg_ts,MovingVideo,FixedVideo,10,116,29,0.25,0.19114149821640905
12,eeg_ts,MovingVideo,FixedVideo,30,36,7,0.19444444444444445,0.1358024691358025
12,eeg_ts,MovingVideo,FixedVideo,60,16,1,0.0625,0.046875
12,eeg_ts,MovingVideo,MovingTargetNoise,1,1192,569,0.4773489932885906,0.5168151209404982
12,eeg_ts,MovingVideo,MovingTargetNoise,2,596,293,0.49161073825503354,0.5180960317102833
12,eeg_ts,MovingVideo,MovingTargetNoise,5,236,116,0.4915254237288136,0.5076127549554725
12,eeg_ts,MovingVideo,MovingTargetNoise,10,116,52,0.4482758620689655,0.5026753864447087
12,eeg_ts,MovingVideo,MovingTargetNoise,30,36,15,0.4166666666666667,0.49074074074074076
12,eeg_ts,MovingVideo,MovingTargetNoise,60,16,5,0.3125,0.46875
12,eeg_ts,MovingVideo,MovingVideo,1,1192,201,0.1686241610738255,0.00637358677537048
12,eeg_ts,MovingVideo,MovingVideo,2,596,98,0.1644295302013423,0.0027251024728615824
12,eeg_ts,MovingVideo,MovingVideo,5,236,45,0.1906779661016949,0.0015800057454754377
12,eeg_ts,MovingVideo,MovingVideo,10,116,20,0.1724137931034483,0.0
12,eeg_ts,MovingVideo,MovingVideo,30,36,7,0.19444444444444445,0.0
12,eeg_ts,MovingVideo,MovingVideo,60,16,3,0.1875,0.0
12,eeg_ts,MovingVideo,NoVisuals,1,1192,616,0.5167785234899329,0.5737973514706545
12,eeg_ts,MovingVideo,NoVisuals,2,596,314,0.5268456375838926,0.5805031304896175
12,eeg_ts,MovingVideo,NoVisuals,5,236,129,0.5466101694915254,0.5700229819017523
12,eeg_ts,MovingVideo,NoVisuals,10,116,60,0.5172413793103449,0.5734244946492271
12,eeg_ts,MovingVideo,NoVisuals,30,36,20,0.5555555555555556,0.5895061728395061
12,eeg_ts,MovingVideo,NoVisuals,60,16,7,0.4375,0.578125
12,eeg_ts,NoVisuals,FixedVideo,1,1192,607,0.5092281879194631,0.545079613530922
12,eeg_ts,NoVisuals,FixedVideo,2,596,283,0.4748322147651007,0.5350885095265978
12,eeg_ts,NoVisuals,FixedVideo,5,236,119,0.5042372881355932,0.5264291870152256
12,eeg_ts,NoVisuals,FixedVideo,10,116,57,0.49137931034482757,0.5303210463733651
12,eeg_ts,NoVisuals,FixedVideo,30,36,18,0.5,0.5339506172839507
12,eeg_ts,NoVisuals,FixedVideo,60,16,9,0.5625,0.484375
12,eeg_ts,NoVisuals,MovingTargetNoise,1,1192,618,0.5184563758389261,0.5504594387640196
12,eeg_ts,NoVisuals,MovingTargetNoise,2,596,308,0.5167785234899329,0.5537137966758254
12,eeg_ts,NoVisuals,MovingTargetNoise,5,236,120,0.5084745762711864,0.5302355644929618
12,eeg_ts,NoVisuals,MovingTargetNoise,10,116,59,0.5086206896551724,0.5454815695600476
12,eeg_ts,NoVisuals,MovingTargetNoise,30,36,18,0.5,0.5709876543209876
12,eeg_ts,NoVisuals,MovingTargetNoise,60,16,8,0.5,0.640625
12,eeg_ts,NoVisuals,MovingVideo,1,1192,560,0.4697986577181208,0.5386806900590064
12,eeg_ts,NoVisuals,MovingVideo,2,596,289,0.4848993288590604,0.533466960947705
12,eeg_ts,NoVisuals,MovingVideo,5,236,113,0.4788135593220339,0.5303792013789141
12,eeg_ts,NoVisuals,MovingVideo,10,116,54,0.46551724137931033,0.5282401902497027
12,eeg_ts,NoVisuals,MovingVideo,30,36,17,0.4722222222222222,0.5524691358024691
12,eeg_ts,NoVisuals,MovingVideo,60,16,7,0.4375,0.53125
12,eeg_ts,NoVisuals,NoVisuals,1,1192,258,0.21644295302013422,0.024835592991306707
12,eeg_ts,NoVisuals,NoVisuals,2,596,128,0.21476510067114093,0.026462771947209578
12,eeg_ts,NoVisuals,NoVisuals,5,236,56,0.23728813559322035,0.03303648376903187
12,eeg_ts,NoVisuals,NoVisuals,10,116,26,0.22413793103448276,0.011296076099881088
12,eeg_ts,NoVisuals,NoVisuals,30,36,9,0.25,0.0
12,eeg_ts,NoVisuals,NoVisuals,60,16,4,0.25,0.0
12,eog_ts,FixedVideo,FixedVideo,1,1192,491,0.41191275167785235,0.30307193369668034
12,eog_ts,FixedVideo,FixedVideo,2,596,253,0.42449664429530204,0.32847619476600154
12,eog_ts,FixedVideo,FixedVideo,5,236,109,0.461864406779661,0.42214880781384656
12,eog_ts,FixedVideo,FixedVideo,10,116,54,0.46551724137931033,0.41200951248513673
12,eog_ts,FixedVideo,FixedVideo,30,36,14,0.3888888888888889,0.3827160493827161
12,eog_ts,FixedVideo,FixedVideo,60,16,8,0.5,0.375
12,eog_ts,FixedVideo,MovingTargetNoise,1,1192,561,0.47063758389261745,0.45964145759200037
12,eog_ts,FixedVideo,MovingTargetNoise,2,596,285,0.47818791946308725,0.47755731723796224
12,eog_ts,FixedVideo,MovingTargetNoise,5,236,116,0.4915254237288136,0.4989227233553577
12,eog_ts,FixedVideo,MovingTargetNoise,10,116,55,0.47413793103448276,0.5059453032104637
12,eog_ts,FixedVideo,MovingTargetNoise,30,36,18,0.5,0.5462962962962963
12,eog_ts,FixedVideo,MovingTargetNoise,60,16,8,0.5,0.59375
12,eog_ts,FixedVideo,MovingVideo,1,1192,456,0.3825503355704698,0.33499617134363313
12,eog_ts,FixedVideo,MovingVideo,2,596,228,0.3825503355704698,0.3320908968064502
12,eog_ts,FixedVideo,MovingVideo,5,236,89,0.3771186440677966,0.3174375179546107
12,eog_ts,FixedVideo,MovingVideo,10,116,44,0.3793103448275862,0.2931034482758621
12,eog_ts,FixedVideo,MovingVideo,30,36,9,0.25,0.2160493827160494
12,eog_ts,FixedVideo,MovingVideo,60,16,4,0.25,0.25
12,eog_ts,FixedVideo,NoVisuals,1,1192,602,0.5050335570469798,0.5311725823161119
12,eog_ts,FixedVideo,NoVisuals,2,596,330,0.5536912751677853,0.5651322012521958
12,eog_ts,FixedVideo,NoVisuals,5,236,137,0.5805084745762712,0.6055012927319736
12,eog_ts,FixedVideo,NoVisuals,10,116,68,0.5862068965517241,0.6379310344827587
12,eog_ts,FixedVideo,NoVisuals,30,36,20,0.5555555555555556,0.6697530864197532
12,eog_ts,FixedVideo,NoVisuals,60,16,11,0.6875,0.71875
12,eog_ts,MovingTargetNoise,FixedVideo,1,1192,559,0.46895973154362414,0.4587856402864736
12,eog_ts,MovingTargetNoise,FixedVideo,2,596,287,0.4815436241610738,0.480428809513085
12,eog_ts,MovingTargetNoise,FixedVideo,5,236,121,0.5127118644067796,0.5233409939672508
12,eog_ts,MovingTargetNoise,FixedVideo,10,116,59,0.5086206896551724,0.5338882282996432
12,eog_ts,MovingTargetNoise,FixedVideo,30,36,17,0.4722222222222222,0.595679012345679
12,eog_ts,MovingTargetNoise,FixedVideo,60,16,8,0.5,0.609375
12,eog_ts,MovingTargetNoise,MovingTargetNoise,1,1192,353,0.2961409395973154,0.22477591099500022
12,eog_ts,MovingTargetNoise,MovingTargetNoise,2,596,175,0.2936241610738255,0.2346741137786586
12,eog_ts,MovingTargetNoise,MovingTargetNoise,5,236,74,0.3135593220338983,0.2423154266015513
12,eog_ts,MovingTargetNoise,MovingTargetNoise,10,116,34,0.29310344827586204,0.17776456599286564
12,eog_ts,MovingTargetNoise,MovingTargetNoise,30,36,9,0.25,0.0925925925925926
12,eog_ts,MovingTargetNoise,MovingTargetNoise,60,16,3,0.1875,0.0
12,eog_ts,MovingTargetNoise,MovingVideo,1,1192,725,0.6082214765100671,0.5809169631998559
12,eog_ts,MovingTargetNoise,MovingVideo,2,596,364,0.610738255033557,0.5707850997702807
12,eog_ts,MovingTargetNoise,MovingVideo,5,236,146,0.6186440677966102,0.5823039356506751
12,eog_ts,MovingTargetNoise,MovingVideo,10,116,76,0.6551724137931034,0.6055291319857312
12,eog_ts,MovingTargetNoise,MovingVideo,30,36,23,0.6388888888888888,0.5864197530864197
12,eog_ts,MovingTargetNoise,MovingVideo,60,16,11,0.6875,0.53125
12,eog_ts,MovingTargetNoise,NoVisuals,1,1192,631,0.5293624161073825,0.5476808477095626
12,eog_ts,MovingTargetNoise,NoVisuals,2,596,328,0.5503355704697986,0.5764267375343454
12,eog_ts,MovingTargetNoise,NoVisuals,5,236,136,0.576271186440678,0.6156995116345878
12,eog_ts,MovingTargetNoise,NoVisuals,10,116,69,0.5948275862068966,0.6450653983353151
12,eog_ts,MovingTargetNoise,NoVisuals,30,36,23,0.6388888888888888,0.7006172839506172
12,eog_ts,MovingTargetNoise,NoVisuals,60,16,11,0.6875,0.71875
12,eog_ts,MovingVideo,FixedVideo,1,1192,479,0.40184563758389263,0.3645528354578622
12,eog_ts,MovingVideo,FixedVideo,2,596,241,0.40436241610738255,0.3487342912481419
12,eog_ts,MovingVideo,FixedVideo,5,236,98,0.4152542372881356,0.3158575122091353
12,eog_ts,MovingVideo,FixedVideo,10,116,45,0.3879310344827586,0.2806183115338882
12,eog_ts,MovingVideo,FixedVideo,30,36,11,0.3055555555555556,0.20370370370370372
12,eog_ts,MovingVideo,FixedVideo,60,16,5,0.3125,0.109375
12,eog_ts,MovingVideo,MovingTargetNoise,1,1192,646,0.5419463087248322,0.559718593757038
12,eog_ts,MovingVideo,MovingTargetNoise,2,596,328,0.5503355704697986,0.5593216521778299
12,eog_ts,MovingVideo,MovingTargetNoise,5,236,134,0.5677966101694916,0.5659293306521115
12,eog_ts,MovingVideo,MovingTargetNoise,10,116,69,0.5948275862068966,0.5692627824019024
12,eog_ts,MovingVideo,MovingTargetNoise,30,36,23,0.6388888888888888,0.5524691358024691
12,eog_ts,MovingVideo,MovingTargetNoise,60,16,10,0.625,0.546875
12,eog_ts,MovingVideo,MovingVideo,1,1192,385,0.32298657718120805,0.18860073870546368
12,eog_ts,MovingVideo,MovingVideo,2,596,222,0.3724832214765101,0.23100310796810952
12,eog_ts,MovingVideo,MovingVideo,5,236,101,0.4279661016949153,0.3049411088767595
12,eog_ts,MovingVideo,MovingVideo,10,116,48,0.41379310344827586,0.2978596908442331
12,eog_ts,MovingVideo,MovingVideo,30,36,14,0.3888888888888889,0.23456790123456792
12,eog_ts,MovingVideo,MovingVideo,60,16,6,0.375,0.15625
12,eog_ts,MovingVideo,NoVisuals,1,1192,611,0.5125838926174496,0.49787171749020315
12,eog_ts,MovingVideo,NoVisuals,2,596,309,0.5184563758389261,0.48630692311157153
12,eog_ts,MovingVideo,NoVisuals,5,236,125,0.5296610169491526,0.49734271760988213
12,eog_ts,MovingVideo,NoVisuals,10,116,58,0.5,0.5059453032104637
12,eog_ts,MovingVideo,NoVisuals,30,36,18,0.5,0.4567901234567901
12,eog_ts,MovingVideo,NoVisuals,60,16,9,0.5625,0.453125
12,eog_ts,NoVisuals,FixedVideo,1,1192,618,0.5184563758389261,0.5620242331426513
12,eog_ts,NoVisuals,FixedVideo,2,596,312,0.5234899328859061,0.5811112112067024
12,eog_ts,NoVisuals,FixedVideo,5,236,125,0.5296610169491526,0.5889830508474576
12,eog_ts,NoVisuals,FixedVideo,10,116,60,0.5172413793103449,0.6037455410225921
12,eog_ts,NoVisuals,FixedVideo,30,36,23,0.6388888888888888,0.6666666666666666
12,eog_ts,NoVisuals,FixedVideo,60,16,9,0.5625,0.796875
12,eog_ts,NoVisuals,MovingTargetNoise,1,1192,625,0.5243288590604027,0.5481481690013963
12,eog_ts,NoVisuals,MovingTargetNoise,2,596,330,0.5536912751677853,0.5826201522453943
12,eog_ts,NoVisuals,MovingTargetNoise,5,236,137,0.5805084745762712,0.6088767595518529
12,eog_ts,NoVisuals,MovingTargetNoise,10,116,71,0.6120689655172413,0.6643876337693222
12,eog_ts,NoVisuals,MovingTargetNoise,30,36,20,0.5555555555555556,0.7222222222222222
12,eog_ts,NoVisuals,MovingTargetNoise,60,16,9,0.5625,0.8125
12,eog_ts,NoVisuals,MovingVideo,1,1192,550,0.46140939597315433,0.4345890950858069
12,eog_ts,NoVisuals,MovingVideo,2,596,302,0.5067114093959731,0.4555763253907482
12,eog_ts,NoVisuals,MovingVideo,5,236,129,0.5466101694915254,0.49727089916690603
12,eog_ts,NoVisuals,MovingVideo,10,116,64,0.5517241379310345,0.510998810939358
12,eog_ts,NoVisuals,MovingVideo,30,36,17,0.4722222222222222,0.5154320987654321
12,eog_ts,NoVisuals,MovingVideo,60,16,8,0.5,0.5
12,eog_ts,NoVisuals,NoVisuals,1,1192,391,0.32802013422818793,0.2778422143146705
12,eog_ts,NoVisuals,NoVisuals,2,596,202,0.3389261744966443,0.27194720958515384
12,eog_ts,NoVisuals,NoVisuals,5,236,77,0.326271186440678,0.2596954898017811
12,eog_ts,NoVisuals,NoVisuals,10,116,31,0.2672413793103448,0.19143876337693222
12,eog_ts,NoVisuals,NoVisuals,30,36,7,0.19444444444444445,0.09876543209876543
12,eog_ts,NoVisuals,NoVisuals,60,16,2,0.125,0.03125
12,gazectrl_csp,FixedVideo,FixedVideo,1,1192,604,0.5067114093959731,0.5064186297914508
12,gazectrl_csp,FixedVideo,FixedVideo,2,596,308,0.5167785234899329,0.5046844736723571
12,gazectrl_csp,FixedVideo,FixedVideo,5,236,117,0.4957627118644068,0.47960356219477157
12,gazectrl_csp,FixedVideo,FixedVideo,10,116,57,0.49137931034482757,0.464922711058264
12,gazectrl_csp,FixedVideo,FixedVideo,30,36,17,0.4722222222222222,0.4012345679012346
12,gazectrl_csp,FixedVideo,FixedVideo,60,16,7,0.4375,0.375
12,gazectrl_csp,FixedVideo,MovingTargetNoise,1,1192,572,0.4798657718120805,0.4793168100536012
12,gazectrl_csp,FixedVideo,MovingTargetNoise,2,596,277,0.46476510067114096,0.47673528219449574
12,gazectrl_csp,FixedVideo,MovingTargetNoise,5,236,118,0.5,0.48879632289571967
12,gazectrl_csp,FixedVideo,MovingTargetNoise,10,116,62,0.5344827586206896,0.5053507728894173
12,gazectrl_csp,FixedVideo,MovingTargetNoise,30,36,18,0.5,0.5246913580246914
12,gazectrl_csp,FixedVideo,MovingTargetNoise,60,16,6,0.375,0.515625
12,gazectrl_csp,FixedVideo,MovingVideo,1,1192,538,0.4513422818791946,0.42794243502544926
12,gazectrl_csp,FixedVideo,MovingVideo,2,596,261,0.43791946308724833,0.4096211882347641
12,gazectrl_csp,FixedVideo,MovingVideo,5,236,101,0.4279661016949153,0.40361964952599827
12,gazectrl_csp,FixedVideo,MovingVideo,10,116,51,0.4396551724137931,0.3912009512485137
12,gazectrl_csp,FixedVideo,MovingVideo,30,36,18,0.5,0.37037037037037035
12,gazectrl_csp,FixedVideo,MovingVideo,60,16,9,0.5625,0.28125
12,gazectrl_csp,FixedVideo,NoVisuals,1,1192,577,0.48406040268456374,0.4695875185802441
12,gazectrl_csp,FixedVideo,NoVisuals,2,596,277,0.46476510067114096,0.45648844646637543
12,gazectrl_csp,FixedVideo,NoVisuals,5,236,98,0.4152542372881356,0.415900603274921
12,gazectrl_csp,FixedVideo,NoVisuals,10,116,49,0.4224137931034483,0.40992865636147446
12,gazectrl_csp,FixedVideo,NoVisuals,30,36,17,0.4722222222222222,0.38888888888888895
12,gazectrl_csp,FixedVideo,NoVisuals,60,16,6,0.375,0.359375
12,gazectrl_csp,MovingTargetNoise,FixedVideo,1,1192,579,0.48573825503355705,0.4912616548804108
12,gazectrl_csp,MovingTargetNoise,FixedVideo,2,596,278,0.4664429530201342,0.4627832079636053
12,gazectrl_csp,MovingTargetNoise,FixedVideo,5,236,106,0.4491525423728814,0.44505889112324043
12,gazectrl_csp,MovingTargetNoise,FixedVideo,10,116,51,0.4396551724137931,0.4301426872770512
12,gazectrl_csp,MovingTargetNoise,FixedVideo,30,36,15,0.4166666666666667,0.3858024691358024
12,gazectrl_csp,MovingTargetNoise,FixedVideo,60,16,5,0.3125,0.359375
12,gazectrl_csp,MovingTargetNoise,MovingTargetNoise,1,1192,588,0.49328859060402686,0.48628440160353137
12,gazectrl_csp,MovingTargetNoise,MovingTargetNoise,2,596,311,0.5218120805369127,0.5017341561190938
12,gazectrl_csp,MovingTargetNoise,MovingTargetNoise,5,236,124,0.5254237288135594,0.513789141051422
12,gazectrl_csp,MovingTargetNoise,MovingTargetNoise,10,116,56,0.4827586206896552,0.5142687277051129
12,gazectrl_csp,MovingTargetNoise,MovingTargetNoise,30,36,20,0.5555555555555556,0.5740740740740741
12,gazectrl_csp,MovingTargetNoise,MovingTargetNoise,60,16,8,0.5,0.59375
12,gazectrl_csp,MovingTargetNoise,MovingVideo,1,1192,615,0.5159395973154363,0.5505861222467456
12,gazectrl_csp,MovingTargetNoise,MovingVideo,2,596,312,0.5234899328859061,0.5603914238097383
12,gazectrl_csp,MovingTargetNoise,MovingVideo,5,236,111,0.4703389830508475,0.5516374604998564
12,gazectrl_csp,MovingTargetNoise,MovingVideo,10,116,54,0.46551724137931033,0.5395362663495837
12,gazectrl_csp,MovingTargetNoise,MovingVideo,30,36,14,0.3888888888888889,0.5154320987654321
12,gazectrl_csp,MovingTargetNoise,MovingVideo,60,16,6,0.375,0.5
12,gazectrl_csp,MovingTargetNoise,NoVisuals,1,1192,564,0.47315436241610737,0.47483502995360566
12,gazectrl_csp,MovingTargetNoise,NoVisuals,2,596,291,0.48825503355704697,0.4828836538894644
12,gazectrl_csp,MovingTargetNoise,NoVisuals,5,236,107,0.4533898305084746,0.4455616202240736
12,gazectrl_csp,MovingTargetNoise,NoVisuals,10,116,56,0.4827586206896552,0.43787158145065397
12,gazectrl_csp,MovingTargetNoise,NoVisuals,30,36,17,0.4722222222222222,0.4135802469135802
12,gazectrl_csp,MovingTargetNoise,NoVisuals,60,16,7,0.4375,0.46875
12,gazectrl_csp,MovingVideo,FixedVideo,1,1192,531,0.44546979865771813,0.4203526868159092
12,gazectrl_csp,MovingVideo,FixedVideo,2,596,265,0.4446308724832215,0.41027431196792935
12,gazectrl_csp,MovingVideo,FixedVideo,5,236,103,0.4364406779661017,0.36368859523125535
12,gazectrl_csp,MovingVideo,FixedVideo,10,116,50,0.43103448275862066,0.3370986920332937
12,gazectrl_csp,MovingVideo,FixedVideo,30,36,18,0.5,0.23765432098765432
12,gazectrl_csp,MovingVideo,FixedVideo,60,16,7,0.4375,0.28125
12,gazectrl_csp,MovingVideo,MovingTargetNoise,1,1192,625,0.5243288590604027,0.5352461600828791
12,gazectrl_csp,MovingVideo,MovingTargetNoise,2,596,312,0.5234899328859061,0.5459438764019638
12,gazectrl_csp,MovingVideo,MovingTargetNoise,5,236,127,0.538135593220339,0.527578282102844
12,gazectrl_csp,MovingVideo,MovingTargetNoise,10,116,60,0.5172413793103449,0.5219976218787158
12,gazectrl_csp,MovingVideo,MovingTargetNoise,30,36,18,0.5,0.5246913580246912
12,gazectrl_csp,MovingVideo,MovingTargetNoise,60,16,8,0.5,0.59375
12,gazectrl_csp,MovingVideo,MovingVideo,1,1192,538,0.4513422818791946,0.42054975001126077
12,gazectrl_csp,MovingVideo,MovingVideo,2,596,254,0.4261744966442953,0.3781135984865546
12,gazectrl_csp,MovingVideo,MovingVideo,5,236,99,0.4194915254237288,0.3227520827348463
12,gazectrl_csp,MovingVideo,MovingVideo,10,116,50,0.43103448275862066,0.28240190249702735
12,gazectrl_csp,MovingVideo,MovingVideo,30,36,18,0.5,0.09259259259259259
12,gazectrl_csp,MovingVideo,MovingVideo,60,16,8,0.5,0.0625
12,gazectrl_csp,MovingVideo,NoVisuals,1,1192,627,0.5260067114093959,0.5407892662492682
12,gazectrl_csp,MovingVideo,NoVisuals,2,596,307,0.5151006711409396,0.541293184991667
12,gazectrl_csp,MovingVideo,NoVisuals,5,236,128,0.5423728813559322,0.554222924446998
12,gazectrl_csp,MovingVideo,NoVisuals,10,116,58,0.5,0.5499405469678954
12,gazectrl_csp,MovingVideo,NoVisuals,30,36,18,0.5,0.5401234567901234
12,gazectrl_csp,MovingVideo,NoVisuals,60,16,8,0.5,0.546875
12,gazectrl_csp,NoVisuals,FixedVideo,1,1192,574,0.4815436241610738,0.45892921490022975
12,gazectrl_csp,NoVisuals,FixedVideo,2,596,279,0.46812080536912754,0.45306517724426826
12,gazectrl_csp,NoVisuals,FixedVideo,5,236,110,0.4661016949152542,0.4286842861246768
12,gazectrl_csp,NoVisuals,FixedVideo,10,116,54,0.46551724137931033,0.41379310344827586
12,gazectrl_csp,NoVisuals,FixedVideo,30,36,15,0.4166666666666667,0.38271604938271603
12,gazectrl_csp,NoVisuals,FixedVideo,60,16,6,0.375,0.3125
12,gazectrl_csp,NoVisuals,MovingTargetNoise,1,1192,614,0.5151006711409396,0.5163731363452098
12,gazectrl_csp,NoVisuals,MovingTargetNoise,2,596,310,0.5201342281879194,0.5073532723751182
12,gazectrl_csp,NoVisuals,MovingTargetNoise,5,236,111,0.4703389830508475,0.49755817293881066
12,gazectrl_csp,NoVisuals,MovingTargetNoise,10,116,55,0.47413793103448276,0.49405469678953623
12,gazectrl_csp,NoVisuals,MovingTargetNoise,30,36,17,0.4722222222222222,0.45987654320987653
12,gazectrl_csp,NoVisuals,MovingTargetNoise,60,16,6,0.375,0.390625
12,gazectrl_csp,NoVisuals,MovingVideo,1,1192,668,0.5604026845637584,0.5909925228593307
12,gazectrl_csp,NoVisuals,MovingVideo,2,596,330,0.5536912751677853,0.6005472726453763
12,gazectrl_csp,NoVisuals,MovingVideo,5,236,137,0.5805084745762712,0.6414823326630279
12,gazectrl_csp,NoVisuals,MovingVideo,10,116,70,0.603448275862069,0.6765755053507729
12,gazectrl_csp,NoVisuals,MovingVideo,30,36,22,0.6111111111111112,0.7530864197530864
12,gazectrl_csp,NoVisuals,MovingVideo,60,16,11,0.6875,0.875
12,gazectrl_csp,NoVisuals,NoVisuals,1,1192,601,0.5041946308724832,0.48377325345705147
12,gazectrl_csp,NoVisuals,NoVisuals,2,596,301,0.5050335570469798,0.4775460564839421
12,gazectrl_csp,NoVisuals,NoVisuals,5,236,108,0.4576271186440678,0.4426888825050273
12,gazectrl_csp,NoVisuals,NoVisuals,10,116,55,0.47413793103448276,0.4185493460166469
12,gazectrl_csp,NoVisuals,NoVisuals,30,36,19,0.5277777777777778,0.3395061728395062
12,gazectrl_csp,NoVisuals,NoVisuals,60,16,8,0.5,0.28125
12,gazectrl_ts,FixedVideo,FixedVideo,1,1192,616,0.5167785234899329,0.5240529705869105
12,gazectrl_ts,FixedVideo,FixedVideo,2,596,302,0.5067114093959731,0.48578892842664745
12,gazectrl_ts,FixedVideo,FixedVideo,5,236,113,0.4788135593220339,0.46150531456478017
12,gazectrl_ts,FixedVideo,FixedVideo,10,116,54,0.46551724137931033,0.4447086801426873
12,gazectrl_ts,FixedVideo,FixedVideo,30,36,15,0.4166666666666667,0.3703703703703704
12,gazectrl_ts,FixedVideo,FixedVideo,60,16,6,0.375,0.3125
12,gazectrl_ts,FixedVideo,MovingTargetNoise,1,1192,614,0.5151006711409396,0.510990495923607
12,gazectrl_ts,FixedVideo,MovingTargetNoise,2,596,303,0.5083892617449665,0.4888631142741318
12,gazectrl_ts,FixedVideo,MovingTargetNoise,5,236,122,0.5169491525423728,0.5086182131571387
12,gazectrl_ts,FixedVideo,MovingTargetNoise,10,116,61,0.5258620689655172,0.5214030915576695
12,gazectrl_ts,FixedVideo,MovingTargetNoise,30,36,20,0.5555555555555556,0.5092592592592593
12,gazectrl_ts,FixedVideo,MovingTargetNoise,60,16,7,0.4375,0.515625
12,gazectrl_ts,FixedVideo,MovingVideo,1,1192,573,0.48070469798657717,0.465277464979055
12,gazectrl_ts,FixedVideo,MovingVideo,2,596,274,0.4597315436241611,0.42489077068600517
12,gazectrl_ts,FixedVideo,MovingVideo,5,236,106,0.4491525423728814,0.4022550991094513
12,gazectrl_ts,FixedVideo,MovingVideo,10,116,54,0.46551724137931033,0.37693222354340067
12,gazectrl_ts,FixedVideo,MovingVideo,30,36,17,0.4722222222222222,0.345679012345679
12,gazectrl_ts,FixedVideo,MovingVideo,60,16,5,0.3125,0.28125
12,gazectrl_ts,FixedVideo,NoVisuals,1,1192,590,0.4949664429530201,0.47657481644970956
12,gazectrl_ts,FixedVideo,NoVisuals,2,596,274,0.4597315436241611,0.4516238007296969
12,gazectrl_ts,FixedVideo,NoVisuals,5,236,104,0.4406779661016949,0.42380063200229817
12,gazectrl_ts,FixedVideo,NoVisuals,10,116,48,0.41379310344827586,0.406064209274673
12,gazectrl_ts,FixedVideo,NoVisuals,30,36,16,0.4444444444444444,0.37037037037037035
12,gazectrl_ts,FixedVideo,NoVisuals,60,16,5,0.3125,0.3125
12,gazectrl_ts,MovingTargetNoise,FixedVideo,1,1192,596,0.5,0.5067029638304581
12,gazectrl_ts,MovingTargetNoise,FixedVideo,2,596,294,0.49328859060402686,0.49128417638845095
12,gazectrl_ts,MovingTargetNoise,FixedVideo,5,236,115,0.4872881355932203,0.5159436943407066
12,gazectrl_ts,MovingTargetNoise,FixedVideo,10,116,60,0.5172413793103449,0.5056480380499405
12,gazectrl_ts,MovingTargetNoise,FixedVideo,30,36,17,0.4722222222222222,0.5432098765432098
12,gazectrl_ts,MovingTargetNoise,FixedVideo,60,16,7,0.4375,0.453125
12,gazectrl_ts,MovingTargetNoise,MovingTargetNoise,1,1192,586,0.49161073825503354,0.48655465970001344
12,gazectrl_ts,MovingTargetNoise,MovingTargetNoise,2,596,316,0.5302013422818792,0.5073420116210982
12,gazectrl_ts,MovingTargetNoise,MovingTargetNoise,5,236,124,0.5254237288135594,0.5540074691180694
12,gazectrl_ts,MovingTargetNoise,MovingTargetNoise,10,116,60,0.5172413793103449,0.5784780023781213
12,gazectrl_ts,MovingTargetNoise,MovingTargetNoise,30,36,19,0.5277777777777778,0.617283950617284
12,gazectrl_ts,MovingTargetNoise,MovingTargetNoise,60,16,8,0.5,0.75
12,gazectrl_ts,MovingTargetNoise,MovingVideo,1,1192,643,0.5394295302013423,0.571215823611549
12,gazectrl_ts,MovingTargetNoise,MovingVideo,2,596,323,0.5419463087248322,0.5687694248006846
12,gazectrl_ts,MovingTargetNoise,MovingVideo,5,236,121,0.5127118644067796,0.5873312266590061
12,gazectrl_ts,MovingTargetNoise,MovingVideo,10,116,55,0.47413793103448276,0.5978002378121284
12,gazectrl_ts,MovingTargetNoise,MovingVideo,30,36,17,0.4722222222222222,0.6234567901234568
12,gazectrl_ts,MovingTargetNoise,MovingVideo,60,16,6,0.375,0.59375
12,gazectrl_ts,MovingTargetNoise,NoVisuals,1,1192,603,0.5058724832214765,0.5093295347056439
12,gazectrl_ts,MovingTargetNoise,NoVisuals,2,596,290,0.4865771812080537,0.5028714922751227
12,gazectrl_ts,MovingTargetNoise,NoVisuals,5,236,117,0.4957627118644068,0.4562625682275208
12,gazectrl_ts,MovingTargetNoise,NoVisuals,10,116,58,0.5,0.4497621878715815
12,gazectrl_ts,MovingTargetNoise,NoVisuals,30,36,16,0.4444444444444444,0.38580246913580246
12,gazectrl_ts,MovingTargetNoise,NoVisuals,60,16,7,0.4375,0.3125
12,gazectrl_ts,MovingVideo,FixedVideo,1,1192,578,0.4848993288590604,0.4718171478762218
12,gazectrl_ts,MovingVideo,FixedVideo,2,596,276,0.46308724832214765,0.44973199405432185
12,gazectrl_ts,MovingVideo,FixedVideo,5,236,106,0.4491525423728814,0.4096523987359954
12,gazectrl_ts,MovingVideo,FixedVideo,10,116,50,0.43103448275862066,0.3760404280618312
12,gazectrl_ts,MovingVideo,FixedVideo,30,36,19,0.5277777777777778,0.3487654320987654
12,gazectrl_ts,MovingVideo,FixedVideo,60,16,9,0.5625,0.359375
12,gazectrl_ts,MovingVideo,MovingTargetNoise,1,1192,622,0.5218120805369127,0.5355389396874015
12,gazectrl_ts,MovingVideo,MovingTargetNoise,2,596,317,0.5318791946308725,0.5309107697851448
12,gazectrl_ts,MovingVideo,MovingTargetNoise,5,236,118,0.5,0.527147371444987
12,gazectrl_ts,MovingVideo,MovingTargetNoise,10,116,61,0.5258620689655172,0.5297265160523187
12,gazectrl_ts,MovingVideo,MovingTargetNoise,30,36,19,0.5277777777777778,0.5277777777777777
12,gazectrl_ts,MovingVideo,MovingTargetNoise,60,16,9,0.5625,0.609375
12,gazectrl_ts,MovingVideo,MovingVideo,1,1192,553,0.4639261744966443,0.4316584838520788
12,gazectrl_ts,MovingVideo,MovingVideo,2,596,278,0.4664429530201342,0.4201162109814873
12,gazectrl_ts,MovingVideo,MovingVideo,5,236,108,0.4576271186440678,0.37043952887101406
12,gazectrl_ts,MovingVideo,MovingVideo,10,116,53,0.45689655172413796,0.326397146254459
12,gazectrl_ts,MovingVideo,MovingVideo,30,36,17,0.4722222222222222,0.20987654320987653
12,gazectrl_ts,MovingVideo,MovingVideo,60,16,8,0.5,0.09375
12,gazectrl_ts,MovingVideo,NoVisuals,1,1192,647,0.5427852348993288,0.5607602135038963
12,gazectrl_ts,MovingVideo,NoVisuals,2,596,326,0.5469798657718121,0.5804468267195171
12,gazectrl_ts,MovingVideo,NoVisuals,5,236,131,0.5550847457627118,0.6049267451881644
12,gazectrl_ts,MovingVideo,NoVisuals,10,116,67,0.5775862068965517,0.6085017835909632
12,gazectrl_ts,MovingVideo,NoVisuals,30,36,20,0.5555555555555556,0.6481481481481481
12,gazectrl_ts,MovingVideo,NoVisuals,60,16,9,0.5625,0.671875
12,gazectrl_ts,NoVisuals,FixedVideo,1,1192,564,0.47315436241610737,0.46456240709877933
12,gazectrl_ts,NoVisuals,FixedVideo,2,596,285,0.47818791946308725,0.46440475654249813
12,gazectrl_ts,NoVisuals,FixedVideo,5,236,107,0.4533898305084746,0.4360815857512209
12,gazectrl_ts,NoVisuals,FixedVideo,10,116,52,0.4482758620689655,0.41706302021403086
12,gazectrl_ts,NoVisuals,FixedVideo,30,36,15,0.4166666666666667,0.404320987654321
12,gazectrl_ts,NoVisuals,FixedVideo,60,16,8,0.5,0.328125
12,gazectrl_ts,NoVisuals,MovingTargetNoise,1,1192,610,0.511744966442953,0.4963458853204811
12,gazectrl_ts,NoVisuals,MovingTargetNoise,2,596,301,0.5050335570469798,0.5062497184811494
12,gazectrl_ts,NoVisuals,MovingTargetNoise,5,236,105,0.4449152542372881,0.43708704395288706
12,gazectrl_ts,NoVisuals,MovingTargetNoise,10,116,49,0.4224137931034483,0.4158739595719382
12,gazectrl_ts,NoVisuals,MovingTargetNoise,30,36,14,0.3888888888888889,0.33024691358024694
12,gazectrl_ts,NoVisuals,MovingTargetNoise,60,16,6,0.375,0.25
12,gazectrl_ts,NoVisuals,MovingVideo,1,1192,649,0.5444630872483222,0.575506170893203
12,gazectrl_ts,NoVisuals,MovingVideo,2,596,344,0.5771812080536913,0.6132268816719968
12,gazectrl_ts,NoVisuals,MovingVideo,5,236,142,0.6016949152542372,0.6496696351623097
12,gazectrl_ts,NoVisuals,MovingVideo,10,116,73,0.6293103448275862,0.7036266349583828
12,gazectrl_ts,NoVisuals,MovingVideo,30,36,25,0.6944444444444444,0.75
12,gazectrl_ts,NoVisuals,MovingVideo,60,16,13,0.8125,0.859375
12,gazectrl_ts,NoVisuals,NoVisuals,1,1192,612,0.5134228187919463,0.5233097608215846
12,gazectrl_ts,NoVisuals,NoVisuals,2,596,306,0.5134228187919463,0.5317553263366515
12,gazectrl_ts,NoVisuals,NoVisuals,5,236,123,0.5211864406779662,0.5415110600402183
12,gazectrl_ts,NoVisuals,NoVisuals,10,116,60,0.5172413793103449,0.5558858501783591
12,gazectrl_ts,NoVisuals,NoVisuals,30,36,18,0.5,0.6234567901234568
12,gazectrl_ts,NoVisuals,NoVisuals,60,16,8,0.5,0.71875
