subject,model,test_condition,window_s,n_windows,n_correct,accuracy,auc
01,eeg_alpha_ts,FixedVideo,1,1192,574,0.4815436241610738,0.46983807035719116
01,eeg_alpha_ts,FixedVideo,2,596,276,0.46308724832214765,0.4645061033286789
01,eeg_alpha_ts,FixedVideo,5,236,114,0.4830508474576271,0.47055443837977595
01,eeg_alpha_ts,FixedVideo,10,116,53,0.45689655172413796,0.44589774078478006
01,eeg_alpha_ts,FixedVideo,30,36,12,0.3333333333333333,0.45679012345679015
01,eeg_alpha_ts,FixedVideo,60,16,6,0.375,0.53125
01,eeg_alpha_ts,MovingVideo,1,1192,568,0.47651006711409394,0.4597709562632314
01,eeg_alpha_ts,MovingVideo,2,596,300,0.5033557046979866,0.47993333633620106
01,eeg_alpha_ts,MovingVideo,5,236,119,0.5042372881355932,0.5060327492099972
01,eeg_alpha_ts,MovingVideo,10,116,62,0.5344827586206896,0.4892984542211653
01,eeg_alpha_ts,MovingVideo,30,36,20,0.5555555555555556,0.5493827160493827
01,eeg_alpha_ts,MovingVideo,60,16,10,0.625,0.65625
01,eeg_alpha_ts,NoVisuals,1,1192,609,0.5109060402684564,0.499498896446106
01,eeg_alpha_ts,NoVisuals,2,596,305,0.511744966442953,0.5131525606954641
01,eeg_alpha_ts,NoVisuals,5,236,120,0.5084745762711864,0.513358230393565
01,eeg_alpha_ts,NoVisuals,10,116,61,0.5258620689655172,0.539833531510107
01,eeg_alpha_ts,NoVisuals,30,36,18,0.5,0.5432098765432098
01,eeg_alpha_ts,NoVisuals,60,16,9,0.5625,0.4375
01,eeg_csp,FixedVideo,1,1192,486,0.4077181208053691,0.6674586730327463
01,eeg_csp,FixedVideo,2,596,243,0.4077181208053691,0.6893833611098599
01,eeg_csp,FixedVideo,5,236,92,0.3898305084745763,0.709135305946567
01,eeg_csp,FixedVideo,10,116,46,0.39655172413793105,0.7009512485136742
01,eeg_csp,FixedVideo,30,36,14,0.3888888888888889,0.6666666666666667
01,eeg_csp,FixedVideo,60,16,6,0.375,0.625
01,eeg_csp,MovingVideo,1,1192,632,0.5302013422818792,0.5226791585964596
01,eeg_csp,MovingVideo,2,596,314,0.5268456375838926,0.5324985361019774
01,eeg_csp,MovingVideo,5,236,118,0.5,0.5158000574547543
01,eeg_csp,MovingVideo,10,116,59,0.5086206896551724,0.5374554102259215
01,eeg_csp,MovingVideo,30,36,20,0.5555555555555556,0.5925925925925926
01,eeg_csp,MovingVideo,60,16,9,0.5625,0.6875
01,eeg_csp,NoVisuals,1,1192,871,0.7307046979865772,0.8500855817305526
01,eeg_csp,NoVisuals,2,596,410,0.6879194630872483,0.8537453267870818
01,eeg_csp,NoVisuals,5,236,156,0.6610169491525424,0.8853777650100546
01,eeg_csp,NoVisuals,10,116,80,0.6896551724137931,0.9316290130796672
01,eeg_csp,NoVisuals,30,36,25,0.6944444444444444,0.9938271604938271
01,eeg_csp,NoVisuals,60,16,12,0.75,1.0
01,eeg_eogreg_ts,FixedVideo,1,1192,509,0.42701342281879195,0.45231070672492224
01,eeg_eogreg_ts,FixedVideo,2,596,257,0.4312080536912752,0.45660105400657625
01,eeg_eogreg_ts,FixedVideo,5,236,100,0.423728813559322,0.46279804653835105
01,eeg_eogreg_ts,FixedVideo,10,116,46,0.39655172413793105,0.4637336504161712
01,eeg_eogreg_ts,FixedVideo,30,36,13,0.3611111111111111,0.43209876543209874
01,eeg_eogreg_ts,FixedVideo,60,16,6,0.375,0.34375
01,eeg_eogreg_ts,MovingVideo,1,1192,522,0.43791946308724833,0.4267769469843701
01,eeg_eogreg_ts,MovingVideo,2,596,273,0.45805369127516776,0.4345074546191613
01,eeg_eogreg_ts,MovingVideo,5,236,112,0.4745762711864407,0.43636885952312554
01,eeg_eogreg_ts,MovingVideo,10,116,55,0.47413793103448276,0.41141498216409034
01,eeg_eogreg_ts,MovingVideo,30,36,17,0.4722222222222222,0.4320987654320988
01,eeg_eogreg_ts,MovingVideo,60,16,8,0.5,0.53125
01,eeg_eogreg_ts,NoVisuals,1,1192,707,0.5931208053691275,0.6254335390297735
01,eeg_eogreg_ts,NoVisuals,2,596,350,0.587248322147651,0.6228773478672132
01,eeg_eogreg_ts,NoVisuals,5,236,132,0.559322033898305,0.5958058029301925
01,eeg_eogreg_ts,NoVisuals,10,116,68,0.5862068965517241,0.6266349583828776
01,eeg_eogreg_ts,NoVisuals,30,36,22,0.6111111111111112,0.6358024691358024
01,eeg_eogreg_ts,NoVisuals,60,16,10,0.625,0.5625
01,eeg_post_ts,FixedVideo,1,1192,680,0.5704697986577181,0.6673629566235755
01,eeg_post_ts,FixedVideo,2,596,337,0.5654362416107382,0.6844061078329805
01,eeg_post_ts,FixedVideo,5,236,137,0.5805084745762712,0.7038207411663315
01,eeg_post_ts,FixedVideo,10,116,69,0.5948275862068966,0.7568370986920333
01,eeg_post_ts,FixedVideo,30,36,21,0.5833333333333334,0.8209876543209877
01,eeg_post_ts,FixedVideo,60,16,10,0.625,0.84375
01,eeg_post_ts,MovingVideo,1,1192,636,0.5335570469798657,0.545200666636638
01,eeg_post_ts,MovingVideo,2,596,330,0.5536912751677853,0.5608305932165218
01,eeg_post_ts,MovingVideo,5,236,130,0.5508474576271186,0.5594656707842574
01,eeg_post_ts,MovingVideo,10,116,65,0.5603448275862069,0.5659928656361475
01,eeg_post_ts,MovingVideo,30,36,20,0.5555555555555556,0.5432098765432098
01,eeg_post_ts,MovingVideo,60,16,11,0.6875,0.75
01,eeg_post_ts,NoVisuals,1,1192,723,0.6065436241610739,0.7205418674834466
01,eeg_post_ts,NoVisuals,2,596,371,0.62248322147651,0.7387279852258908
01,eeg_post_ts,NoVisuals,5,236,143,0.6059322033898306,0.735277219189888
01,eeg_post_ts,NoVisuals,10,116,73,0.6293103448275862,0.7925089179548157
01,eeg_post_ts,NoVisuals,30,36,23,0.6388888888888888,0.9012345679012346
01,eeg_post_ts,NoVisuals,60,16,9,0.5625,0.9375
01,eeg_ts,FixedVideo,1,1192,525,0.44043624161073824,0.49054659700013514
01,eeg_ts,FixedVideo,2,596,276,0.46308724832214765,0.5375883969190577
01,eeg_ts,FixedVideo,5,236,109,0.461864406779661,0.6272622809537489
01,eeg_ts,FixedVideo,10,116,54,0.46551724137931033,0.6456599286563616
01,eeg_ts,FixedVideo,30,36,15,0.4166666666666667,0.6666666666666666
01,eeg_ts,FixedVideo,60,16,7,0.4375,0.6875
01,eeg_ts,MovingVideo,1,1192,558,0.46812080536912754,0.4636615467771722
01,eeg_ts,MovingVideo,2,596,272,0.4563758389261745,0.466668168100536
01,eeg_ts,MovingVideo,5,236,112,0.4745762711864407,0.4668198793450158
01,eeg_ts,MovingVideo,10,116,54,0.46551724137931033,0.4589774078478002
01,eeg_ts,MovingVideo,30,36,15,0.4166666666666667,0.4197530864197531
01,eeg_ts,MovingVideo,60,16,7,0.4375,0.46875
01,eeg_ts,NoVisuals,1,1192,682,0.5721476510067114,0.6019604972748975
01,eeg_ts,NoVisuals,2,596,348,0.5838926174496645,0.616548804107923
01,eeg_ts,NoVisuals,5,236,139,0.5889830508474576,0.5978167193335249
01,eeg_ts,NoVisuals,10,116,73,0.6293103448275862,0.6331747919143876
01,eeg_ts,NoVisuals,30,36,24,0.6666666666666666,0.654320987654321
01,eeg_ts,NoVisuals,60,16,10,0.625,0.65625
01,eog_ts,FixedVideo,1,1192,803,0.6736577181208053,0.7661028782487276
01,eog_ts,FixedVideo,2,596,422,0.7080536912751678,0.8299175712805729
01,eog_ts,FixedVideo,5,236,164,0.6949152542372882,0.8306521114622234
01,eog_ts,FixedVideo,10,116,88,0.7586206896551724,0.8834720570749108
01,eog_ts,FixedVideo,30,36,29,0.8055555555555556,0.9938271604938271
01,eog_ts,FixedVideo,60,16,12,0.75,1.0
01,eog_ts,MovingVideo,1,1192,576,0.48322147651006714,0.4889081572902122
01,eog_ts,MovingVideo,2,596,298,0.5,0.4925679023467411
01,eog_ts,MovingVideo,5,236,116,0.4915254237288136,0.537201953461649
01,eog_ts,MovingVideo,10,116,63,0.5431034482758621,0.5481569560047562
01,eog_ts,MovingVideo,30,36,18,0.5,0.5555555555555556
01,eog_ts,MovingVideo,60,16,10,0.625,0.625
01,eog_ts,NoVisuals,1,1192,555,0.46560402684563756,0.4772814287644701
01,eog_ts,NoVisuals,2,596,290,0.4865771812080537,0.4748885185352011
01,eog_ts,NoVisuals,5,236,124,0.5254237288135594,0.5295891985061764
01,eog_ts,NoVisuals,10,116,60,0.5172413793103449,0.5279429250891796
01,eog_ts,NoVisuals,30,36,18,0.5,0.5555555555555556
01,eog_ts,NoVisuals,60,16,7,0.4375,0.59375
01,gazectrl_csp,FixedVideo,1,1192,586,0.49161073825503354,0.5236982568352777
01,gazectrl_csp,FixedVideo,2,596,291,0.48825503355704697,0.5228368091527409
01,gazectrl_csp,FixedVideo,5,236,117,0.4957627118644068,0.5209709853490376
01,gazectrl_csp,FixedVideo,10,116,56,0.4827586206896552,0.49286563614744355
01,gazectrl_csp,FixedVideo,30,36,16,0.4444444444444444,0.4938271604938272
01,gazectrl_csp,FixedVideo,60,16,7,0.4375,0.5625
01,gazectrl_csp,MovingVideo,1,1192,564,0.47315436241610737,0.46445542993558847
01,gazectrl_csp,MovingVideo,2,596,267,0.44798657718120805,0.4437412729156345
01,gazectrl_csp,MovingVideo,5,236,106,0.4491525423728814,0.41783970123527714
01,gazectrl_csp,MovingVideo,10,116,47,0.4051724137931034,0.36623067776456597
01,gazectrl_csp,MovingVideo,30,36,13,0.3611111111111111,0.345679012345679
01,gazectrl_csp,MovingVideo,60,16,6,0.375,0.34375
01,gazectrl_csp,NoVisuals,1,1192,658,0.552013422818792,0.5873215170487815
01,gazectrl_csp,NoVisuals,2,596,330,0.5536912751677853,0.6064141254898427
01,gazectrl_csp,NoVisuals,5,236,131,0.5550847457627118,0.624533180120655
01,gazectrl_csp,NoVisuals,10,116,71,0.6120689655172413,0.6623067776456599
01,gazectrl_csp,NoVisuals,30,36,20,0.5555555555555556,0.8024691358024691
01,gazectrl_csp,NoVisuals,60,16,9,0.5625,0.9375
01,gazectrl_ts,FixedVideo,1,1192,632,0.5302013422818792,0.5463042205306068
01,gazectrl_ts,FixedVideo,2,596,311,0.5218120805369127,0.5390973379577496
01,gazectrl_ts,FixedVideo,5,236,128,0.5423728813559322,0.5699511634587762
01,gazectrl_ts,FixedVideo,10,116,58,0.5,0.5600475624256838
01,gazectrl_ts,FixedVideo,30,36,20,0.5555555555555556,0.6234567901234569
01,gazectrl_ts,FixedVideo,60,16,9,0.5625,0.6875
01,gazectrl_ts,MovingVideo,1,1192,602,0.5050335570469798,0.500501103553894
01,gazectrl_ts,MovingVideo,2,596,290,0.4865771812080537,0.48121706229449124
01,gazectrl_ts,MovingVideo,5,236,106,0.4491525423728814,0.4810399310542947
01,gazectrl_ts,MovingVideo,10,116,59,0.5086206896551724,0.5029726516052319
01,gazectrl_ts,MovingVideo,30,36,19,0.5277777777777778,0.5185185185185185
01,gazectrl_ts,MovingVideo,60,16,10,0.625,0.625
01,gazectrl_ts,NoVisuals,1,1192,642,0.5385906040268457,0.5668213143552092
01,gazectrl_ts,NoVisuals,2,596,306,0.5134228187919463,0.5495698391964325
01,gazectrl_ts,NoVisuals,5,236,123,0.5211864406779662,0.5636311404768743
01,gazectrl_ts,NoVisuals,10,116,60,0.5172413793103449,0.5980975029726516
01,gazectrl_ts,NoVisuals,30,36,23,0.6388888888888888,0.6975308641975309
01,gazectrl_ts,NoVisuals,60,16,9,0.5625,0.71875
03,eeg_alpha_ts,FixedVideo,1,1192,569,0.4773489932885906,0.46045223188144674
03,eeg_alpha_ts,FixedVideo,2,596,286,0.4798657718120805,0.46506914102968333
03,eeg_alpha_ts,FixedVideo,5,236,113,0.4788135593220339,0.45805802930192474
03,eeg_alpha_ts,FixedVideo,10,116,49,0.4224137931034483,0.44351961950059454
03,eeg_alpha_ts,FixedVideo,30,36,17,0.4722222222222222,0.42592592592592593
03,eeg_alpha_ts,FixedVideo,60,16,6,0.375,0.3125
03,eeg_alpha_ts,MovingVideo,1,1192,554,0.46476510067114096,0.44460272059817124
03,eeg_alpha_ts,MovingVideo,2,596,282,0.47315436241610737,0.44380883743975497
03,eeg_alpha_ts,MovingVideo,5,236,101,0.4279661016949153,0.41783970123527725
03,eeg_alpha_ts,MovingVideo,10,116,46,0.39655172413793105,0.36741973840665876
03,eeg_alpha_ts,MovingVideo,30,36,11,0.3055555555555556,0.271604938271605
03,eeg_alpha_ts,MovingVideo,60,16,4,0.25,0.25
03,eeg_alpha_ts,NoVisuals,1,1192,534,0.44798657718120805,0.43126435746137565
03,eeg_alpha_ts,NoVisuals,2,596,255,0.4278523489932886,0.41036439800009006
03,eeg_alpha_ts,NoVisuals,5,236,86,0.3644067796610169,0.3437230680838839
03,eeg_alpha_ts,NoVisuals,10,116,53,0.45689655172413796,0.31747919143876335
03,eeg_alpha_ts,NoVisuals,30,36,10,0.2777777777777778,0.17283950617283952
03,eeg_alpha_ts,NoVisuals,60,16,4,0.25,0.0625
03,eeg_csp,FixedVideo,1,1192,390,0.3271812080536913,0.33160668438358637
03,eeg_csp,FixedVideo,2,596,186,0.31208053691275167,0.332575109229314
03,eeg_csp,FixedVideo,5,236,70,0.2966101694915254,0.3161447859810399
03,eeg_csp,FixedVideo,10,116,33,0.28448275862068967,0.3097502972651605
03,eeg_csp,FixedVideo,30,36,10,0.2777777777777778,0.3209876543209877
03,eeg_csp,FixedVideo,60,16,5,0.3125,0.3125
03,eeg_csp,MovingVideo,1,1192,566,0.4748322147651007,0.34737737038872124
03,eeg_csp,MovingVideo,2,596,281,0.4714765100671141,0.30640511688662675
03,eeg_csp,MovingVideo,5,236,108,0.4576271186440678,0.2816719333524849
03,eeg_csp,MovingVideo,10,116,54,0.46551724137931033,0.24970273483947683
03,eeg_csp,MovingVideo,30,36,17,0.4722222222222222,0.2592592592592593
03,eeg_csp,MovingVideo,60,16,7,0.4375,0.28125
03,eeg_csp,NoVisuals,1,1192,493,0.41359060402684567,0.3232962479167605
03,eeg_csp,NoVisuals,2,596,252,0.4228187919463087,0.29057249673438135
03,eeg_csp,NoVisuals,5,236,89,0.3771186440677966,0.20640620511347316
03,eeg_csp,NoVisuals,10,116,38,0.3275862068965517,0.1361474435196195
03,eeg_csp,NoVisuals,30,36,10,0.2777777777777778,0.030864197530864203
03,eeg_csp,NoVisuals,60,16,4,0.25,0.0
03,eeg_eogreg_ts,FixedVideo,1,1192,522,0.43791946308724833,0.39948650961668397
03,eeg_eogreg_ts,FixedVideo,2,596,243,0.4077181208053691,0.3917165893428224
03,eeg_eogreg_ts,FixedVideo,5,236,99,0.4194915254237288,0.36972134444125254
03,eeg_eogreg_ts,FixedVideo,10,116,45,0.3879310344827586,0.3620689655172413
03,eeg_eogreg_ts,FixedVideo,30,36,14,0.3888888888888889,0.2654320987654321
03,eeg_eogreg_ts,FixedVideo,60,16,5,0.3125,0.1875
03,eeg_eogreg_ts,MovingVideo,1,1192,451,0.3783557046979866,0.31589793252556186
03,eeg_eogreg_ts,MovingVideo,2,596,214,0.35906040268456374,0.3270348182514301
03,eeg_eogreg_ts,MovingVideo,5,236,90,0.3813559322033898,0.31284113760413673
03,eeg_eogreg_ts,MovingVideo,10,116,43,0.3706896551724138,0.29488703923900117
03,eeg_eogreg_ts,MovingVideo,30,36,9,0.25,0.25925925925925924
03,eeg_eogreg_ts,MovingVideo,60,16,5,0.3125,0.3125
03,eeg_eogreg_ts,NoVisuals,1,1192,403,0.33808724832214765,0.20696139813521913
03,eeg_eogreg_ts,NoVisuals,2,596,201,0.337248322147651,0.20066663663798928
03,eeg_eogreg_ts,NoVisuals,5,236,77,0.326271186440678,0.19735708129847743
03,eeg_eogreg_ts,NoVisuals,10,116,36,0.3103448275862069,0.15041617122473247
03,eeg_eogreg_ts,NoVisuals,30,36,13,0.3611111111111111,0.09876543209876544
03,eeg_eogreg_ts,NoVisuals,60,16,5,0.3125,0.0625
03,eeg_post_ts,FixedVideo,1,1192,551,0.462248322147651,0.45912909328408624
03,eeg_post_ts,FixedVideo,2,596,293,0.49161073825503354,0.4587856402864736
03,eeg_post_ts,FixedVideo,5,236,113,0.4788135593220339,0.45619074978454466
03,eeg_post_ts,FixedVideo,10,116,54,0.46551724137931033,0.44351961950059454
03,eeg_post_ts,FixedVideo,30,36,14,0.3888888888888889,0.41975308641975306
03,eeg_post_ts,FixedVideo,60,16,5,0.3125,0.375
03,eeg_post_ts,MovingVideo,1,1192,550,0.46140939597315433,0.41744741227872617
03,eeg_post_ts,MovingVideo,2,596,275,0.46140939597315433,0.3744200711679654
03,eeg_post_ts,MovingVideo,5,236,104,0.4406779661016949,0.3261993679977018
03,eeg_post_ts,MovingVideo,10,116,46,0.39655172413793105,0.2502972651605232
03,eeg_post_ts,MovingVideo,30,36,11,0.3055555555555556,0.09876543209876543
03,eeg_post_ts,MovingVideo,60,16,5,0.3125,0.0625
03,eeg_post_ts,NoVisuals,1,1192,403,0.33808724832214765,0.29177176703752083
03,eeg_post_ts,NoVisuals,2,596,198,0.33221476510067116,0.2822620602675555
03,eeg_post_ts,NoVisuals,5,236,86,0.3644067796610169,0.2673082447572537
03,eeg_post_ts,NoVisuals,10,116,33,0.28448275862068967,0.20035671819262785
03,eeg_post_ts,NoVisuals,30,36,10,0.2777777777777778,0.12345679012345678
03,eeg_post_ts,NoVisuals,60,16,3,0.1875,0.09375
03,eeg_ts,FixedVideo,1,1192,554,0.46476510067114096,0.4375253366965452
03,eeg_ts,FixedVideo,2,596,275,0.46140939597315433,0.4790099545065537
03,eeg_ts,FixedVideo,5,236,118,0.5,0.49511634587762143
03,eeg_ts,FixedVideo,10,116,58,0.5,0.5035671819262781
03,eeg_ts,FixedVideo,30,36,15,0.4166666666666667,0.5185185185185186
03,eeg_ts,FixedVideo,60,16,6,0.375,0.5
03,eeg_ts,MovingVideo,1,1192,487,0.4085570469798658,0.331567271744516
03,eeg_ts,MovingVideo,2,596,250,0.41946308724832215,0.3481599927931174
03,eeg_ts,MovingVideo,5,236,95,0.4025423728813559,0.329503016374605
03,eeg_ts,MovingVideo,10,116,44,0.3793103448275862,0.30499405469678953
03,eeg_ts,MovingVideo,30,36,12,0.3333333333333333,0.24691358024691362
03,eeg_ts,MovingVideo,60,16,5,0.3125,0.28125
03,eeg_ts,NoVisuals,1,1192,415,0.34815436241610737,0.2543860636908247
03,eeg_ts,NoVisuals,2,596,187,0.313758389261745,0.22158911760731498
03,eeg_ts,NoVisuals,5,236,72,0.3050847457627119,0.20741166331513933
03,eeg_ts,NoVisuals,10,116,32,0.27586206896551724,0.1629013079667063
03,eeg_ts,NoVisuals,30,36,8,0.2222222222222222,0.1111111111111111
03,eeg_ts,NoVisuals,60,16,2,0.125,0.0625
03,eog_ts,FixedVideo,1,1192,769,0.6451342281879194,0.697868339263997
03,eog_ts,FixedVideo,2,596,420,0.7046979865771812,0.7870140984640331
03,eog_ts,FixedVideo,5,236,192,0.8135593220338984,0.8859523125538638
03,eog_ts,FixedVideo,10,116,98,0.8448275862068966,0.9161712247324614
03,eog_ts,FixedVideo,30,36,33,0.9166666666666666,0.9876543209876543
03,eog_ts,FixedVideo,60,16,16,1.0,1.0
03,eog_ts,MovingVideo,1,1192,599,0.50251677852349,0.5242106211431917
03,eog_ts,MovingVideo,2,596,294,0.49328859060402686,0.5371604882662944
03,eog_ts,MovingVideo,5,236,127,0.538135593220339,0.5626256822752083
03,eog_ts,MovingVideo,10,116,57,0.49137931034482757,0.5600475624256838
03,eog_ts,MovingVideo,30,36,19,0.5277777777777778,0.6049382716049383
03,eog_ts,MovingVideo,60,16,8,0.5,0.65625
03,eog_ts,NoVisuals,1,1192,554,0.46476510067114096,0.45803116976712765
03,eog_ts,NoVisuals,2,596,274,0.4597315436241611,0.4731543624161074
03,eog_ts,NoVisuals,5,236,110,0.4661016949152542,0.4679689744326343
03,eog_ts,NoVisuals,10,116,57,0.49137931034482757,0.47859690844233055
03,eog_ts,NoVisuals,30,36,20,0.5555555555555556,0.4814814814814815
03,eog_ts,NoVisuals,60,16,10,0.625,0.5625
03,gazectrl_csp,FixedVideo,1,1192,550,0.46140939597315433,0.4601876041619747
03,gazectrl_csp,FixedVideo,2,596,291,0.48825503355704697,0.4616233502995361
03,gazectrl_csp,FixedVideo,5,236,118,0.5,0.45489801781097383
03,gazectrl_csp,FixedVideo,10,116,51,0.4396551724137931,0.42627824019024974
03,gazectrl_csp,FixedVideo,30,36,17,0.4722222222222222,0.462962962962963
03,gazectrl_csp,FixedVideo,60,16,8,0.5,0.375
03,gazectrl_csp,MovingVideo,1,1192,573,0.48070469798657717,0.4582789063555696
03,gazectrl_csp,MovingVideo,2,596,272,0.4563758389261745,0.44171433719201836
03,gazectrl_csp,MovingVideo,5,236,105,0.4449152542372881,0.4245906348750359
03,gazectrl_csp,MovingVideo,10,116,51,0.4396551724137931,0.39179548156956
03,gazectrl_csp,MovingVideo,30,36,13,0.3611111111111111,0.32098765432098764
03,gazectrl_csp,MovingVideo,60,16,5,0.3125,0.28125
03,gazectrl_csp,NoVisuals,1,1192,533,0.4471476510067114,0.410606504211522
03,gazectrl_csp,NoVisuals,2,596,257,0.4312080536912752,0.38653664249358133
03,gazectrl_csp,NoVisuals,5,236,96,0.4067796610169492,0.31585751220913527
03,gazectrl_csp,NoVisuals,10,116,39,0.33620689655172414,0.2455410225921522
03,gazectrl_csp,NoVisuals,30,36,11,0.3055555555555556,0.09876543209876545
03,gazectrl_csp,NoVisuals,60,16,4,0.25,0.0
03,gazectrl_ts,FixedVideo,1,1192,583,0.4890939597315436,0.48929102292689514
03,gazectrl_ts,FixedVideo,2,596,288,0.48322147651006714,0.4799108148281609
03,gazectrl_ts,FixedVideo,5,236,123,0.5211864406779662,0.5050272910083309
03,gazectrl_ts,FixedVideo,10,116,62,0.5344827586206896,0.5023781212841856
03,gazectrl_ts,FixedVideo,30,36,20,0.5555555555555556,0.5555555555555556
03,gazectrl_ts,FixedVideo,60,16,10,0.625,0.5625
03,gazectrl_ts,MovingVideo,1,1192,573,0.48070469798657717,0.46791248141975594
03,gazectrl_ts,MovingVideo,2,596,284,0.47651006711409394,0.4748209540110806
03,gazectrl_ts,MovingVideo,5,236,110,0.4661016949152542,0.4481470841712152
03,gazectrl_ts,MovingVideo,10,116,54,0.46551724137931033,0.4334126040428062
03,gazectrl_ts,MovingVideo,30,36,16,0.4444444444444444,0.37037037037037035
03,gazectrl_ts,MovingVideo,60,16,7,0.4375,0.375
03,gazectrl_ts,NoVisuals,1,1192,545,0.45721476510067116,0.42656862303499843
03,gazectrl_ts,NoVisuals,2,596,252,0.4228187919463087,0.3862213413810189
03,gazectrl_ts,NoVisuals,5,236,95,0.4025423728813559,0.3562194771617351
03,gazectrl_ts,NoVisuals,10,116,41,0.35344827586206895,0.32461355529131986
03,gazectrl_ts,NoVisuals,30,36,13,0.3611111111111111,0.21604938271604937
03,gazectrl_ts,NoVisuals,60,16,5,0.3125,0.0625
04,eeg_alpha_ts,FixedVideo,1,1192,620,0.5201342281879194,0.5207704607900544
04,eeg_alpha_ts,FixedVideo,2,596,292,0.4899328859060403,0.4961488221251295
04,eeg_alpha_ts,FixedVideo,5,236,115,0.4872881355932203,0.5222637173226085
04,eeg_alpha_ts,FixedVideo,10,116,59,0.5086206896551724,0.5273483947681332
04,eeg_alpha_ts,FixedVideo,30,36,19,0.5277777777777778,0.5925925925925926
04,eeg_alpha_ts,FixedVideo,60,16,10,0.625,0.625
04,eeg_alpha_ts,MovingTargetNoise,1,1192,615,0.5159395973154363,0.510720237827125
04,eeg_alpha_ts,MovingTargetNoise,2,596,305,0.511744966442953,0.5093914688527543
04,eeg_alpha_ts,MovingTargetNoise,5,236,118,0.5,0.4979890835966676
04,eeg_alpha_ts,MovingTargetNoise,10,116,55,0.47413793103448276,0.48810939357907257
04,eeg_alpha_ts,MovingTargetNoise,30,36,16,0.4444444444444444,0.49382716049382713
04,eeg_alpha_ts,MovingTargetNoise,60,16,8,0.5,0.625
04,eeg_alpha_ts,MovingVideo,1,1192,579,0.48573825503355705,0.49930746362776457
04,eeg_alpha_ts,MovingVideo,2,596,300,0.5033557046979866,0.5013963334984911
04,eeg_alpha_ts,MovingVideo,5,236,114,0.4830508474576271,0.5030163746049985
04,eeg_alpha_ts,MovingVideo,10,116,62,0.5344827586206896,0.5089179548156956
04,eeg_alpha_ts,MovingVideo,30,36,18,0.5,0.5185185185185185
04,eeg_alpha_ts,MovingVideo,60,16,9,0.5625,0.4375
04,eeg_alpha_ts,NoVisuals,1,1192,603,0.5058724832214765,0.508321697220846
04,eeg_alpha_ts,NoVisuals,2,596,300,0.5033557046979866,0.5013062474663303
04,eeg_alpha_ts,NoVisuals,5,236,120,0.5084745762711864,0.5218328066647515
04,eeg_alpha_ts,NoVisuals,10,116,58,0.5,0.5249702734839476
04,eeg_alpha_ts,NoVisuals,30,36,17,0.4722222222222222,0.5061728395061729
04,eeg_alpha_ts,NoVisuals,60,16,9,0.5625,0.59375
04,eeg_csp,FixedVideo,1,1192,576,0.48322147651006714,0.46428088824827707
04,eeg_csp,FixedVideo,2,596,279,0.46812080536912754,0.4586054682221522
04,eeg_csp,FixedVideo,5,236,108,0.4576271186440678,0.4215742602700373
04,eeg_csp,FixedVideo,10,116,47,0.4051724137931034,0.3977407847800238
04,eeg_csp,FixedVideo,30,36,15,0.4166666666666667,0.3827160493827161
04,eeg_csp,FixedVideo,60,16,6,0.375,0.1875
04,eeg_csp,MovingTargetNoise,1,1192,612,0.5134228187919463,0.5438718976622674
04,eeg_csp,MovingTargetNoise,2,596,317,0.5318791946308725,0.5488491509391469
04,eeg_csp,MovingTargetNoise,5,236,115,0.4872881355932203,0.5231255386383222
04,eeg_csp,MovingTargetNoise,10,116,59,0.5086206896551724,0.5225921521997622
04,eeg_csp,MovingTargetNoise,30,36,19,0.5277777777777778,0.5185185185185186
04,eeg_csp,MovingTargetNoise,60,16,8,0.5,0.4375
04,eeg_csp,MovingVideo,1,1192,532,0.4463087248322148,0.450244358362236
04,eeg_csp,MovingVideo,2,596,271,0.4546979865771812,0.452276924462862
04,eeg_csp,MovingVideo,5,236,114,0.4830508474576271,0.45604711289859234
04,eeg_csp,MovingVideo,10,116,58,0.5,0.44946492271105826
04,eeg_csp,MovingVideo,30,36,16,0.4444444444444444,0.4012345679012346
04,eeg_csp,MovingVideo,60,16,8,0.5,0.375
04,eeg_csp,NoVisuals,1,1192,730,0.6124161073825504,0.6368519436061439
04,eeg_csp,NoVisuals,2,596,369,0.6191275167785235,0.6308049186973561
04,eeg_csp,NoVisuals,5,236,144,0.6101694915254238,0.6219477161735133
04,eeg_csp,NoVisuals,10,116,75,0.646551724137931,0.617717003567182
04,eeg_csp,NoVisuals,30,36,21,0.5833333333333334,0.5987654320987654
04,eeg_csp,NoVisuals,60,16,12,0.75,0.625
04,eeg_eogreg_ts,FixedVideo,1,1192,606,0.5083892617449665,0.4991948560875637
04,eeg_eogreg_ts,FixedVideo,2,596,297,0.4983221476510067,0.5017341561190937
04,eeg_eogreg_ts,FixedVideo,5,236,121,0.5127118644067796,0.47701809824763
04,eeg_eogreg_ts,FixedVideo,10,116,58,0.5,0.4839476813317479
04,eeg_eogreg_ts,FixedVideo,30,36,15,0.4166666666666667,0.45679012345679015
04,eeg_eogreg_ts,FixedVideo,60,16,7,0.4375,0.5
04,eeg_eogreg_ts,MovingTargetNoise,1,1192,686,0.575503355704698,0.6244707445610558
04,eeg_eogreg_ts,MovingTargetNoise,2,596,336,0.5637583892617449,0.6140714382235034
04,eeg_eogreg_ts,MovingTargetNoise,5,236,132,0.559322033898305,0.594656707842574
04,eeg_eogreg_ts,MovingTargetNoise,10,116,64,0.5517241379310345,0.6254458977407847
04,eeg_eogreg_ts,MovingTargetNoise,30,36,22,0.6111111111111112,0.7037037037037037
04,eeg_eogreg_ts,MovingTargetNoise,60,16,8,0.5,0.71875
04,eeg_eogreg_ts,MovingVideo,1,1192,565,0.473993288590604,0.4224809693257061
04,eeg_eogreg_ts,MovingVideo,2,596,282,0.47315436241610737,0.40489167154632677
04,eeg_eogreg_ts,MovingVideo,5,236,106,0.4491525423728814,0.4056305659293306
04,eeg_eogreg_ts,MovingVideo,10,116,56,0.4827586206896552,0.39595719381688466
04,eeg_eogreg_ts,MovingVideo,30,36,18,0.5,0.3580246913580247
04,eeg_eogreg_ts,MovingVideo,60,16,9,0.5625,0.375
04,eeg_eogreg_ts,NoVisuals,1,1192,804,0.674496644295302,0.7564693031845413
04,eeg_eogreg_ts,NoVisuals,2,596,390,0.6543624161073825,0.7152830953560649
04,eeg_eogreg_ts,NoVisuals,5,236,150,0.635593220338983,0.7028152829646653
04,eeg_eogreg_ts,NoVisuals,10,116,79,0.6810344827586207,0.760998810939358
04,eeg_eogreg_ts,NoVisuals,30,36,24,0.6666666666666666,0.8518518518518519
04,eeg_eogreg_ts,NoVisuals,60,16,13,0.8125,0.9375
04,eeg_post_ts,FixedVideo,1,1192,695,0.5830536912751678,0.6078386108733841
04,eeg_post_ts,FixedVideo,2,596,354,0.5939597315436241,0.6130804918697355
04,eeg_post_ts,FixedVideo,5,236,134,0.5677966101694916,0.6232404481470841
04,eeg_post_ts,FixedVideo,10,116,68,0.5862068965517241,0.6426872770511296
04,eeg_post_ts,FixedVideo,30,36,22,0.6111111111111112,0.728395061728395
04,eeg_post_ts,FixedVideo,60,16,10,0.625,0.8125
04,eeg_post_ts,MovingTargetNoise,1,1192,541,0.4538590604026846,0.4201725147515878
04,eeg_post_ts,MovingTargetNoise,2,596,274,0.4597315436241611,0.4418269447322193
04,eeg_post_ts,MovingTargetNoise,5,236,111,0.4703389830508475,0.46466532605573113
04,eeg_post_ts,MovingTargetNoise,10,116,56,0.4827586206896552,0.4542211652794293
04,eeg_post_ts,MovingTargetNoise,30,36,19,0.5277777777777778,0.42592592592592593
04,eeg_post_ts,MovingTargetNoise,60,16,8,0.5,0.40625
04,eeg_post_ts,MovingVideo,1,1192,595,0.49916107382550334,0.4892403495338048
04,eeg_post_ts,MovingVideo,2,596,291,0.48825503355704697,0.48648709517589295
04,eeg_post_ts,MovingVideo,5,236,110,0.4661016949152542,0.49841999425452455
04,eeg_post_ts,MovingVideo,10,116,62,0.5344827586206896,0.48335315101070153
04,eeg_post_ts,MovingVideo,30,36,18,0.5,0.5308641975308642
04,eeg_post_ts,MovingVideo,60,16,9,0.5625,0.59375
04,eeg_post_ts,NoVisuals,1,1192,665,0.5578859060402684,0.5901817485698841
04,eeg_post_ts,NoVisuals,2,596,350,0.587248322147651,0.6082158461330571
04,eeg_post_ts,NoVisuals,5,236,147,0.6228813559322034,0.6511060040218328
04,eeg_post_ts,NoVisuals,10,116,74,0.6379310344827587,0.7027348394768134
04,eeg_post_ts,NoVisuals,30,36,26,0.7222222222222222,0.7592592592592593
04,eeg_post_ts,NoVisuals,60,16,12,0.75,0.84375
04,eeg_ts,FixedVideo,1,1192,608,0.5100671140939598,0.5108441061213458
04,eeg_ts,FixedVideo,2,596,307,0.5151006711409396,0.4997297419035179
04,eeg_ts,FixedVideo,5,236,121,0.5127118644067796,0.4923872450445274
04,eeg_ts,FixedVideo,10,116,63,0.5431034482758621,0.5011890606420928
04,eeg_ts,FixedVideo,30,36,20,0.5555555555555556,0.5
04,eeg_ts,FixedVideo,60,16,10,0.625,0.59375
04,eeg_ts,MovingTargetNoise,1,1192,662,0.5553691275167785,0.5884982658438809
04,eeg_ts,MovingTargetNoise,2,596,318,0.5335570469798657,0.5829241926039367
04,eeg_ts,MovingTargetNoise,5,236,132,0.559322033898305,0.5758402757828209
04,eeg_ts,MovingTargetNoise,10,116,61,0.5258620689655172,0.5992865636147444
04,eeg_ts,MovingTargetNoise,30,36,18,0.5,0.6604938271604939
04,eeg_ts,MovingTargetNoise,60,16,9,0.5625,0.65625
04,eeg_ts,MovingVideo,1,1192,549,0.46057046979865773,0.4267319039682897
04,eeg_ts,MovingVideo,2,596,272,0.4563758389261745,0.4155668663573713
04,eeg_ts,MovingVideo,5,236,110,0.4661016949152542,0.4319161160586038
04,eeg_ts,MovingVideo,10,116,56,0.4827586206896552,0.42746730083234247
04,eeg_ts,MovingVideo,30,36,17,0.4722222222222222,0.46913580246913583
04,eeg_ts,MovingVideo,60,16,8,0.5,0.4375
04,eeg_ts,NoVisuals,1,1192,806,0.6761744966442953,0.7640252691320211
04,eeg_ts,NoVisuals,2,596,396,0.6644295302013423,0.720823386333949
04,eeg_ts,NoVisuals,5,236,155,0.6567796610169492,0.6827061189313415
04,eeg_ts,NoVisuals,10,116,76,0.6551724137931034,0.7253269916765754
04,eeg_ts,NoVisuals,30,36,26,0.7222222222222222,0.8148148148148149
04,eeg_ts,NoVisuals,60,16,14,0.875,0.8125
04,eog_ts,FixedVideo,1,1192,734,0.6157718120805369,0.644447322192694
04,eog_ts,FixedVideo,2,596,384,0.6442953020134228,0.6999009053646232
04,eog_ts,FixedVideo,5,236,174,0.7372881355932204,0.8266302786555587
04,eog_ts,FixedVideo,10,116,85,0.7327586206896551,0.8834720570749108
04,eog_ts,FixedVideo,30,36,29,0.8055555555555556,0.962962962962963
04,eog_ts,FixedVideo,60,16,13,0.8125,1.0
04,eog_ts,MovingTargetNoise,1,1192,718,0.6023489932885906,0.6377133912886808
04,eog_ts,MovingTargetNoise,2,596,365,0.6124161073825504,0.6541146795189405
04,eog_ts,MovingTargetNoise,5,236,149,0.6313559322033898,0.6733697213444412
04,eog_ts,MovingTargetNoise,10,116,74,0.6379310344827587,0.7063020214030915
04,eog_ts,MovingTargetNoise,30,36,25,0.6944444444444444,0.8271604938271605
04,eog_ts,MovingTargetNoise,60,16,12,0.75,0.9375
04,eog_ts,MovingVideo,1,1192,519,0.4354026845637584,0.41085424079996397
04,eog_ts,MovingVideo,2,596,265,0.4446308724832215,0.4144182694473222
04,eog_ts,MovingVideo,5,236,108,0.4576271186440678,0.43521976443550703
04,eog_ts,MovingVideo,10,116,51,0.4396551724137931,0.41854934601664695
04,eog_ts,MovingVideo,30,36,16,0.4444444444444444,0.345679012345679
04,eog_ts,MovingVideo,60,16,7,0.4375,0.34375
04,eog_ts,NoVisuals,1,1192,590,0.4949664429530201,0.43834737174001165
04,eog_ts,NoVisuals,2,596,296,0.4966442953020134,0.4547768118553218
04,eog_ts,NoVisuals,5,236,129,0.5466101694915254,0.5139327779373744
04,eog_ts,NoVisuals,10,116,62,0.5344827586206896,0.5142687277051129
04,eog_ts,NoVisuals,30,36,18,0.5,0.4814814814814815
04,eog_ts,NoVisuals,60,16,7,0.4375,0.53125
04,gazectrl_csp,FixedVideo,1,1192,590,0.4949664429530201,0.48748367190667086
04,gazectrl_csp,FixedVideo,2,596,289,0.4848993288590604,0.4746633034547993
04,gazectrl_csp,FixedVideo,5,236,108,0.4576271186440678,0.4484343579431198
04,gazectrl_csp,FixedVideo,10,116,52,0.4482758620689655,0.40309155766944116
04,gazectrl_csp,FixedVideo,30,36,16,0.4444444444444444,0.40740740740740744
04,gazectrl_csp,FixedVideo,60,16,6,0.375,0.28125
04,gazectrl_csp,MovingTargetNoise,1,1192,574,0.4815436241610738,0.4562801225170037
04,gazectrl_csp,MovingTargetNoise,2,596,282,0.47315436241610737,0.4413539930633755
04,gazectrl_csp,MovingTargetNoise,5,236,110,0.4661016949152542,0.4020396437805228
04,gazectrl_csp,MovingTargetNoise,10,116,54,0.46551724137931033,0.3561236623067776
04,gazectrl_csp,MovingTargetNoise,30,36,16,0.4444444444444444,0.29012345679012347
04,gazectrl_csp,MovingTargetNoise,60,16,6,0.375,0.1875
04,gazectrl_csp,MovingVideo,1,1192,587,0.4924496644295302,0.5011992703031396
04,gazectrl_csp,MovingVideo,2,596,307,0.5151006711409396,0.5237601909823881
04,gazectrl_csp,MovingVideo,5,236,117,0.4957627118644068,0.5083309393852341
04,gazectrl_csp,MovingVideo,10,116,59,0.5086206896551724,0.5130796670630202
04,gazectrl_csp,MovingVideo,30,36,19,0.5277777777777778,0.5432098765432098
04,gazectrl_csp,MovingVideo,60,16,10,0.625,0.4375
04,gazectrl_csp,NoVisuals,1,1192,635,0.5327181208053692,0.5227579838746004
04,gazectrl_csp,NoVisuals,2,596,321,0.5385906040268457,0.5303364713301202
04,gazectrl_csp,NoVisuals,5,236,123,0.5211864406779662,0.5461074403906923
04,gazectrl_csp,NoVisuals,10,116,65,0.5603448275862069,0.5422116527942925
04,gazectrl_csp,NoVisuals,30,36,17,0.4722222222222222,0.4876543209876543
04,gazectrl_csp,NoVisuals,60,16,8,0.5,0.53125
04,gazectrl_ts,FixedVideo,1,1192,614,0.5151006711409396,0.5128203684518715
04,gazectrl_ts,FixedVideo,2,596,292,0.4899328859060403,0.5018017206432143
04,gazectrl_ts,FixedVideo,5,236,115,0.4872881355932203,0.48534903763286413
04,gazectrl_ts,FixedVideo,10,116,58,0.5,0.4976218787158145
04,gazectrl_ts,FixedVideo,30,36,20,0.5555555555555556,0.5246913580246914
04,gazectrl_ts,FixedVideo,60,16,9,0.5625,0.5625
04,gazectrl_ts,MovingTargetNoise,1,1192,598,0.5016778523489933,0.5081753074185847
04,gazectrl_ts,MovingTargetNoise,2,596,301,0.5050335570469798,0.49817575784874557
04,gazectrl_ts,MovingTargetNoise,5,236,112,0.4745762711864407,0.47572536627405915
04,gazectrl_ts,MovingTargetNoise,10,116,59,0.5086206896551724,0.46670630202140306
04,gazectrl_ts,MovingTargetNoise,30,36,15,0.4166666666666667,0.42592592592592593
04,gazectrl_ts,MovingTargetNoise,60,16,8,0.5,0.46875
04,gazectrl_ts,MovingVideo,1,1192,599,0.50251677852349,0.5179777937930724
04,gazectrl_ts,MovingVideo,2,596,306,0.5134228187919463,0.5314850682401694
04,gazectrl_ts,MovingVideo,5,236,139,0.5889830508474576,0.6110313128411375
04,gazectrl_ts,MovingVideo,10,116,68,0.5862068965517241,0.6266349583828776
04,gazectrl_ts,MovingVideo,30,36,24,0.6666666666666666,0.7345679012345679
04,gazectrl_ts,MovingVideo,60,16,12,0.75,0.6875
04,gazectrl_ts,NoVisuals,1,1192,603,0.5058724832214765,0.5183775505607856
04,gazectrl_ts,NoVisuals,2,596,309,0.5184563758389261,0.5375883969190578
04,gazectrl_ts,NoVisuals,5,236,129,0.5466101694915254,0.5700948003447285
04,gazectrl_ts,NoVisuals,10,116,62,0.5344827586206896,0.5790725326991676
04,gazectrl_ts,NoVisuals,30,36,20,0.5555555555555556,0.5740740740740741
04,gazectrl_ts,NoVisuals,60,16,8,0.5,0.5625
07,eeg_alpha_ts,FixedVideo,1,1192,616,0.5167785234899329,0.5168517183910635
07,eeg_alpha_ts,FixedVideo,2,596,313,0.5251677852348994,0.5277690194135398
07,eeg_alpha_ts,FixedVideo,5,236,113,0.4788135593220339,0.5270037345590347
07,eeg_alpha_ts,FixedVideo,10,116,61,0.5258620689655172,0.5279429250891796
07,eeg_alpha_ts,FixedVideo,30,36,18,0.5,0.5370370370370371
07,eeg_alpha_ts,FixedVideo,60,16,9,0.5625,0.5
07,eeg_alpha_ts,MovingTargetNoise,1,1192,593,0.4974832214765101,0.5023028241971083
07,eeg_alpha_ts,MovingTargetNoise,2,596,290,0.4865771812080537,0.48725282644925905
07,eeg_alpha_ts,MovingTargetNoise,5,236,120,0.5084745762711864,0.48506176386095945
07,eeg_alpha_ts,MovingTargetNoise,10,116,51,0.4396551724137931,0.45303210463733656
07,eeg_alpha_ts,MovingTargetNoise,30,36,16,0.4444444444444444,0.4814814814814815
07,eeg_alpha_ts,MovingTargetNoise,60,16,9,0.5625,0.46875
07,eeg_alpha_ts,MovingVideo,1,1192,612,0.5134228187919463,0.5170487815864151
07,eeg_alpha_ts,MovingVideo,2,596,291,0.48825503355704697,0.521710733750732
07,eeg_alpha_ts,MovingVideo,5,236,124,0.5254237288135594,0.5541511060040218
07,eeg_alpha_ts,MovingVideo,10,116,63,0.5431034482758621,0.5642092746730083
07,eeg_alpha_ts,MovingVideo,30,36,19,0.5277777777777778,0.5802469135802469
07,eeg_alpha_ts,MovingVideo,60,16,10,0.625,0.65625
07,eeg_alpha_ts,NoVisuals,1,1192,583,0.4890939597315436,0.48316517273996673
07,eeg_alpha_ts,NoVisuals,2,596,283,0.4748322147651007,0.46011440926084407
07,eeg_alpha_ts,NoVisuals,5,236,111,0.4703389830508475,0.46969261706406207
07,eeg_alpha_ts,NoVisuals,10,116,53,0.45689655172413796,0.48216409036860874
07,eeg_alpha_ts,NoVisuals,30,36,17,0.4722222222222222,0.4876543209876543
07,eeg_alpha_ts,NoVisuals,60,16,7,0.4375,0.5
07,eeg_csp,FixedVideo,1,1192,458,0.38422818791946306,0.1891637764064682
07,eeg_csp,FixedVideo,2,596,240,0.40268456375838924,0.15834872303049413
07,eeg_csp,FixedVideo,5,236,96,0.4067796610169492,0.14263142775064638
07,eeg_csp,FixedVideo,10,116,47,0.4051724137931034,0.11533888228299644
07,eeg_csp,FixedVideo,30,36,15,0.4166666666666667,0.055555555555555566
07,eeg_csp,FixedVideo,60,16,6,0.375,0.03125
07,eeg_csp,MovingTargetNoise,1,1192,578,0.4848993288590604,0.4894880861222467
07,eeg_csp,MovingTargetNoise,2,596,261,0.43791946308724833,0.45707400567542
07,eeg_csp,MovingTargetNoise,5,236,108,0.4576271186440678,0.4589198506176386
07,eeg_csp,MovingTargetNoise,10,116,49,0.4224137931034483,0.46135552913198563
07,eeg_csp,MovingTargetNoise,30,36,13,0.3611111111111111,0.4320987654320988
07,eeg_csp,MovingTargetNoise,60,16,5,0.3125,0.53125
07,eeg_csp,MovingVideo,1,1192,631,0.5293624161073825,0.5044536282149453
07,eeg_csp,MovingVideo,2,596,306,0.5134228187919463,0.5160127922165668
07,eeg_csp,MovingVideo,5,236,126,0.5338983050847458,0.5120654984199943
07,eeg_csp,MovingVideo,10,116,69,0.5948275862068966,0.5017835909631392
07,eeg_csp,MovingVideo,30,36,21,0.5833333333333334,0.4876543209876543
07,eeg_csp,MovingVideo,60,16,9,0.5625,0.5
07,eeg_csp,NoVisuals,1,1192,439,0.36828859060402686,0.30522273771451736
07,eeg_csp,NoVisuals,2,596,207,0.34731543624161076,0.29363542182784563
07,eeg_csp,NoVisuals,5,236,63,0.2669491525423729,0.21918988796322894
07,eeg_csp,NoVisuals,10,116,22,0.1896551724137931,0.1652794292508918
07,eeg_csp,NoVisuals,30,36,7,0.19444444444444445,0.11728395061728397
07,eeg_csp,NoVisuals,60,16,1,0.0625,0.0
07,eeg_eogreg_ts,FixedVideo,1,1192,516,0.43288590604026844,0.35151006711409394
07,eeg_eogreg_ts,FixedVideo,2,596,256,0.42953020134228187,0.34894824557452364
07,eeg_eogreg_ts,FixedVideo,5,236,102,0.4322033898305085,0.34961218040792874
07,eeg_eogreg_ts,FixedVideo,10,116,50,0.43103448275862066,0.32520808561236625
07,eeg_eogreg_ts,FixedVideo,30,36,17,0.4722222222222222,0.20987654320987653
07,eeg_eogreg_ts,FixedVideo,60,16,6,0.375,0.21875
07,eeg_eogreg_ts,MovingTargetNoise,1,1192,580,0.4865771812080537,0.4860591865231296
07,eeg_eogreg_ts,MovingTargetNoise,2,596,280,0.4697986577181208,0.43635421827845594
07,eeg_eogreg_ts,MovingTargetNoise,5,236,101,0.4279661016949153,0.38063774777362824
07,eeg_eogreg_ts,MovingTargetNoise,10,116,50,0.43103448275862066,0.35434007134363854
07,eeg_eogreg_ts,MovingTargetNoise,30,36,15,0.4166666666666667,0.31481481481481477
07,eeg_eogreg_ts,MovingTargetNoise,60,16,7,0.4375,0.3125
07,eeg_eogreg_ts,MovingVideo,1,1192,608,0.5100671140939598,0.4861267510472501
07,eeg_eogreg_ts,MovingVideo,2,596,297,0.4983221476510067,0.48277104634926354
07,eeg_eogreg_ts,MovingVideo,5,236,110,0.4661016949152542,0.4915254237288136
07,eeg_eogreg_ts,MovingVideo,10,116,56,0.4827586206896552,0.4994054696789536
07,eeg_eogreg_ts,MovingVideo,30,36,16,0.4444444444444444,0.5123456790123456
07,eeg_eogreg_ts,MovingVideo,60,16,9,0.5625,0.5
07,eeg_eogreg_ts,NoVisuals,1,1192,488,0.40939597315436244,0.36649250033782266
07,eeg_eogreg_ts,NoVisuals,2,596,261,0.43791946308724833,0.36390252691320213
07,eeg_eogreg_ts,NoVisuals,5,236,98,0.4152542372881356,0.3577994829072106
07,eeg_eogreg_ts,NoVisuals,10,116,44,0.3793103448275862,0.3091557669441142
07,eeg_eogreg_ts,NoVisuals,30,36,15,0.4166666666666667,0.24074074074074073
07,eeg_eogreg_ts,NoVisuals,60,16,6,0.375,0.0
07,eeg_post_ts,FixedVideo,1,1192,612,0.5134228187919463,0.497218593757038
07,eeg_post_ts,FixedVideo,2,596,299,0.5016778523489933,0.5072294040808973
07,eeg_post_ts,FixedVideo,5,236,119,0.5042372881355932,0.5270037345590347
07,eeg_post_ts,FixedVideo,10,116,62,0.5344827586206896,0.5315101070154578
07,eeg_post_ts,FixedVideo,30,36,23,0.6388888888888888,0.5925925925925926
07,eeg_post_ts,FixedVideo,60,16,10,0.625,0.65625
07,eeg_post_ts,MovingTargetNoise,1,1192,685,0.5746644295302014,0.6098711769740102
07,eeg_post_ts,MovingTargetNoise,2,596,333,0.5587248322147651,0.5975406513220125
07,eeg_post_ts,MovingTargetNoise,5,236,127,0.538135593220339,0.5466819879345015
07,eeg_post_ts,MovingTargetNoise,10,116,63,0.5431034482758621,0.5546967895362663
07,eeg_post_ts,MovingTargetNoise,30,36,21,0.5833333333333334,0.5493827160493827
07,eeg_post_ts,MovingTargetNoise,60,16,10,0.625,0.625
07,eeg_post_ts,MovingVideo,1,1192,690,0.5788590604026845,0.6212895815503806
07,eeg_post_ts,MovingVideo,2,596,350,0.587248322147651,0.6419981081933246
07,eeg_post_ts,MovingVideo,5,236,152,0.6440677966101694,0.6896006894570526
07,eeg_post_ts,MovingVideo,10,116,82,0.7068965517241379,0.7354340071343639
07,eeg_post_ts,MovingVideo,30,36,23,0.6388888888888888,0.7901234567901235
07,eeg_post_ts,MovingVideo,60,16,12,0.75,0.875
07,eeg_post_ts,NoVisuals,1,1192,594,0.4983221476510067,0.5224032701229674
07,eeg_post_ts,NoVisuals,2,596,310,0.5201342281879194,0.5131525606954642
07,eeg_post_ts,NoVisuals,5,236,124,0.5254237288135594,0.5359092214880781
07,eeg_post_ts,NoVisuals,10,116,61,0.5258620689655172,0.5517241379310345
07,eeg_post_ts,NoVisuals,30,36,18,0.5,0.6111111111111112
07,eeg_post_ts,NoVisuals,60,16,8,0.5,0.625
07,eeg_ts,FixedVideo,1,1192,512,0.42953020134228187,0.36884036755101124
07,eeg_ts,FixedVideo,2,596,259,0.43456375838926176,0.3822800774739876
07,eeg_ts,FixedVideo,5,236,111,0.4703389830508475,0.4224360815857512
07,eeg_ts,FixedVideo,10,116,52,0.4482758620689655,0.41854934601664684
07,eeg_ts,FixedVideo,30,36,19,0.5277777777777778,0.38888888888888895
07,eeg_ts,FixedVideo,60,16,7,0.4375,0.28125
07,eeg_ts,MovingTargetNoise,1,1192,603,0.5058724832214765,0.5055684428629341
07,eeg_ts,MovingTargetNoise,2,596,289,0.4848993288590604,0.45788477996486643
07,eeg_ts,MovingTargetNoise,5,236,105,0.4449152542372881,0.4235851766733697
07,eeg_ts,MovingTargetNoise,10,116,55,0.47413793103448276,0.3864447086801427
07,eeg_ts,MovingTargetNoise,30,36,19,0.5277777777777778,0.4444444444444444
07,eeg_ts,MovingTargetNoise,60,16,8,0.5,0.46875
07,eeg_ts,MovingVideo,1,1192,603,0.5058724832214765,0.4970046394306563
07,eeg_ts,MovingVideo,2,596,291,0.48825503355704697,0.49846853745326786
07,eeg_ts,MovingVideo,5,236,114,0.4830508474576271,0.5191037058316575
07,eeg_ts,MovingVideo,10,116,59,0.5086206896551724,0.5445897740784781
07,eeg_ts,MovingVideo,30,36,16,0.4444444444444444,0.5617283950617284
07,eeg_ts,MovingVideo,60,16,9,0.5625,0.59375
07,eeg_ts,NoVisuals,1,1192,487,0.4085570469798658,0.3715147966307824
07,eeg_ts,NoVisuals,2,596,252,0.4228187919463087,0.3561776496554209
07,eeg_ts,NoVisuals,5,236,97,0.4110169491525424,0.34487216317150243
07,eeg_ts,NoVisuals,10,116,47,0.4051724137931034,0.28240190249702735
07,eeg_ts,NoVisuals,30,36,14,0.3888888888888889,0.20987654320987653
07,eeg_ts,NoVisuals,60,16,7,0.4375,0.0
07,eog_ts,FixedVideo,1,1192,562,0.4714765100671141,0.450886221341381
07,eog_ts,FixedVideo,2,596,316,0.5302013422818792,0.5139408134768704
07,eog_ts,FixedVideo,5,236,154,0.652542372881356,0.6680551565642057
07,eog_ts,FixedVideo,10,116,77,0.6637931034482759,0.7318668252080855
07,eog_ts,FixedVideo,30,36,25,0.6944444444444444,0.7901234567901235
07,eog_ts,FixedVideo,60,16,10,0.625,0.78125
07,eog_ts,MovingTargetNoise,1,1192,638,0.535234899328859,0.5437761812530968
07,eog_ts,MovingTargetNoise,2,596,325,0.5453020134228188,0.5608305932165218
07,eog_ts,MovingTargetNoise,5,236,144,0.6101694915254238,0.5982476299913817
07,eog_ts,MovingTargetNoise,10,116,68,0.5862068965517241,0.6403091557669441
07,eog_ts,MovingTargetNoise,30,36,26,0.7222222222222222,0.7469135802469136
07,eog_ts,MovingTargetNoise,60,16,11,0.6875,0.6875
07,eog_ts,MovingVideo,1,1192,646,0.5419463087248322,0.5616188459979281
07,eog_ts,MovingVideo,2,596,331,0.5553691275167785,0.5879690104049367
07,eog_ts,MovingVideo,5,236,135,0.5720338983050848,0.6245331801206551
07,eog_ts,MovingVideo,10,116,67,0.5775862068965517,0.6444708680142688
07,eog_ts,MovingVideo,30,36,25,0.6944444444444444,0.7654320987654322
07,eog_ts,MovingVideo,60,16,13,0.8125,0.875
07,eog_ts,NoVisuals,1,1192,585,0.49077181208053694,0.4965204270077925
07,eog_ts,NoVisuals,2,596,290,0.4865771812080537,0.49632899418945087
07,eog_ts,NoVisuals,5,236,114,0.4830508474576271,0.5021545532892847
07,eog_ts,NoVisuals,10,116,58,0.5,0.5041617122473245
07,eog_ts,NoVisuals,30,36,20,0.5555555555555556,0.5679012345679012
07,eog_ts,NoVisuals,60,16,11,0.6875,0.625
07,gazectrl_csp,FixedVideo,1,1192,633,0.5310402684563759,0.5232309355434439
07,gazectrl_csp,FixedVideo,2,596,309,0.5184563758389261,0.5273411107607766
07,gazectrl_csp,FixedVideo,5,236,128,0.5423728813559322,0.5336110313128412
07,gazectrl_csp,FixedVideo,10,116,67,0.5775862068965517,0.5600475624256838
07,gazectrl_csp,FixedVideo,30,36,19,0.5277777777777778,0.6049382716049383
07,gazectrl_csp,FixedVideo,60,16,8,0.5,0.5625
07,gazectrl_csp,MovingTargetNoise,1,1192,604,0.5067114093959731,0.5096673573262467
07,gazectrl_csp,MovingTargetNoise,2,596,300,0.5033557046979866,0.5199765776316382
07,gazectrl_csp,MovingTargetNoise,5,236,123,0.5211864406779662,0.5563056592933066
07,gazectrl_csp,MovingTargetNoise,10,116,62,0.5344827586206896,0.598692033293698
07,gazectrl_csp,MovingTargetNoise,30,36,20,0.5555555555555556,0.6419753086419754
07,gazectrl_csp,MovingTargetNoise,60,16,8,0.5,0.75
07,gazectrl_csp,MovingVideo,1,1192,610,0.511744966442953,0.5373237691995856
07,gazectrl_csp,MovingVideo,2,596,308,0.5167785234899329,0.53788117652358
07,gazectrl_csp,MovingVideo,5,236,120,0.5084745762711864,0.5494110887675955
07,gazectrl_csp,MovingVideo,10,116,60,0.5172413793103449,0.5648038049940547
07,gazectrl_csp,MovingVideo,30,36,18,0.5,0.5987654320987654
07,gazectrl_csp,MovingVideo,60,16,8,0.5,0.6875
07,gazectrl_csp,NoVisuals,1,1192,598,0.5016778523489933,0.49438651412098555
07,gazectrl_csp,NoVisuals,2,596,287,0.4815436241610738,0.48020359443268323
07,gazectrl_csp,NoVisuals,5,236,108,0.4576271186440678,0.4679689744326343
07,gazectrl_csp,NoVisuals,10,116,58,0.5,0.45422116527942924
07,gazectrl_csp,NoVisuals,30,36,19,0.5277777777777778,0.47530864197530864
07,gazectrl_csp,NoVisuals,60,16,7,0.4375,0.40625
07,gazectrl_ts,FixedVideo,1,1192,634,0.5318791946308725,0.5444180442322418
07,gazectrl_ts,FixedVideo,2,596,315,0.5285234899328859,0.5470023872798522
07,gazectrl_ts,FixedVideo,5,236,132,0.559322033898305,0.5886239586325768
07,gazectrl_ts,FixedVideo,10,116,66,0.5689655172413793,0.6159334126040428
07,gazectrl_ts,FixedVideo,30,36,19,0.5277777777777778,0.6913580246913581
07,gazectrl_ts,FixedVideo,60,16,11,0.6875,0.65625
07,gazectrl_ts,MovingTargetNoise,1,1192,614,0.5151006711409396,0.5085018692851674
07,gazectrl_ts,MovingTargetNoise,2,596,297,0.4983221476510067,0.4906986171794063
07,gazectrl_ts,MovingTargetNoise,5,236,122,0.5169491525423728,0.5001436368859523
07,gazectrl_ts,MovingTargetNoise,10,116,63,0.5431034482758621,0.523781212841855
07,gazectrl_ts,MovingTargetNoise,30,36,21,0.5833333333333334,0.5246913580246914
07,gazectrl_ts,MovingTargetNoise,60,16,9,0.5625,0.53125
07,gazectrl_ts,MovingVideo,1,1192,613,0.514261744966443,0.5329940092788613
07,gazectrl_ts,MovingVideo,2,596,308,0.5167785234899329,0.5124093509301383
07,gazectrl_ts,MovingVideo,5,236,125,0.5296610169491526,0.5542947428899742
07,gazectrl_ts,MovingVideo,10,116,65,0.5603448275862069,0.5933412604042805
07,gazectrl_ts,MovingVideo,30,36,24,0.6666666666666666,0.6975308641975309
07,gazectrl_ts,MovingVideo,60,16,9,0.5625,0.84375
07,gazectrl_ts,NoVisuals,1,1192,578,0.4848993288590604,0.4812846268186118
07,gazectrl_ts,NoVisuals,2,596,270,0.45302013422818793,0.4473672357101031
07,gazectrl_ts,NoVisuals,5,236,111,0.4703389830508475,0.46854352197644356
07,gazectrl_ts,NoVisuals,10,116,49,0.4224137931034483,0.4518430439952438
07,gazectrl_ts,NoVisuals,30,36,12,0.3333333333333333,0.41358024691358025
07,gazectrl_ts,NoVisuals,60,16,5,0.3125,0.34375
08,eeg_alpha_ts,FixedVideo,1,1192,593,0.4974832214765101,0.5148078915364173
08,eeg_alpha_ts,FixedVideo,2,596,294,0.49328859060402686,0.4870951758929778
08,eeg_alpha_ts,FixedVideo,5,236,110,0.4661016949152542,0.4661016949152542
08,eeg_alpha_ts,FixedVideo,10,116,57,0.49137931034482757,0.4726516052318668
08,eeg_alpha_ts,FixedVideo,30,36,16,0.4444444444444444,0.4135802469135802
08,eeg_alpha_ts,FixedVideo,60,16,7,0.4375,0.34375
08,eeg_alpha_ts,MovingTargetNoise,1,1192,576,0.48322147651006714,0.47835683077338864
08,eeg_alpha_ts,MovingTargetNoise,2,596,300,0.5033557046979866,0.4799108148281609
08,eeg_alpha_ts,MovingTargetNoise,5,236,116,0.4915254237288136,0.4607871301350187
08,eeg_alpha_ts,MovingTargetNoise,10,116,51,0.4396551724137931,0.45778834720570755
08,eeg_alpha_ts,MovingTargetNoise,30,36,17,0.4722222222222222,0.43827160493827155
08,eeg_alpha_ts,MovingTargetNoise,60,16,6,0.375,0.3125
08,eeg_alpha_ts,MovingVideo,1,1192,582,0.48825503355704697,0.4961037791090492
08,eeg_alpha_ts,MovingVideo,2,596,284,0.47651006711409394,0.4619611729201388
08,eeg_alpha_ts,MovingVideo,5,236,107,0.4533898305084746,0.46581442114334964
08,eeg_alpha_ts,MovingVideo,10,116,51,0.4396551724137931,0.4268727705112961
08,eeg_alpha_ts,MovingVideo,30,36,14,0.3888888888888889,0.4444444444444444
08,eeg_alpha_ts,MovingVideo,60,16,5,0.3125,0.34375
08,eeg_alpha_ts,NoVisuals,1,1192,585,0.49077181208053694,0.4827654159722535
08,eeg_alpha_ts,NoVisuals,2,596,290,0.4865771812080537,0.47045178145128597
08,eeg_alpha_ts,NoVisuals,5,236,111,0.4703389830508475,0.45188164320597524
08,eeg_alpha_ts,NoVisuals,10,116,54,0.46551724137931033,0.44470868014268733
08,eeg_alpha_ts,NoVisuals,30,36,18,0.5,0.3950617283950617
08,eeg_alpha_ts,NoVisuals,60,16,7,0.4375,0.3125
08,eeg_csp,FixedVideo,1,1192,769,0.6451342281879194,0.6928404125940273
08,eeg_csp,FixedVideo,2,596,385,0.6459731543624161,0.6891356245214179
08,eeg_csp,FixedVideo,5,236,163,0.690677966101695,0.7701809824763
08,eeg_csp,FixedVideo,10,116,81,0.6982758620689655,0.7931034482758621
08,eeg_csp,FixedVideo,30,36,28,0.7777777777777778,0.8703703703703703
08,eeg_csp,FixedVideo,60,16,14,0.875,0.90625
08,eeg_csp,MovingTargetNoise,1,1192,622,0.5218120805369127,0.5319129768929327
08,eeg_csp,MovingTargetNoise,2,596,300,0.5033557046979866,0.4967569028422143
08,eeg_csp,MovingTargetNoise,5,236,126,0.5338983050847458,0.5089054869290434
08,eeg_csp,MovingTargetNoise,10,116,67,0.5775862068965517,0.5059453032104637
08,eeg_csp,MovingTargetNoise,30,36,21,0.5833333333333334,0.4876543209876543
08,eeg_csp,MovingTargetNoise,60,16,9,0.5625,0.5625
08,eeg_csp,MovingVideo,1,1192,608,0.5100671140939598,0.5323634070537363
08,eeg_csp,MovingVideo,2,596,301,0.5050335570469798,0.500630602225125
08,eeg_csp,MovingVideo,5,236,108,0.4576271186440678,0.44355070382074113
08,eeg_csp,MovingVideo,10,116,54,0.46551724137931033,0.46730083234244946
08,eeg_csp,MovingVideo,30,36,20,0.5555555555555556,0.47530864197530864
08,eeg_csp,MovingVideo,60,16,10,0.625,0.625
08,eeg_csp,NoVisuals,1,1192,665,0.5578859060402684,0.5857393811089591
08,eeg_csp,NoVisuals,2,596,326,0.5469798657718121,0.6244313319219854
08,eeg_csp,NoVisuals,5,236,127,0.538135593220339,0.6035621947716173
08,eeg_csp,NoVisuals,10,116,69,0.5948275862068966,0.6313912009512486
08,eeg_csp,NoVisuals,30,36,19,0.5277777777777778,0.6234567901234568
08,eeg_csp,NoVisuals,60,16,8,0.5,0.65625
08,eeg_eogreg_ts,FixedVideo,1,1192,739,0.6199664429530202,0.6542498085671817
08,eeg_eogreg_ts,FixedVideo,2,596,383,0.6426174496644296,0.6760281068420341
08,eeg_eogreg_ts,FixedVideo,5,236,150,0.635593220338983,0.7133007756391841
08,eeg_eogreg_ts,FixedVideo,10,116,76,0.6551724137931034,0.7633769322235434
08,eeg_eogreg_ts,FixedVideo,30,36,29,0.8055555555555556,0.9074074074074074
08,eeg_eogreg_ts,FixedVideo,60,16,13,0.8125,0.96875
08,eeg_eogreg_ts,MovingTargetNoise,1,1192,594,0.4983221476510067,0.49335052475113733
08,eeg_eogreg_ts,MovingTargetNoise,2,596,301,0.5050335570469798,0.5032205756497454
08,eeg_eogreg_ts,MovingTargetNoise,5,236,116,0.4915254237288136,0.5136455041654697
08,eeg_eogreg_ts,MovingTargetNoise,10,116,59,0.5086206896551724,0.5332936979785969
08,eeg_eogreg_ts,MovingTargetNoise,30,36,20,0.5555555555555556,0.5123456790123457
08,eeg_eogreg_ts,MovingTargetNoise,60,16,7,0.4375,0.59375
08,eeg_eogreg_ts,MovingVideo,1,1192,692,0.5805369127516778,0.6320942750326561
08,eeg_eogreg_ts,MovingVideo,2,596,350,0.587248322147651,0.6315706499707221
08,eeg_eogreg_ts,MovingVideo,5,236,145,0.614406779661017,0.6403332375754094
08,eeg_eogreg_ts,MovingVideo,10,116,75,0.646551724137931,0.6860879904875148
08,eeg_eogreg_ts,MovingVideo,30,36,24,0.6666666666666666,0.8333333333333334
08,eeg_eogreg_ts,MovingVideo,60,16,15,0.9375,0.96875
08,eeg_eogreg_ts,NoVisuals,1,1192,715,0.5998322147651006,0.6695419125264628
08,eeg_eogreg_ts,NoVisuals,2,596,369,0.6191275167785235,0.7066573577766766
08,eeg_eogreg_ts,NoVisuals,5,236,160,0.6779661016949152,0.7572536627405917
08,eeg_eogreg_ts,NoVisuals,10,116,83,0.7155172413793104,0.8430439952437574
08,eeg_eogreg_ts,NoVisuals,30,36,30,0.8333333333333334,0.9567901234567902
08,eeg_eogreg_ts,NoVisuals,60,16,14,0.875,1.0
08,eeg_post_ts,FixedVideo,1,1192,691,0.5796979865771812,0.6209911715688483
08,eeg_post_ts,FixedVideo,2,596,358,0.6006711409395973,0.6369758119003648
08,eeg_post_ts,FixedVideo,5,236,143,0.6059322033898306,0.6552714737144498
08,eeg_post_ts,FixedVideo,10,116,77,0.6637931034482759,0.7080856123662307
08,eeg_post_ts,FixedVideo,30,36,28,0.7777777777777778,0.8827160493827161
08,eeg_post_ts,FixedVideo,60,16,13,0.8125,0.9375
08,eeg_post_ts,MovingTargetNoise,1,1192,688,0.5771812080536913,0.6007837484797982
08,eeg_post_ts,MovingTargetNoise,2,596,332,0.5570469798657718,0.5928336561416152
08,eeg_post_ts,MovingTargetNoise,5,236,136,0.576271186440678,0.5870439528871014
08,eeg_post_ts,MovingTargetNoise,10,116,71,0.6120689655172413,0.5945303210463734
08,eeg_post_ts,MovingTargetNoise,30,36,21,0.5833333333333334,0.6234567901234568
08,eeg_post_ts,MovingTargetNoise,60,16,10,0.625,0.6875
08,eeg_post_ts,MovingVideo,1,1192,703,0.589765100671141,0.6339354083149409
08,eeg_post_ts,MovingVideo,2,596,345,0.5788590604026845,0.6451060763028693
08,eeg_post_ts,MovingVideo,5,236,148,0.6271186440677966,0.6809824762999137
08,eeg_post_ts,MovingVideo,10,116,80,0.6896551724137931,0.7360285374554102
08,eeg_post_ts,MovingVideo,30,36,29,0.8055555555555556,0.8518518518518519
08,eeg_post_ts,MovingVideo,60,16,14,0.875,0.875
08,eeg_post_ts,NoVisuals,1,1192,653,0.5478187919463087,0.5984302508895996
08,eeg_post_ts,NoVisuals,2,596,354,0.5939597315436241,0.625512364307914
08,eeg_post_ts,NoVisuals,5,236,157,0.6652542372881356,0.7226371732260845
08,eeg_post_ts,NoVisuals,10,116,82,0.7068965517241379,0.793103448275862
08,eeg_post_ts,NoVisuals,30,36,29,0.8055555555555556,0.9074074074074074
08,eeg_post_ts,NoVisuals,60,16,16,1.0,1.0
08,eeg_ts,FixedVideo,1,1192,722,0.6057046979865772,0.6473920093689474
08,eeg_ts,FixedVideo,2,596,379,0.6359060402684564,0.6655330840953109
08,eeg_ts,FixedVideo,5,236,151,0.6398305084745762,0.6944843435794312
08,eeg_ts,FixedVideo,10,116,75,0.646551724137931,0.7384066587395957
08,eeg_ts,FixedVideo,30,36,29,0.8055555555555556,0.8888888888888888
08,eeg_ts,FixedVideo,60,16,12,0.75,0.96875
08,eeg_ts,MovingTargetNoise,1,1192,583,0.4890939597315436,0.49961713436331695
08,eeg_ts,MovingTargetNoise,2,596,303,0.5083892617449665,0.5175892977793793
08,eeg_ts,MovingTargetNoise,5,236,136,0.576271186440678,0.5318873886814134
08,eeg_ts,MovingTargetNoise,10,116,62,0.5344827586206896,0.5564803804994055
08,eeg_ts,MovingTargetNoise,30,36,18,0.5,0.5
08,eeg_ts,MovingTargetNoise,60,16,9,0.5625,0.59375
08,eeg_ts,MovingVideo,1,1192,674,0.5654362416107382,0.6079005450204946
08,eeg_ts,MovingVideo,2,596,343,0.575503355704698,0.6063465609657223
08,eeg_ts,MovingVideo,5,236,141,0.597457627118644,0.6077276644642344
08,eeg_ts,MovingVideo,10,116,68,0.5862068965517241,0.6373365041617123
08,eeg_ts,MovingVideo,30,36,25,0.6944444444444444,0.7407407407407407
08,eeg_ts,MovingVideo,60,16,12,0.75,0.84375
08,eeg_ts,NoVisuals,1,1192,679,0.5696308724832215,0.6043928201432369
08,eeg_ts,NoVisuals,2,596,347,0.5822147651006712,0.6316382144948425
08,eeg_ts,NoVisuals,5,236,146,0.6186440677966102,0.6476587187589773
08,eeg_ts,NoVisuals,10,116,73,0.6293103448275862,0.6890606420927468
08,eeg_ts,NoVisuals,30,36,28,0.7777777777777778,0.845679012345679
08,eeg_ts,NoVisuals,60,16,12,0.75,0.78125
08,eog_ts,FixedVideo,1,1192,514,0.4312080536912752,0.4061472456195667
08,eog_ts,FixedVideo,2,596,273,0.45805369127516776,0.4184721408945543
08,eog_ts,FixedVideo,5,236,101,0.4279661016949153,0.40218328066647513
08,eog_ts,FixedVideo,10,116,47,0.4051724137931034,0.37277051129607613
08,eog_ts,FixedVideo,30,36,15,0.4166666666666667,0.37037037037037035
08,eog_ts,FixedVideo,60,16,8,0.5,0.375
08,eog_ts,MovingTargetNoise,1,1192,487,0.4085570469798658,0.36862078284761945
08,eog_ts,MovingTargetNoise,2,596,241,0.40436241610738255,0.37478041529660827
08,eog_ts,MovingTargetNoise,5,236,97,0.4110169491525424,0.3664176960643494
08,eog_ts,MovingTargetNoise,10,116,36,0.3103448275862069,0.3145065398335315
08,eog_ts,MovingTargetNoise,30,36,8,0.2222222222222222,0.2160493827160494
08,eog_ts,MovingTargetNoise,60,16,4,0.25,0.21875
08,eog_ts,MovingVideo,1,1192,506,0.42449664429530204,0.36948786090716634
08,eog_ts,MovingVideo,2,596,238,0.39932885906040266,0.358204585379037
08,eog_ts,MovingVideo,5,236,105,0.4449152542372881,0.4010341855788567
08,eog_ts,MovingVideo,10,116,44,0.3793103448275862,0.3686087990487515
08,eog_ts,MovingVideo,30,36,12,0.3333333333333333,0.2160493827160494
08,eog_ts,MovingVideo,60,16,4,0.25,0.03125
08,eog_ts,NoVisuals,1,1192,313,0.2625838926174497,0.19601031485068238
08,eog_ts,NoVisuals,2,596,153,0.25671140939597314,0.19323453898473042
08,eog_ts,NoVisuals,5,236,65,0.2754237288135593,0.19936799770180985
08,eog_ts,NoVisuals,10,116,30,0.25862068965517243,0.15517241379310343
08,eog_ts,NoVisuals,30,36,8,0.2222222222222222,0.0740740740740741
08,eog_ts,NoVisuals,60,16,3,0.1875,0.03125
08,gazectrl_csp,FixedVideo,1,1192,605,0.5075503355704698,0.49837845142110715
08,gazectrl_csp,FixedVideo,2,596,295,0.4949664429530201,0.5045043016080356
08,gazectrl_csp,FixedVideo,5,236,124,0.5254237288135594,0.541798333812123
08,gazectrl_csp,FixedVideo,10,116,60,0.5172413793103449,0.5624256837098691
08,gazectrl_csp,FixedVideo,30,36,18,0.5,0.5493827160493827
08,gazectrl_csp,FixedVideo,60,16,8,0.5,0.5625
08,gazectrl_csp,MovingTargetNoise,1,1192,585,0.49077181208053694,0.485361019773884
08,gazectrl_csp,MovingTargetNoise,2,596,289,0.4848993288590604,0.46921309850907617
08,gazectrl_csp,MovingTargetNoise,5,236,119,0.5042372881355932,0.4727089916690606
08,gazectrl_csp,MovingTargetNoise,10,116,59,0.5086206896551724,0.46076099881093935
08,gazectrl_csp,MovingTargetNoise,30,36,18,0.5,0.3888888888888889
08,gazectrl_csp,MovingTargetNoise,60,16,5,0.3125,0.28125
08,gazectrl_csp,MovingVideo,1,1192,582,0.48825503355704697,0.48655465970001355
08,gazectrl_csp,MovingVideo,2,596,296,0.4966442953020134,0.47772622854826363
08,gazectrl_csp,MovingVideo,5,236,119,0.5042372881355932,0.49554725653547826
08,gazectrl_csp,MovingVideo,10,116,59,0.5086206896551724,0.48513674197384066
08,gazectrl_csp,MovingVideo,30,36,19,0.5277777777777778,0.4444444444444444
08,gazectrl_csp,MovingVideo,60,16,8,0.5,0.40625
08,gazectrl_csp,NoVisuals,1,1192,584,0.4899328859060403,0.4950565289851808
08,gazectrl_csp,NoVisuals,2,596,294,0.49328859060402686,0.4869825683527769
08,gazectrl_csp,NoVisuals,5,236,114,0.4830508474576271,0.4712726228095375
08,gazectrl_csp,NoVisuals,10,116,61,0.5258620689655172,0.4500594530321046
08,gazectrl_csp,NoVisuals,30,36,18,0.5,0.4012345679012346
08,gazectrl_csp,NoVisuals,60,16,7,0.4375,0.40625
08,gazectrl_ts,FixedVideo,1,1192,585,0.49077181208053694,0.49974100265753796
08,gazectrl_ts,FixedVideo,2,596,282,0.47315436241610737,0.4895725417773974
08,gazectrl_ts,FixedVideo,5,236,115,0.4872881355932203,0.4919563343866705
08,gazectrl_ts,FixedVideo,10,116,61,0.5258620689655172,0.5107015457788348
08,gazectrl_ts,FixedVideo,30,36,21,0.5833333333333334,0.4938271604938272
08,gazectrl_ts,FixedVideo,60,16,9,0.5625,0.46875
08,gazectrl_ts,MovingTargetNoise,1,1192,631,0.5293624161073825,0.5253423269222107
08,gazectrl_ts,MovingTargetNoise,2,596,313,0.5251677852348994,0.5206522228728436
08,gazectrl_ts,MovingTargetNoise,5,236,127,0.538135593220339,0.5558747486354496
08,gazectrl_ts,MovingTargetNoise,10,116,63,0.5431034482758621,0.5856123662306778
08,gazectrl_ts,MovingTargetNoise,30,36,20,0.5555555555555556,0.6234567901234568
08,gazectrl_ts,MovingTargetNoise,60,16,8,0.5,0.65625
08,gazectrl_ts,MovingVideo,1,1192,587,0.4924496644295302,0.4957603261114365
08,gazectrl_ts,MovingVideo,2,596,290,0.4865771812080537,0.47160037836133506
08,gazectrl_ts,MovingVideo,5,236,116,0.4915254237288136,0.4869290433783396
08,gazectrl_ts,MovingVideo,10,116,58,0.5,0.48989298454221164
08,gazectrl_ts,MovingVideo,30,36,16,0.4444444444444444,0.43827160493827155
08,gazectrl_ts,MovingVideo,60,16,7,0.4375,0.34375
08,gazectrl_ts,NoVisuals,1,1192,607,0.5092281879194631,0.5162661591820188
08,gazectrl_ts,NoVisuals,2,596,317,0.5318791946308725,0.5240529705869105
08,gazectrl_ts,NoVisuals,5,236,130,0.5508474576271186,0.551422005170928
08,gazectrl_ts,NoVisuals,10,116,62,0.5344827586206896,0.5469678953626635
08,gazectrl_ts,NoVisuals,30,36,24,0.6666666666666666,0.6481481481481481
08,gazectrl_ts,NoVisuals,60,16,12,0.75,0.75
09,eeg_alpha_ts,FixedVideo,1,1192,605,0.5075503355704698,0.5099038331606685
09,eeg_alpha_ts,FixedVideo,2,596,325,0.5453020134228188,0.5282194495743435
09,eeg_alpha_ts,FixedVideo,5,236,121,0.5127118644067796,0.5117782246480896
09,eeg_alpha_ts,FixedVideo,10,116,66,0.5689655172413793,0.5202140309155767
09,eeg_alpha_ts,FixedVideo,30,36,20,0.5555555555555556,0.4876543209876544
09,eeg_alpha_ts,FixedVideo,60,16,9,0.5625,0.46875
09,eeg_alpha_ts,MovingTargetNoise,1,1192,650,0.5453020134228188,0.5409384712400342
09,eeg_alpha_ts,MovingTargetNoise,2,596,310,0.5201342281879194,0.5293905679924327
09,eeg_alpha_ts,MovingTargetNoise,5,236,130,0.5508474576271186,0.5587474863544959
09,eeg_alpha_ts,MovingTargetNoise,10,116,66,0.5689655172413793,0.5826397146254458
09,eeg_alpha_ts,MovingTargetNoise,30,36,23,0.6388888888888888,0.7098765432098766
09,eeg_alpha_ts,MovingTargetNoise,60,16,11,0.6875,0.8125
09,eeg_alpha_ts,MovingVideo,1,1192,601,0.5041946308724832,0.518309986036665
09,eeg_alpha_ts,MovingVideo,2,596,289,0.4848993288590604,0.4964416017296518
09,eeg_alpha_ts,MovingVideo,5,236,113,0.4788135593220339,0.4615053145647803
09,eeg_alpha_ts,MovingVideo,10,116,57,0.49137931034482757,0.4351961950059453
09,eeg_alpha_ts,MovingVideo,30,36,21,0.5833333333333334,0.4691358024691358
09,eeg_alpha_ts,MovingVideo,60,16,7,0.4375,0.53125
09,eeg_alpha_ts,NoVisuals,1,1192,601,0.5041946308724832,0.5051855772262511
09,eeg_alpha_ts,NoVisuals,2,596,316,0.5302013422818792,0.5214179541462096
09,eeg_alpha_ts,NoVisuals,5,236,125,0.5296610169491526,0.49942545245619074
09,eeg_alpha_ts,NoVisuals,10,116,59,0.5086206896551724,0.5
09,eeg_alpha_ts,NoVisuals,30,36,21,0.5833333333333334,0.5493827160493827
09,eeg_alpha_ts,NoVisuals,60,16,9,0.5625,0.5625
09,eeg_csp,FixedVideo,1,1192,629,0.5276845637583892,0.6349939191928291
09,eeg_csp,FixedVideo,2,596,321,0.5385906040268457,0.6193639926129453
09,eeg_csp,FixedVideo,5,236,129,0.5466101694915254,0.6259695489801781
09,eeg_csp,FixedVideo,10,116,63,0.5431034482758621,0.652794292508918
09,eeg_csp,FixedVideo,30,36,18,0.5,0.7530864197530864
09,eeg_csp,FixedVideo,60,16,9,0.5625,0.8125
09,eeg_csp,MovingTargetNoise,1,1192,815,0.6837248322147651,0.703402999864871
09,eeg_csp,MovingTargetNoise,2,596,398,0.6677852348993288,0.7092698527093374
09,eeg_csp,MovingTargetNoise,5,236,148,0.6271186440677966,0.6684860672220626
09,eeg_csp,MovingTargetNoise,10,116,73,0.6293103448275862,0.6950059453032105
09,eeg_csp,MovingTargetNoise,30,36,24,0.6666666666666666,0.7345679012345678
09,eeg_csp,MovingTargetNoise,60,16,13,0.8125,0.90625
09,eeg_csp,MovingVideo,1,1192,664,0.5570469798657718,0.6387775325435792
09,eeg_csp,MovingVideo,2,596,325,0.5453020134228188,0.6284852033692175
09,eeg_csp,MovingVideo,5,236,122,0.5169491525423728,0.619936799770181
09,eeg_csp,MovingVideo,10,116,60,0.5172413793103449,0.6296076099881094
09,eeg_csp,MovingVideo,30,36,18,0.5,0.654320987654321
09,eeg_csp,MovingVideo,60,16,7,0.4375,0.65625
09,eeg_csp,NoVisuals,1,1192,667,0.5595637583892618,0.6339072564298904
09,eeg_csp,NoVisuals,2,596,334,0.5604026845637584,0.6142290887797848
09,eeg_csp,NoVisuals,5,236,126,0.5338983050847458,0.6308532031025568
09,eeg_csp,NoVisuals,10,116,61,0.5258620689655172,0.6296076099881094
09,eeg_csp,NoVisuals,30,36,18,0.5,0.7592592592592592
09,eeg_csp,NoVisuals,60,16,8,0.5,0.75
09,eeg_eogreg_ts,FixedVideo,1,1192,629,0.5276845637583892,0.5340581505337597
09,eeg_eogreg_ts,FixedVideo,2,596,311,0.5218120805369127,0.5212603035899284
09,eeg_eogreg_ts,FixedVideo,5,236,119,0.5042372881355932,0.5116345877621373
09,eeg_eogreg_ts,FixedVideo,10,116,60,0.5172413793103449,0.5231866825208086
09,eeg_eogreg_ts,FixedVideo,30,36,19,0.5277777777777778,0.5617283950617284
09,eeg_eogreg_ts,FixedVideo,60,16,9,0.5625,0.59375
09,eeg_eogreg_ts,MovingTargetNoise,1,1192,739,0.6199664429530202,0.6570255844331336
09,eeg_eogreg_ts,MovingTargetNoise,2,596,341,0.5721476510067114,0.5989820278365839
09,eeg_eogreg_ts,MovingTargetNoise,5,236,141,0.597457627118644,0.6205113473139903
09,eeg_eogreg_ts,MovingTargetNoise,10,116,72,0.6206896551724138,0.6617122473246135
09,eeg_eogreg_ts,MovingTargetNoise,30,36,23,0.6388888888888888,0.6790123456790124
09,eeg_eogreg_ts,MovingTargetNoise,60,16,11,0.6875,0.78125
09,eeg_eogreg_ts,MovingVideo,1,1192,727,0.6098993288590604,0.6471386424034953
09,eeg_eogreg_ts,MovingVideo,2,596,353,0.5922818791946308,0.6364352957074005
09,eeg_eogreg_ts,MovingVideo,5,236,141,0.597457627118644,0.6503878195920711
09,eeg_eogreg_ts,MovingVideo,10,116,72,0.6206896551724138,0.6979785969084423
09,eeg_eogreg_ts,MovingVideo,30,36,24,0.6666666666666666,0.7592592592592593
09,eeg_eogreg_ts,MovingVideo,60,16,12,0.75,0.8125
09,eeg_eogreg_ts,NoVisuals,1,1192,674,0.5654362416107382,0.617286383496239
09,eeg_eogreg_ts,NoVisuals,2,596,329,0.552013422818792,0.59089680645016
09,eeg_eogreg_ts,NoVisuals,5,236,121,0.5127118644067796,0.5124964090778512
09,eeg_eogreg_ts,NoVisuals,10,116,58,0.5,0.5249702734839476
09,eeg_eogreg_ts,NoVisuals,30,36,16,0.4444444444444444,0.6172839506172839
09,eeg_eogreg_ts,NoVisuals,60,16,8,0.5,0.46875
09,eeg_post_ts,FixedVideo,1,1192,575,0.4823825503355705,0.48078352326471785
09,eeg_post_ts,FixedVideo,2,596,283,0.4748322147651007,0.4667357326246565
09,eeg_post_ts,FixedVideo,5,236,107,0.4533898305084746,0.4564780235564493
09,eeg_post_ts,FixedVideo,10,116,47,0.4051724137931034,0.4429250891795482
09,eeg_post_ts,FixedVideo,30,36,14,0.3888888888888889,0.40740740740740744
09,eeg_post_ts,FixedVideo,60,16,7,0.4375,0.3125
09,eeg_post_ts,MovingTargetNoise,1,1192,575,0.4823825503355705,0.48542295392099455
09,eeg_post_ts,MovingTargetNoise,2,596,278,0.4664429530201342,0.48450520246835727
09,eeg_post_ts,MovingTargetNoise,5,236,117,0.4957627118644068,0.5021545532892847
09,eeg_post_ts,MovingTargetNoise,10,116,51,0.4396551724137931,0.5041617122473245
09,eeg_post_ts,MovingTargetNoise,30,36,16,0.4444444444444444,0.45679012345679015
09,eeg_post_ts,MovingTargetNoise,60,16,7,0.4375,0.5
09,eeg_post_ts,MovingVideo,1,1192,714,0.5989932885906041,0.6561078329804964
09,eeg_post_ts,MovingVideo,2,596,360,0.6040268456375839,0.6359623440385569
09,eeg_post_ts,MovingVideo,5,236,136,0.576271186440678,0.6275495547256535
09,eeg_post_ts,MovingVideo,10,116,75,0.646551724137931,0.6801426872770511
09,eeg_post_ts,MovingVideo,30,36,26,0.7222222222222222,0.7469135802469136
09,eeg_post_ts,MovingVideo,60,16,12,0.75,0.875
09,eeg_post_ts,NoVisuals,1,1192,756,0.6342281879194631,0.6977613621008063
09,eeg_post_ts,NoVisuals,2,596,363,0.6090604026845637,0.6799018062249448
09,eeg_post_ts,NoVisuals,5,236,132,0.559322033898305,0.5948003447285263
09,eeg_post_ts,NoVisuals,10,116,68,0.5862068965517241,0.6206896551724138
09,eeg_post_ts,NoVisuals,30,36,23,0.6388888888888888,0.7407407407407407
09,eeg_post_ts,NoVisuals,60,16,10,0.625,0.71875
09,eeg_ts,FixedVideo,1,1192,633,0.5310402684563759,0.5569343723255709
09,eeg_ts,FixedVideo,2,596,304,0.5100671140939598,0.5422053060672942
09,eeg_ts,FixedVideo,5,236,131,0.5550847457627118,0.5438092502154553
09,eeg_ts,FixedVideo,10,116,66,0.5689655172413793,0.5784780023781213
09,eeg_ts,FixedVideo,30,36,19,0.5277777777777778,0.6358024691358024
09,eeg_ts,FixedVideo,60,16,8,0.5,0.59375
09,eeg_ts,MovingTargetNoise,1,1192,755,0.6333892617449665,0.6697727579838746
09,eeg_ts,MovingTargetNoise,2,596,358,0.6006711409395973,0.6261880095491195
09,eeg_ts,MovingTargetNoise,5,236,137,0.5805084745762712,0.6019821890261419
09,eeg_ts,MovingTargetNoise,10,116,67,0.5775862068965517,0.5909631391200951
09,eeg_ts,MovingTargetNoise,30,36,22,0.6111111111111112,0.6049382716049383
09,eeg_ts,MovingTargetNoise,60,16,11,0.6875,0.78125
09,eeg_ts,MovingVideo,1,1192,732,0.6140939597315436,0.6478987432998514
09,eeg_ts,MovingVideo,2,596,369,0.6191275167785235,0.6480338723480924
09,eeg_ts,MovingVideo,5,236,156,0.6610169491525424,0.7101407641482332
09,eeg_ts,MovingVideo,10,116,79,0.6810344827586207,0.7568370986920333
09,eeg_ts,MovingVideo,30,36,27,0.75,0.8271604938271604
09,eeg_ts,MovingVideo,60,16,13,0.8125,0.875
09,eeg_ts,NoVisuals,1,1192,709,0.5947986577181208,0.6494808792396739
09,eeg_ts,NoVisuals,2,596,357,0.5989932885906041,0.6466825818656817
09,eeg_ts,NoVisuals,5,236,130,0.5508474576271186,0.610744039069233
09,eeg_ts,NoVisuals,10,116,68,0.5862068965517241,0.6331747919143876
09,eeg_ts,NoVisuals,30,36,23,0.6388888888888888,0.6851851851851852
09,eeg_ts,NoVisuals,60,16,8,0.5,0.6875
09,eog_ts,FixedVideo,1,1192,659,0.5528523489932886,0.5773782712490428
09,eog_ts,FixedVideo,2,596,330,0.5536912751677853,0.5880816179451376
09,eog_ts,FixedVideo,5,236,127,0.538135593220339,0.5764148233266303
09,eog_ts,FixedVideo,10,116,68,0.5862068965517241,0.5969084423305588
09,eog_ts,FixedVideo,30,36,20,0.5555555555555556,0.5802469135802469
09,eog_ts,FixedVideo,60,16,8,0.5,0.5
09,eog_ts,MovingTargetNoise,1,1192,658,0.552013422818792,0.5993874149813071
09,eog_ts,MovingTargetNoise,2,596,339,0.5687919463087249,0.6188009549119409
09,eog_ts,MovingTargetNoise,5,236,134,0.5677966101694916,0.6307095662166045
09,eog_ts,MovingTargetNoise,10,116,72,0.6206896551724138,0.6837098692033294
09,eog_ts,MovingTargetNoise,30,36,25,0.6944444444444444,0.8024691358024691
09,eog_ts,MovingTargetNoise,60,16,12,0.75,0.875
09,eog_ts,MovingVideo,1,1192,500,0.41946308724832215,0.4305774514661502
09,eog_ts,MovingVideo,2,596,243,0.4077181208053691,0.4108823926850142
09,eog_ts,MovingVideo,5,236,95,0.4025423728813559,0.3860959494398161
09,eog_ts,MovingVideo,10,116,44,0.3793103448275862,0.3626634958382877
09,eog_ts,MovingVideo,30,36,11,0.3055555555555556,0.3148148148148148
09,eog_ts,MovingVideo,60,16,6,0.375,0.375
09,eog_ts,NoVisuals,1,1192,828,0.6946308724832215,0.7408787892437276
09,eog_ts,NoVisuals,2,596,433,0.7265100671140939,0.7821269312193145
09,eog_ts,NoVisuals,5,236,178,0.7542372881355932,0.8072392990519965
09,eog_ts,NoVisuals,10,116,89,0.7672413793103449,0.8448275862068966
09,eog_ts,NoVisuals,30,36,28,0.7777777777777778,0.8950617283950617
09,eog_ts,NoVisuals,60,16,12,0.75,0.9375
09,gazectrl_csp,FixedVideo,1,1192,551,0.462248322147651,0.44743480023422366
09,gazectrl_csp,FixedVideo,2,596,277,0.46476510067114096,0.4322778253231836
09,gazectrl_csp,FixedVideo,5,236,103,0.4364406779661017,0.3987359954036196
09,gazectrl_csp,FixedVideo,10,116,51,0.4396551724137931,0.3626634958382878
09,gazectrl_csp,FixedVideo,30,36,13,0.3611111111111111,0.2716049382716049
09,gazectrl_csp,FixedVideo,60,16,5,0.3125,0.1875
09,gazectrl_csp,MovingTargetNoise,1,1192,548,0.4597315436241611,0.43996892031890455
09,gazectrl_csp,MovingTargetNoise,2,596,280,0.4697986577181208,0.4403630467096077
09,gazectrl_csp,MovingTargetNoise,5,236,110,0.4661016949152542,0.4273197357081298
09,gazectrl_csp,MovingTargetNoise,10,116,54,0.46551724137931033,0.4137931034482758
09,gazectrl_csp,MovingTargetNoise,30,36,17,0.4722222222222222,0.3333333333333333
09,gazectrl_csp,MovingTargetNoise,60,16,8,0.5,0.28125
09,gazectrl_csp,MovingVideo,1,1192,644,0.540268456375839,0.5520584658348723
09,gazectrl_csp,MovingVideo,2,596,310,0.5201342281879194,0.5449529300481961
09,gazectrl_csp,MovingVideo,5,236,114,0.4830508474576271,0.5104854926745188
09,gazectrl_csp,MovingVideo,10,116,62,0.5344827586206896,0.4928656361474435
09,gazectrl_csp,MovingVideo,30,36,18,0.5,0.4691358024691358
09,gazectrl_csp,MovingVideo,60,16,8,0.5,0.5
09,gazectrl_csp,NoVisuals,1,1192,574,0.4815436241610738,0.4655533534525472
09,gazectrl_csp,NoVisuals,2,596,272,0.4563758389261745,0.42155758749605876
09,gazectrl_csp,NoVisuals,5,236,104,0.4406779661016949,0.39040505601838554
09,gazectrl_csp,NoVisuals,10,116,45,0.3879310344827586,0.36563614744351963
09,gazectrl_csp,NoVisuals,30,36,17,0.4722222222222222,0.3271604938271605
09,gazectrl_csp,NoVisuals,60,16,6,0.375,0.3125
09,gazectrl_ts,FixedVideo,1,1192,584,0.4899328859060403,0.4851583262015225
09,gazectrl_ts,FixedVideo,2,596,296,0.4966442953020134,0.47497860456736185
09,gazectrl_ts,FixedVideo,5,236,107,0.4533898305084746,0.4164033323757541
09,gazectrl_ts,FixedVideo,10,116,48,0.41379310344827586,0.370986920332937
09,gazectrl_ts,FixedVideo,30,36,16,0.4444444444444444,0.28395061728395066
09,gazectrl_ts,FixedVideo,60,16,3,0.1875,0.09375
09,gazectrl_ts,MovingTargetNoise,1,1192,576,0.48322147651006714,0.4731712535471375
09,gazectrl_ts,MovingTargetNoise,2,596,284,0.47651006711409394,0.47585694338092877
09,gazectrl_ts,MovingTargetNoise,5,236,115,0.4872881355932203,0.5010054582016662
09,gazectrl_ts,MovingTargetNoise,10,116,53,0.45689655172413796,0.4667063020214032
09,gazectrl_ts,MovingTargetNoise,30,36,18,0.5,0.425925925925926
09,gazectrl_ts,MovingTargetNoise,60,16,8,0.5,0.5
09,gazectrl_ts,MovingVideo,1,1192,624,0.5234899328859061,0.5364848430250889
09,gazectrl_ts,MovingVideo,2,596,317,0.5318791946308725,0.5510787802351245
09,gazectrl_ts,MovingVideo,5,236,115,0.4872881355932203,0.4923872450445274
09,gazectrl_ts,MovingVideo,10,116,57,0.49137931034482757,0.5172413793103448
09,gazectrl_ts,MovingVideo,30,36,18,0.5,0.5432098765432098
09,gazectrl_ts,MovingVideo,60,16,7,0.4375,0.625
09,gazectrl_ts,NoVisuals,1,1192,580,0.4865771812080537,0.5048364938516283
09,gazectrl_ts,NoVisuals,2,596,285,0.47818791946308725,0.4948876176748795
09,gazectrl_ts,NoVisuals,5,236,106,0.4491525423728814,0.4184142487790865
09,gazectrl_ts,NoVisuals,10,116,50,0.43103448275862066,0.39476813317479187
09,gazectrl_ts,NoVisuals,30,36,15,0.4166666666666667,0.36419753086419754
09,gazectrl_ts,NoVisuals,60,16,7,0.4375,0.375
10,eeg_alpha_ts,FixedVideo,1,1192,505,0.4236577181208054,0.38747128507724876
10,eeg_alpha_ts,FixedVideo,2,596,248,0.4161073825503356,0.37273095806495204
10,eeg_alpha_ts,FixedVideo,5,236,97,0.4110169491525424,0.39126687733409937
10,eeg_alpha_ts,FixedVideo,10,116,49,0.4224137931034483,0.35017835909631395
10,eeg_alpha_ts,FixedVideo,30,36,12,0.3333333333333333,0.28395061728395066
10,eeg_alpha_ts,FixedVideo,60,16,4,0.25,0.1875
10,eeg_alpha_ts,MovingTargetNoise,1,1192,575,0.4823825503355705,0.47599207242916985
10,eeg_alpha_ts,MovingTargetNoise,2,596,303,0.5083892617449665,0.4970722039547768
10,eeg_alpha_ts,MovingTargetNoise,5,236,118,0.5,0.49138178684286127
10,eeg_alpha_ts,MovingTargetNoise,10,116,60,0.5172413793103449,0.48929845422116525
10,eeg_alpha_ts,MovingTargetNoise,30,36,17,0.4722222222222222,0.4320987654320988
10,eeg_alpha_ts,MovingTargetNoise,60,16,8,0.5,0.4375
10,eeg_alpha_ts,MovingVideo,1,1192,582,0.48825503355704697,0.481560515292104
10,eeg_alpha_ts,MovingVideo,2,596,296,0.4966442953020134,0.49436962298995546
10,eeg_alpha_ts,MovingVideo,5,236,128,0.5423728813559322,0.5491238149956909
10,eeg_alpha_ts,MovingVideo,10,116,65,0.5603448275862069,0.5695600475624256
10,eeg_alpha_ts,MovingVideo,30,36,23,0.6388888888888888,0.7283950617283951
10,eeg_alpha_ts,MovingVideo,60,16,12,0.75,0.8125
10,eeg_alpha_ts,NoVisuals,1,1192,592,0.4966442953020134,0.4885872258006396
10,eeg_alpha_ts,NoVisuals,2,596,303,0.5083892617449665,0.5147065447502365
10,eeg_alpha_ts,NoVisuals,5,236,127,0.538135593220339,0.5415110600402183
10,eeg_alpha_ts,NoVisuals,10,116,58,0.5,0.5356718192627824
10,eeg_alpha_ts,NoVisuals,30,36,20,0.5555555555555556,0.6481481481481481
10,eeg_alpha_ts,NoVisuals,60,16,10,0.625,0.625
10,eeg_csp,FixedVideo,1,1192,291,0.24412751677852348,0.21312666096121796
10,eeg_csp,FixedVideo,2,596,144,0.24161073825503357,0.20618440610783298
10,eeg_csp,FixedVideo,5,236,49,0.2076271186440678,0.20640620511347313
10,eeg_csp,FixedVideo,10,116,22,0.1896551724137931,0.2205707491082045
10,eeg_csp,FixedVideo,30,36,6,0.16666666666666666,0.22839506172839505
10,eeg_csp,FixedVideo,60,16,3,0.1875,0.25
10,eeg_csp,MovingTargetNoise,1,1192,490,0.4110738255033557,0.3661997207333003
10,eeg_csp,MovingTargetNoise,2,596,241,0.40436241610738255,0.34493941714337184
10,eeg_csp,MovingTargetNoise,5,236,120,0.5084745762711864,0.497701809824763
10,eeg_csp,MovingTargetNoise,10,116,60,0.5172413793103449,0.4958382877526754
10,eeg_csp,MovingTargetNoise,30,36,17,0.4722222222222222,0.45679012345679015
10,eeg_csp,MovingTargetNoise,60,16,7,0.4375,0.46875
10,eeg_csp,MovingVideo,1,1192,404,0.3389261744966443,0.27171073375073196
10,eeg_csp,MovingVideo,2,596,230,0.3859060402684564,0.3652538173956128
10,eeg_csp,MovingVideo,5,236,98,0.4152542372881356,0.40634875035909224
10,eeg_csp,MovingVideo,10,116,50,0.43103448275862066,0.4090368608799049
10,eeg_csp,MovingVideo,30,36,16,0.4444444444444444,0.37037037037037035
10,eeg_csp,MovingVideo,60,16,7,0.4375,0.25
10,eeg_csp,NoVisuals,1,1192,571,0.4790268456375839,0.4733232737264087
10,eeg_csp,NoVisuals,2,596,277,0.46476510067114096,0.4797756857799198
10,eeg_csp,NoVisuals,5,236,112,0.4745762711864407,0.48980178109738576
10,eeg_csp,NoVisuals,10,116,62,0.5344827586206896,0.5089179548156956
10,eeg_csp,NoVisuals,30,36,15,0.4166666666666667,0.46913580246913583
10,eeg_csp,NoVisuals,60,16,7,0.4375,0.5
10,eeg_eogreg_ts,FixedVideo,1,1192,370,0.3104026845637584,0.23497815413720102
10,eeg_eogreg_ts,FixedVideo,2,596,175,0.2936241610738255,0.23415611909373452
10,eeg_eogreg_ts,FixedVideo,5,236,65,0.2754237288135593,0.2097098534903763
10,eeg_eogreg_ts,FixedVideo,10,116,29,0.25,0.16825208085612367
10,eeg_eogreg_ts,FixedVideo,30,36,6,0.16666666666666666,0.1234567901234568
10,eeg_eogreg_ts,FixedVideo,60,16,2,0.125,0.0625
10,eeg_eogreg_ts,MovingTargetNoise,1,1192,496,0.4161073825503356,0.35301337777577585
10,eeg_eogreg_ts,MovingTargetNoise,2,596,244,0.40939597315436244,0.3555920904463763
10,eeg_eogreg_ts,MovingTargetNoise,5,236,93,0.3940677966101695,0.3427176098822177
10,eeg_eogreg_ts,MovingTargetNoise,10,116,46,0.39655172413793105,0.30202140309155767
10,eeg_eogreg_ts,MovingTargetNoise,30,36,14,0.3888888888888889,0.24074074074074073
10,eeg_eogreg_ts,MovingTargetNoise,60,16,6,0.375,0.15625
10,eeg_eogreg_ts,MovingVideo,1,1192,575,0.4823825503355705,0.46247916760506286
10,eeg_eogreg_ts,MovingVideo,2,596,282,0.47315436241610737,0.45792982298094687
10,eeg_eogreg_ts,MovingVideo,5,236,109,0.461864406779661,0.423728813559322
10,eeg_eogreg_ts,MovingVideo,10,116,52,0.4482758620689655,0.4019024970273484
10,eeg_eogreg_ts,MovingVideo,30,36,17,0.4722222222222222,0.35802469135802467
10,eeg_eogreg_ts,MovingVideo,60,16,7,0.4375,0.3125
10,eeg_eogreg_ts,NoVisuals,1,1192,457,0.38338926174496646,0.3459472546281699
10,eeg_eogreg_ts,NoVisuals,2,596,223,0.37416107382550334,0.33543534075041664
10,eeg_eogreg_ts,NoVisuals,5,236,82,0.3474576271186441,0.3079574834817581
10,eeg_eogreg_ts,NoVisuals,10,116,36,0.3103448275862069,0.24137931034482762
10,eeg_eogreg_ts,NoVisuals,30,36,6,0.16666666666666666,0.11111111111111113
10,eeg_eogreg_ts,NoVisuals,60,16,3,0.1875,0.09375
10,eeg_post_ts,FixedVideo,1,1192,535,0.4488255033557047,0.4177908652763389
10,eeg_post_ts,FixedVideo,2,596,249,0.41778523489932884,0.4089230214855186
10,eeg_post_ts,FixedVideo,5,236,95,0.4025423728813559,0.3697213444412525
10,eeg_post_ts,FixedVideo,10,116,42,0.3620689655172414,0.32996432818073723
10,eeg_post_ts,FixedVideo,30,36,10,0.2777777777777778,0.20987654320987656
10,eeg_post_ts,FixedVideo,60,16,3,0.1875,0.15625
10,eeg_post_ts,MovingTargetNoise,1,1192,526,0.4412751677852349,0.40863587225800635
10,eeg_post_ts,MovingTargetNoise,2,596,275,0.46140939597315433,0.41603981802621504
10,eeg_post_ts,MovingTargetNoise,5,236,105,0.4449152542372881,0.4070669347888538
10,eeg_post_ts,MovingTargetNoise,10,116,51,0.4396551724137931,0.39655172413793105
10,eeg_post_ts,MovingTargetNoise,30,36,14,0.3888888888888889,0.2716049382716049
10,eeg_post_ts,MovingTargetNoise,60,16,8,0.5,0.21875
10,eeg_post_ts,MovingVideo,1,1192,561,0.47063758389261745,0.45705711454438985
10,eeg_post_ts,MovingVideo,2,596,285,0.47818791946308725,0.4763298950497725
10,eeg_post_ts,MovingVideo,5,236,119,0.5042372881355932,0.4718471703533467
10,eeg_post_ts,MovingVideo,10,116,56,0.4827586206896552,0.45600475624256837
10,eeg_post_ts,MovingVideo,30,36,16,0.4444444444444444,0.3827160493827161
10,eeg_post_ts,MovingVideo,60,16,7,0.4375,0.4375
10,eeg_post_ts,NoVisuals,1,1192,583,0.4890939597315436,0.47620602675555157
10,eeg_post_ts,NoVisuals,2,596,274,0.4597315436241611,0.45732174226386196
10,eeg_post_ts,NoVisuals,5,236,102,0.4322033898305085,0.4393852341281241
10,eeg_post_ts,NoVisuals,10,116,51,0.4396551724137931,0.40368608799048755
10,eeg_post_ts,NoVisuals,30,36,14,0.3888888888888889,0.4567901234567901
10,eeg_post_ts,NoVisuals,60,16,6,0.375,0.28125
10,eeg_ts,FixedVideo,1,1192,386,0.3238255033557047,0.25512927345615055
10,eeg_ts,FixedVideo,2,596,184,0.3087248322147651,0.25025899734246204
10,eeg_ts,FixedVideo,5,236,69,0.2923728813559322,0.21717897155989654
10,eeg_ts,FixedVideo,10,116,26,0.22413793103448276,0.15695600475624258
10,eeg_ts,FixedVideo,30,36,5,0.1388888888888889,0.0925925925925926
10,eeg_ts,FixedVideo,60,16,2,0.125,0.03125
10,eeg_ts,MovingTargetNoise,1,1192,499,0.4186241610738255,0.3552092248096933
10,eeg_ts,MovingTargetNoise,2,596,234,0.3926174496644295,0.3611323814242602
10,eeg_ts,MovingTargetNoise,5,236,93,0.3940677966101695,0.3313702958919851
10,eeg_ts,MovingTargetNoise,10,116,43,0.3706896551724138,0.29072532699167664
10,eeg_ts,MovingTargetNoise,30,36,16,0.4444444444444444,0.18518518518518517
10,eeg_ts,MovingTargetNoise,60,16,6,0.375,0.21875
10,eeg_ts,MovingVideo,1,1192,556,0.4664429530201342,0.45861109859916216
10,eeg_ts,MovingVideo,2,596,283,0.4748322147651007,0.4557227151930093
10,eeg_ts,MovingVideo,5,236,110,0.4661016949152542,0.43823613904050557
10,eeg_ts,MovingVideo,10,116,51,0.4396551724137931,0.4161712247324614
10,eeg_ts,MovingVideo,30,36,15,0.4166666666666667,0.4012345679012346
10,eeg_ts,MovingVideo,60,16,7,0.4375,0.4375
10,eeg_ts,NoVisuals,1,1192,469,0.3934563758389262,0.3547250123868294
10,eeg_ts,NoVisuals,2,596,228,0.3825503355704698,0.32289086077203727
10,eeg_ts,NoVisuals,5,236,79,0.3347457627118644,0.28253375466819874
10,eeg_ts,NoVisuals,10,116,29,0.25,0.20749108204518432
10,eeg_ts,NoVisuals,30,36,7,0.19444444444444445,0.08024691358024691
10,eeg_ts,NoVisuals,60,16,2,0.125,0.0625
10,eog_ts,FixedVideo,1,1192,507,0.42533557046979864,0.43058871222017026
10,eog_ts,FixedVideo,2,596,264,0.4429530201342282,0.4728615828115851
10,eog_ts,FixedVideo,5,236,110,0.4661016949152542,0.5178109738580867
10,eog_ts,FixedVideo,10,116,53,0.45689655172413796,0.5267538644470868
10,eog_ts,FixedVideo,30,36,16,0.4444444444444444,0.5185185185185186
10,eog_ts,FixedVideo,60,16,7,0.4375,0.375
10,eog_ts,MovingTargetNoise,1,1192,537,0.45050335570469796,0.40212715643439484
10,eog_ts,MovingTargetNoise,2,596,273,0.45805369127516776,0.4012431872438179
10,eog_ts,MovingTargetNoise,5,236,93,0.3940677966101695,0.3822177535191037
10,eog_ts,MovingTargetNoise,10,116,41,0.35344827586206895,0.35315101070154575
10,eog_ts,MovingTargetNoise,30,36,10,0.2777777777777778,0.25308641975308643
10,eog_ts,MovingTargetNoise,60,16,5,0.3125,0.3125
10,eog_ts,MovingVideo,1,1192,472,0.3959731543624161,0.3364262871041845
10,eog_ts,MovingVideo,2,596,252,0.4228187919463087,0.37354173235439847
10,eog_ts,MovingVideo,5,236,101,0.4279661016949153,0.39370870439528866
10,eog_ts,MovingVideo,10,116,47,0.4051724137931034,0.38228299643281805
10,eog_ts,MovingVideo,30,36,10,0.2777777777777778,0.3888888888888889
10,eog_ts,MovingVideo,60,16,4,0.25,0.375
10,eog_ts,NoVisuals,1,1192,541,0.4538590604026846,0.4137144723210666
10,eog_ts,NoVisuals,2,596,267,0.44798657718120805,0.40784198909959013
10,eog_ts,NoVisuals,5,236,96,0.4067796610169492,0.39097960356219474
10,eog_ts,NoVisuals,10,116,46,0.39655172413793105,0.3799048751486326
10,eog_ts,NoVisuals,30,36,15,0.4166666666666667,0.2901234567901234
10,eog_ts,NoVisuals,60,16,8,0.5,0.25
10,gazectrl_csp,FixedVideo,1,1192,527,0.44211409395973156,0.4133147155533534
10,gazectrl_csp,FixedVideo,2,596,236,0.3959731543624161,0.3697355974956083
10,gazectrl_csp,FixedVideo,5,236,89,0.3771186440677966,0.3460212582591209
10,gazectrl_csp,FixedVideo,10,116,42,0.3620689655172414,0.2853745541022592
10,gazectrl_csp,FixedVideo,30,36,10,0.2777777777777778,0.2037037037037037
10,gazectrl_csp,FixedVideo,60,16,4,0.25,0.1875
10,gazectrl_csp,MovingTargetNoise,1,1192,572,0.4798657718120805,0.4855806044772758
10,gazectrl_csp,MovingTargetNoise,2,596,300,0.5033557046979866,0.4730642763839467
10,gazectrl_csp,MovingTargetNoise,5,236,112,0.4745762711864407,0.47026716460787127
10,gazectrl_csp,MovingTargetNoise,10,116,58,0.5,0.4488703923900119
10,gazectrl_csp,MovingTargetNoise,30,36,19,0.5277777777777778,0.46296296296296297
10,gazectrl_csp,MovingTargetNoise,60,16,9,0.5625,0.46875
10,gazectrl_csp,MovingVideo,1,1192,566,0.4748322147651007,0.45995675870456293
10,gazectrl_csp,MovingVideo,2,596,294,0.49328859060402686,0.4584478176658709
10,gazectrl_csp,MovingVideo,5,236,119,0.5042372881355932,0.4752944556162022
10,gazectrl_csp,MovingVideo,10,116,47,0.4051724137931034,0.4304399524375743
10,gazectrl_csp,MovingVideo,30,36,14,0.3888888888888889,0.41358024691358025
10,gazectrl_csp,MovingVideo,60,16,8,0.5,0.4375
10,gazectrl_csp,NoVisuals,1,1192,531,0.44546979865771813,0.43067316787532095
10,gazectrl_csp,NoVisuals,2,596,272,0.4563758389261745,0.4259943245799739
10,gazectrl_csp,NoVisuals,5,236,105,0.4449152542372881,0.43565067509336397
10,gazectrl_csp,NoVisuals,10,116,53,0.45689655172413796,0.39892984542211657
10,gazectrl_csp,NoVisuals,30,36,17,0.4722222222222222,0.33333333333333337
10,gazectrl_csp,NoVisuals,60,16,8,0.5,0.125
10,gazectrl_ts,FixedVideo,1,1192,555,0.46560402684563756,0.45417436151524704
10,gazectrl_ts,FixedVideo,2,596,279,0.46812080536912754,0.453155263276429
10,gazectrl_ts,FixedVideo,5,236,110,0.4661016949152542,0.4567652973283539
10,gazectrl_ts,FixedVideo,10,116,57,0.49137931034482757,0.43162901307966706
10,gazectrl_ts,FixedVideo,30,36,19,0.5277777777777778,0.38271604938271603
10,gazectrl_ts,FixedVideo,60,16,7,0.4375,0.5
10,gazectrl_ts,MovingTargetNoise,1,1192,573,0.48070469798657717,0.4791113012927345
10,gazectrl_ts,MovingTargetNoise,2,596,294,0.49328859060402686,0.49873879554975
10,gazectrl_ts,MovingTargetNoise,5,236,111,0.4703389830508475,0.4704108014938236
10,gazectrl_ts,MovingTargetNoise,10,116,56,0.4827586206896552,0.4524375743162901
10,gazectrl_ts,MovingTargetNoise,30,36,15,0.4166666666666667,0.4382716049382716
10,gazectrl_ts,MovingTargetNoise,60,16,6,0.375,0.40625
10,gazectrl_ts,MovingVideo,1,1192,583,0.4890939597315436,0.48628440160353137
10,gazectrl_ts,MovingVideo,2,596,298,0.5,0.5195261474708346
10,gazectrl_ts,MovingVideo,5,236,110,0.4661016949152542,0.4745762711864407
10,gazectrl_ts,MovingVideo,10,116,55,0.47413793103448276,0.44768133174791913
10,gazectrl_ts,MovingVideo,30,36,17,0.4722222222222222,0.5061728395061729
10,gazectrl_ts,MovingVideo,60,16,8,0.5,0.59375
10,gazectrl_ts,NoVisuals,1,1192,595,0.49916107382550334,0.5007882527814063
10,gazectrl_ts,NoVisuals,2,596,318,0.5335570469798657,0.5324985361019774
10,gazectrl_ts,NoVisuals,5,236,132,0.559322033898305,0.5640620511347314
10,gazectrl_ts,NoVisuals,10,116,70,0.603448275862069,0.5969084423305588
10,gazectrl_ts,NoVisuals,30,36,22,0.6111111111111112,0.6296296296296297
10,gazectrl_ts,NoVisuals,60,16,10,0.625,0.625
11,eeg_alpha_ts,FixedVideo,1,1192,530,0.4446308724832215,0.41457028962659337
11,eeg_alpha_ts,FixedVideo,2,596,262,0.4395973154362416,0.3978424395297509
11,eeg_alpha_ts,FixedVideo,5,236,90,0.3813559322033898,0.32950301637460494
11,eeg_alpha_ts,FixedVideo,10,116,35,0.3017241379310345,0.2853745541022592
11,eeg_alpha_ts,FixedVideo,30,36,9,0.25,0.19135802469135804
11,eeg_alpha_ts,FixedVideo,60,16,4,0.25,0.09375
11,eeg_alpha_ts,MovingTargetNoise,1,1192,512,0.42953020134228187,0.40384442142245847
11,eeg_alpha_ts,MovingTargetNoise,2,596,247,0.41442953020134227,0.38338363136795633
11,eeg_alpha_ts,MovingTargetNoise,5,236,90,0.3813559322033898,0.3221775351910371
11,eeg_alpha_ts,MovingTargetNoise,10,116,36,0.3103448275862069,0.25980975029726516
11,eeg_alpha_ts,MovingTargetNoise,30,36,7,0.19444444444444445,0.0925925925925926
11,eeg_alpha_ts,MovingTargetNoise,60,16,2,0.125,0.0625
11,eeg_alpha_ts,MovingVideo,1,1192,562,0.4714765100671141,0.4425983063825954
11,eeg_alpha_ts,MovingVideo,2,596,284,0.47651006711409394,0.462749425701545
11,eeg_alpha_ts,MovingVideo,5,236,114,0.4830508474576271,0.48003447285262857
11,eeg_alpha_ts,MovingVideo,10,116,55,0.47413793103448276,0.47265160523186683
11,eeg_alpha_ts,MovingVideo,30,36,18,0.5,0.47530864197530864
11,eeg_alpha_ts,MovingVideo,60,16,7,0.4375,0.375
11,eeg_alpha_ts,NoVisuals,1,1192,601,0.5041946308724832,0.49982545831268865
11,eeg_alpha_ts,NoVisuals,2,596,295,0.4949664429530201,0.4975676771316607
11,eeg_alpha_ts,NoVisuals,5,236,112,0.4745762711864407,0.42688882505027287
11,eeg_alpha_ts,NoVisuals,10,116,54,0.46551724137931033,0.40249702734839476
11,eeg_alpha_ts,NoVisuals,30,36,15,0.4166666666666667,0.37037037037037035
11,eeg_alpha_ts,NoVisuals,60,16,4,0.25,0.28125
11,eeg_csp,FixedVideo,1,1192,502,0.4211409395973154,0.2875883969190577
11,eeg_csp,FixedVideo,2,596,248,0.4161073825503356,0.2748975271384172
11,eeg_csp,FixedVideo,5,236,104,0.4406779661016949,0.28655558747486354
11,eeg_csp,FixedVideo,10,116,47,0.4051724137931034,0.2419738406658739
11,eeg_csp,FixedVideo,30,36,17,0.4722222222222222,0.24691358024691357
11,eeg_csp,FixedVideo,60,16,5,0.3125,0.0
11,eeg_csp,MovingTargetNoise,1,1192,451,0.3783557046979866,0.3576021350389622
11,eeg_csp,MovingTargetNoise,2,596,240,0.40268456375838924,0.361492725552903
11,eeg_csp,MovingTargetNoise,5,236,98,0.4152542372881356,0.39385234128124097
11,eeg_csp,MovingTargetNoise,10,116,44,0.3793103448275862,0.3703923900118906
11,eeg_csp,MovingTargetNoise,30,36,10,0.2777777777777778,0.3827160493827161
11,eeg_csp,MovingTargetNoise,60,16,5,0.3125,0.375
11,eeg_csp,MovingVideo,1,1192,574,0.4815436241610738,0.4525753344443944
11,eeg_csp,MovingVideo,2,596,288,0.48322147651006714,0.43498040628800505
11,eeg_csp,MovingVideo,5,236,103,0.4364406779661017,0.3756104567652973
11,eeg_csp,MovingVideo,10,116,49,0.4224137931034483,0.32936979785969084
11,eeg_csp,MovingVideo,30,36,17,0.4722222222222222,0.2777777777777778
11,eeg_csp,MovingVideo,60,16,6,0.375,0.21875
11,eeg_csp,NoVisuals,1,1192,530,0.4446308724832215,0.43141074726363676
11,eeg_csp,NoVisuals,2,596,260,0.436241610738255,0.41209855411918384
11,eeg_csp,NoVisuals,5,236,89,0.3771186440677966,0.3530594656707843
11,eeg_csp,NoVisuals,10,116,46,0.39655172413793105,0.34839476813317477
11,eeg_csp,NoVisuals,30,36,15,0.4166666666666667,0.3271604938271605
11,eeg_csp,NoVisuals,60,16,6,0.375,0.4375
11,eeg_eogreg_ts,FixedVideo,1,1192,531,0.44546979865771813,0.40748727534795726
11,eeg_eogreg_ts,FixedVideo,2,596,259,0.43456375838926176,0.3988333858835188
11,eeg_eogreg_ts,FixedVideo,5,236,101,0.4279661016949153,0.39600689457052574
11,eeg_eogreg_ts,FixedVideo,10,116,50,0.43103448275862066,0.3947681331747919
11,eeg_eogreg_ts,FixedVideo,30,36,12,0.3333333333333333,0.3827160493827161
11,eeg_eogreg_ts,FixedVideo,60,16,5,0.3125,0.34375
11,eeg_eogreg_ts,MovingTargetNoise,1,1192,495,0.4152684563758389,0.36234854285842977
11,eeg_eogreg_ts,MovingTargetNoise,2,596,235,0.39429530201342283,0.3579343272825548
11,eeg_eogreg_ts,MovingTargetNoise,5,236,95,0.4025423728813559,0.3269175524274634
11,eeg_eogreg_ts,MovingTargetNoise,10,116,45,0.3879310344827586,0.2699167657550535
11,eeg_eogreg_ts,MovingTargetNoise,30,36,10,0.2777777777777778,0.16666666666666669
11,eeg_eogreg_ts,MovingTargetNoise,60,16,5,0.3125,0.09375
11,eeg_eogreg_ts,MovingVideo,1,1192,550,0.46140939597315433,0.4494279536957795
11,eeg_eogreg_ts,MovingVideo,2,596,276,0.46308724832214765,0.463762893563353
11,eeg_eogreg_ts,MovingVideo,5,236,110,0.4661016949152542,0.4432634300488365
11,eeg_eogreg_ts,MovingVideo,10,116,55,0.47413793103448276,0.43876337693222356
11,eeg_eogreg_ts,MovingVideo,30,36,12,0.3333333333333333,0.3580246913580247
11,eeg_eogreg_ts,MovingVideo,60,16,6,0.375,0.28125
11,eeg_eogreg_ts,NoVisuals,1,1192,551,0.462248322147651,0.4437694248006846
11,eeg_eogreg_ts,NoVisuals,2,596,268,0.44966442953020136,0.4266699698211792
11,eeg_eogreg_ts,NoVisuals,5,236,97,0.4110169491525424,0.3974432634300489
11,eeg_eogreg_ts,NoVisuals,10,116,49,0.4224137931034483,0.36623067776456597
11,eeg_eogreg_ts,NoVisuals,30,36,14,0.3888888888888889,0.2592592592592593
11,eeg_eogreg_ts,NoVisuals,60,16,7,0.4375,0.1875
11,eeg_post_ts,FixedVideo,1,1192,562,0.4714765100671141,0.46473694878609073
11,eeg_post_ts,FixedVideo,2,596,284,0.47651006711409394,0.4652943561100851
11,eeg_post_ts,FixedVideo,5,236,113,0.4788135593220339,0.4626544096523987
11,eeg_post_ts,FixedVideo,10,116,51,0.4396551724137931,0.4530321046373365
11,eeg_post_ts,FixedVideo,30,36,14,0.3888888888888889,0.3395061728395062
11,eeg_post_ts,FixedVideo,60,16,6,0.375,0.34375
11,eeg_post_ts,MovingTargetNoise,1,1192,561,0.47063758389261745,0.47070514841673794
11,eeg_post_ts,MovingTargetNoise,2,596,279,0.46812080536912754,0.4568262690869781
11,eeg_post_ts,MovingTargetNoise,5,236,110,0.4661016949152542,0.447141625969549
11,eeg_post_ts,MovingTargetNoise,10,116,54,0.46551724137931033,0.4417360285374554
11,eeg_post_ts,MovingTargetNoise,30,36,18,0.5,0.43827160493827166
11,eeg_post_ts,MovingTargetNoise,60,16,6,0.375,0.40625
11,eeg_post_ts,MovingVideo,1,1192,602,0.5050335570469798,0.5219190577001036
11,eeg_post_ts,MovingVideo,2,596,311,0.5218120805369127,0.5335795684879059
11,eeg_post_ts,MovingVideo,5,236,137,0.5805084745762712,0.5772766446423441
11,eeg_post_ts,MovingVideo,10,116,66,0.5689655172413793,0.5760998810939357
11,eeg_post_ts,MovingVideo,30,36,23,0.6388888888888888,0.6296296296296297
11,eeg_post_ts,MovingVideo,60,16,10,0.625,0.625
11,eeg_post_ts,NoVisuals,1,1192,559,0.46895973154362414,0.4780809422998964
11,eeg_post_ts,NoVisuals,2,596,298,0.5,0.48515832620152244
11,eeg_post_ts,NoVisuals,5,236,125,0.5296610169491526,0.5285837403045102
11,eeg_post_ts,NoVisuals,10,116,62,0.5344827586206896,0.5077288941736028
11,eeg_post_ts,NoVisuals,30,36,16,0.4444444444444444,0.5185185185185186
11,eeg_post_ts,NoVisuals,60,16,8,0.5,0.5625
11,eeg_ts,FixedVideo,1,1192,484,0.40604026845637586,0.384352056213684
11,eeg_ts,FixedVideo,2,596,240,0.40268456375838924,0.36419530651772447
11,eeg_ts,FixedVideo,5,236,88,0.3728813559322034,0.347888537776501
11,eeg_ts,FixedVideo,10,116,43,0.3706896551724138,0.3174791914387634
11,eeg_ts,FixedVideo,30,36,11,0.3055555555555556,0.2160493827160494
11,eeg_ts,FixedVideo,60,16,3,0.1875,0.25
11,eeg_ts,MovingTargetNoise,1,1192,497,0.41694630872483224,0.39182356650601324
11,eeg_ts,MovingTargetNoise,2,596,244,0.40939597315436244,0.37054637178505473
11,eeg_ts,MovingTargetNoise,5,236,87,0.3686440677966102,0.3214593507612755
11,eeg_ts,MovingTargetNoise,10,116,45,0.3879310344827586,0.28894173602853745
11,eeg_ts,MovingTargetNoise,30,36,10,0.2777777777777778,0.14197530864197533
11,eeg_ts,MovingTargetNoise,60,16,4,0.25,0.09375
11,eeg_ts,MovingVideo,1,1192,587,0.4924496644295302,0.49561956668618534
11,eeg_ts,MovingVideo,2,596,291,0.48825503355704697,0.5065087158236116
11,eeg_ts,MovingVideo,5,236,128,0.5423728813559322,0.5145073254811836
11,eeg_ts,MovingVideo,10,116,62,0.5344827586206896,0.5285374554102259
11,eeg_ts,MovingVideo,30,36,16,0.4444444444444444,0.46913580246913583
11,eeg_ts,MovingVideo,60,16,5,0.3125,0.46875
11,eeg_ts,NoVisuals,1,1192,565,0.473993288590604,0.46280572947164544
11,eeg_ts,NoVisuals,2,596,288,0.48322147651006714,0.4509481554884915
11,eeg_ts,NoVisuals,5,236,120,0.5084745762711864,0.4923872450445274
11,eeg_ts,NoVisuals,10,116,55,0.47413793103448276,0.4696789536266349
11,eeg_ts,NoVisuals,30,36,18,0.5,0.3950617283950618
11,eeg_ts,NoVisuals,60,16,9,0.5625,0.53125
11,eog_ts,FixedVideo,1,1192,470,0.39429530201342283,0.360850862573758
11,eog_ts,FixedVideo,2,596,207,0.34731543624161076,0.2946263681816134
11,eog_ts,FixedVideo,5,236,72,0.3050847457627119,0.24159724217178968
11,eog_ts,FixedVideo,10,116,27,0.23275862068965517,0.1807372175980975
11,eog_ts,FixedVideo,30,36,5,0.1388888888888889,0.03703703703703704
11,eog_ts,FixedVideo,60,16,0,0.0,0.0
11,eog_ts,MovingTargetNoise,1,1192,609,0.5109060402684564,0.5163055718210892
11,eog_ts,MovingTargetNoise,2,596,303,0.5083892617449665,0.5129273456150624
11,eog_ts,MovingTargetNoise,5,236,118,0.5,0.5097673082447572
11,eog_ts,MovingTargetNoise,10,116,60,0.5172413793103449,0.5065398335315101
11,eog_ts,MovingTargetNoise,30,36,20,0.5555555555555556,0.4876543209876543
11,eog_ts,MovingTargetNoise,60,16,10,0.625,0.5625
11,eog_ts,MovingVideo,1,1192,510,0.4278523489932886,0.4212816990225665
11,eog_ts,MovingVideo,2,596,245,0.4110738255033557,0.3831584162875546
11,eog_ts,MovingVideo,5,236,94,0.3983050847457627,0.3702958919850618
11,eog_ts,MovingVideo,10,116,45,0.3879310344827586,0.3650416171224733
11,eog_ts,MovingVideo,30,36,14,0.3888888888888889,0.36419753086419754
11,eog_ts,MovingVideo,60,16,4,0.25,0.25
11,eog_ts,NoVisuals,1,1192,492,0.412751677852349,0.39292149002297194
11,eog_ts,NoVisuals,2,596,232,0.38926174496644295,0.3763794423674609
11,eog_ts,NoVisuals,5,236,84,0.3559322033898305,0.3598103993105429
11,eog_ts,NoVisuals,10,116,42,0.3620689655172414,0.3442330558858502
11,eog_ts,NoVisuals,30,36,13,0.3611111111111111,0.2654320987654321
11,eog_ts,NoVisuals,60,16,4,0.25,0.1875
11,gazectrl_csp,FixedVideo,1,1192,507,0.42533557046979864,0.41058398270348184
11,gazectrl_csp,FixedVideo,2,596,248,0.4161073825503356,0.39167154632674206
11,gazectrl_csp,FixedVideo,5,236,97,0.4110169491525424,0.3605285837403045
11,gazectrl_csp,FixedVideo,10,116,46,0.39655172413793105,0.31866825208085614
11,gazectrl_csp,FixedVideo,30,36,12,0.3333333333333333,0.2345679012345679
11,gazectrl_csp,FixedVideo,60,16,6,0.375,0.1875
11,gazectrl_csp,MovingTargetNoise,1,1192,564,0.47315436241610737,0.46627967208684296
11,gazectrl_csp,MovingTargetNoise,2,596,289,0.4848993288590604,0.4630647268141075
11,gazectrl_csp,MovingTargetNoise,5,236,110,0.4661016949152542,0.4498707268026429
11,gazectrl_csp,MovingTargetNoise,10,116,52,0.4482758620689655,0.41914387633769323
11,gazectrl_csp,MovingTargetNoise,30,36,18,0.5,0.4074074074074074
11,gazectrl_csp,MovingTargetNoise,60,16,7,0.4375,0.375
11,gazectrl_csp,MovingVideo,1,1192,587,0.4924496644295302,0.4897076708256385
11,gazectrl_csp,MovingVideo,2,596,297,0.4983221476510067,0.4796630782397189
11,gazectrl_csp,MovingVideo,5,236,113,0.4788135593220339,0.4849181269750072
11,gazectrl_csp,MovingVideo,10,116,58,0.5,0.4774078478002378
11,gazectrl_csp,MovingVideo,30,36,20,0.5555555555555556,0.4691358024691358
11,gazectrl_csp,MovingVideo,60,16,7,0.4375,0.4375
11,gazectrl_csp,NoVisuals,1,1192,576,0.48322147651006714,0.486233728210441
11,gazectrl_csp,NoVisuals,2,596,303,0.5083892617449665,0.48666726724021436
11,gazectrl_csp,NoVisuals,5,236,115,0.4872881355932203,0.48951450732548113
11,gazectrl_csp,NoVisuals,10,116,57,0.49137931034482757,0.5
11,gazectrl_csp,NoVisuals,30,36,20,0.5555555555555556,0.5679012345679013
11,gazectrl_csp,NoVisuals,60,16,8,0.5,0.5
11,gazectrl_ts,FixedVideo,1,1192,559,0.46895973154362414,0.4775460564839422
11,gazectrl_ts,FixedVideo,2,596,298,0.5,0.49400927886131263
11,gazectrl_ts,FixedVideo,5,236,110,0.4661016949152542,0.4392415972421718
11,gazectrl_ts,FixedVideo,10,116,50,0.43103448275862066,0.41498216409036864
11,gazectrl_ts,FixedVideo,30,36,15,0.4166666666666667,0.32098765432098764
11,gazectrl_ts,FixedVideo,60,16,7,0.4375,0.3125
11,gazectrl_ts,MovingTargetNoise,1,1192,586,0.49161073825503354,0.4813803432277825
11,gazectrl_ts,MovingTargetNoise,2,596,299,0.5016778523489933,0.48306382595378583
11,gazectrl_ts,MovingTargetNoise,5,236,113,0.4788135593220339,0.4518816432059753
11,gazectrl_ts,MovingTargetNoise,10,116,57,0.49137931034482757,0.43222354340071345
11,gazectrl_ts,MovingTargetNoise,30,36,15,0.4166666666666667,0.33333333333333337
11,gazectrl_ts,MovingTargetNoise,60,16,4,0.25,0.28125
11,gazectrl_ts,MovingVideo,1,1192,572,0.4798657718120805,0.4754684473672357
11,gazectrl_ts,MovingVideo,2,596,279,0.46812080536912754,0.49376154227287056
11,gazectrl_ts,MovingVideo,5,236,117,0.4957627118644068,0.511490950876185
11,gazectrl_ts,MovingVideo,10,116,56,0.4827586206896552,0.5101070154577884
11,gazectrl_ts,MovingVideo,30,36,15,0.4166666666666667,0.4876543209876544
11,gazectrl_ts,MovingVideo,60,16,7,0.4375,0.5
11,gazectrl_ts,NoVisuals,1,1192,577,0.48406040268456374,0.4797813161569298
11,gazectrl_ts,NoVisuals,2,596,286,0.4798657718120805,0.47396513670555385
11,gazectrl_ts,NoVisuals,5,236,110,0.4661016949152542,0.46294168342430336
11,gazectrl_ts,NoVisuals,10,116,51,0.4396551724137931,0.4357907253269917
11,gazectrl_ts,NoVisuals,30,36,17,0.4722222222222222,0.3950617283950617
11,gazectrl_ts,NoVisuals,60,16,7,0.4375,0.3125
12,eeg_alpha_ts,FixedVideo,1,1192,557,0.4672818791946309,0.4590052249898653
12,eeg_alpha_ts,FixedVideo,2,596,281,0.4714765100671141,0.44561055808296923
12,eeg_alpha_ts,FixedVideo,5,236,100,0.423728813559322,0.4029014650962367
12,eeg_alpha_ts,FixedVideo,10,116,51,0.4396551724137931,0.38109393579072537
12,eeg_alpha_ts,FixedVideo,30,36,13,0.3611111111111111,0.3148148148148148
12,eeg_alpha_ts,FixedVideo,60,16,3,0.1875,0.25
12,eeg_alpha_ts,MovingTargetNoise,1,1192,579,0.48573825503355705,0.46286766361875586
12,eeg_alpha_ts,MovingTargetNoise,2,596,278,0.4664429530201342,0.4609477050583307
12,eeg_alpha_ts,MovingTargetNoise,5,236,111,0.4703389830508475,0.42099971272622816
12,eeg_alpha_ts,MovingTargetNoise,10,116,54,0.46551724137931033,0.39001189060642094
12,eeg_alpha_ts,MovingTargetNoise,30,36,13,0.3611111111111111,0.3580246913580247
12,eeg_alpha_ts,MovingTargetNoise,60,16,7,0.4375,0.1875
12,eeg_alpha_ts,MovingVideo,1,1192,565,0.473993288590604,0.4579748659970272
12,eeg_alpha_ts,MovingVideo,2,596,278,0.4664429530201342,0.4395072294040809
12,eeg_alpha_ts,MovingVideo,5,236,110,0.4661016949152542,0.4418270611893134
12,eeg_alpha_ts,MovingVideo,10,116,51,0.4396551724137931,0.4215219976218787
12,eeg_alpha_ts,MovingVideo,30,36,15,0.4166666666666667,0.29012345679012347
12,eeg_alpha_ts,MovingVideo,60,16,3,0.1875,0.25
12,eeg_alpha_ts,NoVisuals,1,1192,619,0.5192953020134228,0.5229156344308814
12,eeg_alpha_ts,NoVisuals,2,596,311,0.5218120805369127,0.5268231160758524
12,eeg_alpha_ts,NoVisuals,5,236,112,0.4745762711864407,0.49583453030738295
12,eeg_alpha_ts,NoVisuals,10,116,57,0.49137931034482757,0.4732461355529132
12,eeg_alpha_ts,NoVisuals,30,36,17,0.4722222222222222,0.47530864197530864
12,eeg_alpha_ts,NoVisuals,60,16,7,0.4375,0.40625
12,eeg_csp,FixedVideo,1,1192,581,0.4874161073825503,0.562998288365389
12,eeg_csp,FixedVideo,2,596,308,0.5167785234899329,0.5773839016260528
12,eeg_csp,FixedVideo,5,236,133,0.5635593220338984,0.6559896581442115
12,eeg_csp,FixedVideo,10,116,67,0.5775862068965517,0.6807372175980975
12,eeg_csp,FixedVideo,30,36,21,0.5833333333333334,0.7345679012345679
12,eeg_csp,FixedVideo,60,16,10,0.625,0.84375
12,eeg_csp,MovingTargetNoise,1,1192,662,0.5553691275167785,0.44896063240394574
12,eeg_csp,MovingTargetNoise,2,596,272,0.4563758389261745,0.38831584162875543
12,eeg_csp,MovingTargetNoise,5,236,80,0.3389830508474576,0.3096811261131858
12,eeg_csp,MovingTargetNoise,10,116,42,0.3620689655172414,0.28359096313912013
12,eeg_csp,MovingTargetNoise,30,36,14,0.3888888888888889,0.2777777777777778
12,eeg_csp,MovingTargetNoise,60,16,5,0.3125,0.25
12,eeg_csp,MovingVideo,1,1192,422,0.3540268456375839,0.05608418539705419
12,eeg_csp,MovingVideo,2,596,219,0.3674496644295302,0.04875906490698617
12,eeg_csp,MovingVideo,5,236,87,0.3686440677966102,0.04452743464521689
12,eeg_csp,MovingVideo,10,116,42,0.3620689655172414,0.037455410225921526
12,eeg_csp,MovingVideo,30,36,13,0.3611111111111111,0.0
12,eeg_csp,MovingVideo,60,16,5,0.3125,0.0
12,eeg_csp,NoVisuals,1,1192,583,0.4890939597315436,0.4285674068735642
12,eeg_csp,NoVisuals,2,596,251,0.4211409395973154,0.3642403495338048
12,eeg_csp,NoVisuals,5,236,83,0.3516949152542373,0.2589773053720195
12,eeg_csp,NoVisuals,10,116,39,0.33620689655172414,0.2431629013079667
12,eeg_csp,NoVisuals,30,36,12,0.3333333333333333,0.20987654320987656
12,eeg_csp,NoVisuals,60,16,6,0.375,0.1875
12,eeg_eogreg_ts,FixedVideo,1,1192,560,0.4697986577181208,0.421974235394802
12,eeg_eogreg_ts,FixedVideo,2,596,249,0.41778523489932884,0.3907031214810144
12,eeg_eogreg_ts,FixedVideo,5,236,95,0.4025423728813559,0.36383223211720767
12,eeg_eogreg_ts,FixedVideo,10,116,42,0.3620689655172414,0.30023781212841855
12,eeg_eogreg_ts,FixedVideo,30,36,12,0.3333333333333333,0.2222222222222222
12,eeg_eogreg_ts,FixedVideo,60,16,4,0.25,0.03125
12,eeg_eogreg_ts,MovingTargetNoise,1,1192,546,0.45805369127516776,0.4019582451240935
12,eeg_eogreg_ts,MovingTargetNoise,2,596,265,0.4446308724832215,0.3927525787126706
12,eeg_eogreg_ts,MovingTargetNoise,5,236,96,0.4067796610169492,0.3491812697500718
12,eeg_eogreg_ts,MovingTargetNoise,10,116,49,0.4224137931034483,0.3103448275862069
12,eeg_eogreg_ts,MovingTargetNoise,30,36,17,0.4722222222222222,0.2160493827160494
12,eeg_eogreg_ts,MovingTargetNoise,60,16,7,0.4375,0.15625
12,eeg_eogreg_ts,MovingVideo,1,1192,360,0.30201342281879195,0.21483829557227152
12,eeg_eogreg_ts,MovingVideo,2,596,164,0.2751677852348993,0.2002162064771857
12,eeg_eogreg_ts,MovingVideo,5,236,59,0.25,0.18112611318586613
12,eeg_eogreg_ts,MovingVideo,10,116,21,0.1810344827586207,0.11355529131985731
12,eeg_eogreg_ts,MovingVideo,30,36,3,0.08333333333333333,0.018518518518518517
12,eeg_eogreg_ts,MovingVideo,60,16,1,0.0625,0.0
12,eeg_eogreg_ts,NoVisuals,1,1192,508,0.4261744966442953,0.4170082428719427
12,eeg_eogreg_ts,NoVisuals,2,596,242,0.40604026845637586,0.3963785415071393
12,eeg_eogreg_ts,NoVisuals,5,236,96,0.4067796610169492,0.3605285837403045
12,eeg_eogreg_ts,NoVisuals,10,116,47,0.4051724137931034,0.31153388822829964
12,eeg_eogreg_ts,NoVisuals,30,36,11,0.3055555555555556,0.24691358024691357
12,eeg_eogreg_ts,NoVisuals,60,16,5,0.3125,0.21875
12,eeg_post_ts,FixedVideo,1,1192,500,0.41946308724832215,0.3871785054727264
12,eeg_post_ts,FixedVideo,2,596,248,0.4161073825503356,0.3773478672131886
12,eeg_post_ts,FixedVideo,5,236,104,0.4406779661016949,0.35435219764435505
12,eeg_post_ts,FixedVideo,10,116,38,0.3275862068965517,0.32342449464922707
12,eeg_post_ts,FixedVideo,30,36,8,0.2222222222222222,0.19753086419753085
12,eeg_post_ts,FixedVideo,60,16,4,0.25,0.15625
12,eeg_post_ts,MovingTargetNoise,1,1192,458,0.38422818791946306,0.2921996756902842
12,eeg_post_ts,MovingTargetNoise,2,596,220,0.3691275167785235,0.27613621008062694
12,eeg_post_ts,MovingTargetNoise,5,236,77,0.326271186440678,0.27650100545820167
12,eeg_post_ts,MovingTargetNoise,10,116,37,0.31896551724137934,0.20214030915576697
12,eeg_post_ts,MovingTargetNoise,30,36,13,0.3611111111111111,0.07407407407407407
12,eeg_post_ts,MovingTargetNoise,60,16,6,0.375,0.03125
12,eeg_post_ts,MovingVideo,1,1192,289,0.2424496644295302,0.16323025989820278
12,eeg_post_ts,MovingVideo,2,596,154,0.25838926174496646,0.19483356605558308
12,eeg_post_ts,MovingVideo,5,236,67,0.2838983050847458,0.23326630278655555
12,eeg_post_ts,MovingVideo,10,116,28,0.2413793103448276,0.18192627824019028
12,eeg_post_ts,MovingVideo,30,36,7,0.19444444444444445,0.1234567901234568
12,eeg_post_ts,MovingVideo,60,16,3,0.1875,0.0625
12,eeg_post_ts,NoVisuals,1,1192,583,0.4890939597315436,0.4929732894914644
12,eeg_post_ts,NoVisuals,2,596,296,0.4966442953020134,0.480676546101527
12,eeg_post_ts,NoVisuals,5,236,117,0.4957627118644068,0.49727089916690603
12,eeg_post_ts,NoVisuals,10,116,59,0.5086206896551724,0.4958382877526754
12,eeg_post_ts,NoVisuals,30,36,18,0.5,0.5061728395061729
12,eeg_post_ts,NoVisuals,60,16,8,0.5,0.34375
12,eeg_ts,FixedVideo,1,1192,538,0.4513422818791946,0.42724426827620376
12,eeg_ts,FixedVideo,2,596,261,0.43791946308724833,0.400882843115175
12,eeg_ts,FixedVideo,5,236,102,0.4322033898305085,0.4039069232979029
12,eeg_ts,FixedVideo,10,116,49,0.4224137931034483,0.35850178359096313
12,eeg_ts,FixedVideo,30,36,14,0.3888888888888889,0.2839506172839506
12,eeg_ts,FixedVideo,60,16,5,0.3125,0.25
12,eeg_ts,MovingTargetNoise,1,1192,553,0.4639261744966443,0.4025043916940678
12,eeg_ts,MovingTargetNoise,2,596,275,0.46140939597315433,0.37712265213278684
12,eeg_ts,MovingTargetNoise,5,236,99,0.4194915254237288,0.3407066934788854
12,eeg_ts,MovingTargetNoise,10,116,48,0.41379310344827586,0.28418549346016647
12,eeg_ts,MovingTargetNoise,30,36,16,0.4444444444444444,0.19753086419753088
12,eeg_ts,MovingTargetNoise,60,16,7,0.4375,0.09375
12,eeg_ts,MovingVideo,1,1192,355,0.2978187919463087,0.22490540966623127
12,eeg_ts,MovingVideo,2,596,174,0.29194630872483224,0.21226521327868114
12,eeg_ts,MovingVideo,5,236,63,0.2669491525423729,0.2082734846308532
12,eeg_ts,MovingVideo,10,116,24,0.20689655172413793,0.14387633769322233
12,eeg_ts,MovingVideo,30,36,4,0.1111111111111111,0.037037037037037035
12,eeg_ts,MovingVideo,60,16,1,0.0625,0.03125
12,eeg_ts,NoVisuals,1,1192,553,0.4639261744966443,0.4523501193639926
12,eeg_ts,NoVisuals,2,596,271,0.4546979865771812,0.4501148596910049
12,eeg_ts,NoVisuals,5,236,103,0.4364406779661017,0.42430336110313127
12,eeg_ts,NoVisuals,10,116,49,0.4224137931034483,0.40368608799048755
12,eeg_ts,NoVisuals,30,36,16,0.4444444444444444,0.37037037037037035
12,eeg_ts,NoVisuals,60,16,6,0.375,0.375
12,eog_ts,FixedVideo,1,1192,455,0.38171140939597314,0.3336279897301923
12,eog_ts,FixedVideo,2,596,244,0.40939597315436244,0.383203459303635
12,eog_ts,FixedVideo,5,236,115,0.4872881355932203,0.4893708704395288
12,eog_ts,FixedVideo,10,116,58,0.5,0.5178359096313911
12,eog_ts,FixedVideo,30,36,17,0.4722222222222222,0.49382716049382713
12,eog_ts,FixedVideo,60,16,6,0.375,0.40625
12,eog_ts,MovingTargetNoise,1,1192,571,0.4790268456375839,0.462496058736093
12,eog_ts,MovingTargetNoise,2,596,301,0.5050335570469798,0.5017341561190938
12,eog_ts,MovingTargetNoise,5,236,123,0.5211864406779662,0.533611031312841
12,eog_ts,MovingTargetNoise,10,116,62,0.5344827586206896,0.539833531510107
12,eog_ts,MovingTargetNoise,30,36,20,0.5555555555555556,0.5679012345679013
12,eog_ts,MovingTargetNoise,60,16,9,0.5625,0.625
12,eog_ts,MovingVideo,1,1192,389,0.3263422818791946,0.25295594793027343
12,eog_ts,MovingVideo,2,596,210,0.3523489932885906,0.2788387910454484
12,eog_ts,MovingVideo,5,236,93,0.3940677966101695,0.3004883654122379
12,eog_ts,MovingVideo,10,116,34,0.29310344827586204,0.24910820451843046
12,eog_ts,MovingVideo,30,36,13,0.3611111111111111,0.21604938271604937
12,eog_ts,MovingVideo,60,16,4,0.25,0.09375
12,eog_ts,NoVisuals,1,1192,515,0.4320469798657718,0.40688482500788253
12,eog_ts,NoVisuals,2,596,275,0.46140939597315433,0.44052069726588894
12,eog_ts,NoVisuals,5,236,113,0.4788135593220339,0.47041080149382364
12,eog_ts,NoVisuals,10,116,58,0.5,0.4571938168846611
12,eog_ts,NoVisuals,30,36,20,0.5555555555555556,0.3641975308641975
12,eog_ts,NoVisuals,60,16,7,0.4375,0.3125
12,gazectrl_csp,FixedVideo,1,1192,534,0.44798657718120805,0.4439721183730463
12,gazectrl_csp,FixedVideo,2,596,261,0.43791946308724833,0.42054411963425076
12,gazectrl_csp,FixedVideo,5,236,108,0.4576271186440678,0.4205688020683711
12,gazectrl_csp,FixedVideo,10,116,50,0.43103448275862066,0.3923900118906065
12,gazectrl_csp,FixedVideo,30,36,13,0.3611111111111111,0.3641975308641975
12,gazectrl_csp,FixedVideo,60,16,4,0.25,0.28125
12,gazectrl_csp,MovingTargetNoise,1,1192,639,0.5360738255033557,0.5478469438313589
12,gazectrl_csp,MovingTargetNoise,2,596,319,0.535234899328859,0.5718210891401289
12,gazectrl_csp,MovingTargetNoise,5,236,135,0.5720338983050848,0.6409077851192186
12,gazectrl_csp,MovingTargetNoise,10,116,69,0.5948275862068966,0.702140309155767
12,gazectrl_csp,MovingTargetNoise,30,36,24,0.6666666666666666,0.7839506172839505
12,gazectrl_csp,MovingTargetNoise,60,16,8,0.5,0.90625
12,gazectrl_csp,MovingVideo,1,1192,623,0.5226510067114094,0.539024143056619
12,gazectrl_csp,MovingVideo,2,596,307,0.5151006711409396,0.534615557857754
12,gazectrl_csp,MovingVideo,5,236,123,0.5211864406779662,0.534903763286412
12,gazectrl_csp,MovingVideo,10,116,55,0.47413793103448276,0.539833531510107
12,gazectrl_csp,MovingVideo,30,36,17,0.4722222222222222,0.5679012345679012
12,gazectrl_csp,MovingVideo,60,16,7,0.4375,0.625
12,gazectrl_csp,NoVisuals,1,1192,616,0.5167785234899329,0.5382696725372731
12,gazectrl_csp,NoVisuals,2,596,301,0.5050335570469798,0.5587811359848656
12,gazectrl_csp,NoVisuals,5,236,119,0.5042372881355932,0.5594656707842574
12,gazectrl_csp,NoVisuals,10,116,59,0.5086206896551724,0.5784780023781213
12,gazectrl_csp,NoVisuals,30,36,19,0.5277777777777778,0.654320987654321
12,gazectrl_csp,NoVisuals,60,16,9,0.5625,0.625
12,gazectrl_ts,FixedVideo,1,1192,573,0.48070469798657717,0.48572699427953697
12,gazectrl_ts,FixedVideo,2,596,276,0.46308724832214765,0.4522994459709022
12,gazectrl_ts,FixedVideo,5,236,108,0.4576271186440678,0.4217178971559897
12,gazectrl_ts,FixedVideo,10,116,44,0.3793103448275862,0.37514863258026154
12,gazectrl_ts,FixedVideo,30,36,14,0.3888888888888889,0.29629629629629634
12,gazectrl_ts,FixedVideo,60,16,4,0.25,0.0625
12,gazectrl_ts,MovingTargetNoise,1,1192,614,0.5151006711409396,0.5337372190441871
12,gazectrl_ts,MovingTargetNoise,2,596,293,0.49161073825503354,0.5316652403044908
12,gazectrl_ts,MovingTargetNoise,5,236,116,0.4915254237288136,0.5307382935937949
12,gazectrl_ts,MovingTargetNoise,10,116,61,0.5258620689655172,0.5374554102259216
12,gazectrl_ts,MovingTargetNoise,30,36,17,0.4722222222222222,0.5555555555555556
12,gazectrl_ts,MovingTargetNoise,60,16,8,0.5,0.65625
12,gazectrl_ts,MovingVideo,1,1192,627,0.5260067114093959,0.5334500698166749
12,gazectrl_ts,MovingVideo,2,596,310,0.5201342281879194,0.5417323543984505
12,gazectrl_ts,MovingVideo,5,236,125,0.5296610169491526,0.5531456478023556
12,gazectrl_ts,MovingVideo,10,116,58,0.5,0.5921521997621879
12,gazectrl_ts,MovingVideo,30,36,23,0.6388888888888888,0.6790123456790124
12,gazectrl_ts,MovingVideo,60,16,11,0.6875,0.6875
12,gazectrl_ts,NoVisuals,1,1192,629,0.5276845637583892,0.5383090851763433
12,gazectrl_ts,NoVisuals,2,596,323,0.5419463087248322,0.5548173505697941
12,gazectrl_ts,NoVisuals,5,236,120,0.5084745762711864,0.5486929043378339
12,gazectrl_ts,NoVisuals,10,116,61,0.5258620689655172,0.5594530321046374
12,gazectrl_ts,NoVisuals,30,36,19,0.5277777777777778,0.5493827160493827
12,gazectrl_ts,NoVisuals,60,16,7,0.4375,0.65625
